insert into model (modelname, manufacturer, numberofpassengers) 
    values 
        ('WV-478-g', 'ABC Motors', 292),
        ('FY-178-m', 'Aerostar', 251),
        ('HN-784-i', 'Boeing', 256),
        ('TF-751-t', 'Aerostar', 204),
        ('KT-785-s', 'Boeing', 114),
        ('UN-156-s', 'Boeing', 239),
        ('UL-456-a', 'ABC Motors', 131),
        ('IQ-782-n', 'Aerostar', 187),
        ('OV-587-z', 'ABC Motors', 114),
        ('PS-163-u', 'Canadair', 238),
        ('AI-745-l', 'Canadair', 117),

        ('FB-382-z', 'Canadair', 278),
        ('JK-959-y', 'ABC Motors', 134),
        ('KG-787-u', 'ABC Motors', 256),
        ('XW-151-t', 'ABC Motors', 159),
        ('BN-653-j', 'Messerschmitt-Bölkow-Blohm', 273),
        ('BN-757-o', 'Boeing', 274),
        ('HC-454-a', 'Messerschmitt-Bölkow-Blohm', 190),
        ('DW-656-z', 'Messerschmitt-Bölkow-Blohm', 94),
        ('UH-121-o', 'Boeing', 120);

INSERT INTO Airline ("NAME", HQLocation, Logo)
VALUES
('Alaska Airlines', ' SeaTac, Washington, United States', ' https://en.wikipedia.org/wiki/File:Alaska_Airlines_logo.svg'),
('Allegiant Air', ' Summerlin, Nevada, United States', ' https://en.wikipedia.org/wiki/File:Allegiant_Air_Logo.svg'),
('American Airlines', ' Fort Worth, Texas, United States', ' https://en.wikipedia.org/wiki/File:American_Airlines_logo_2013.svg'),
('Delta Air Lines', ' Atlanta, Georgia, United States', ' https://en.wikipedia.org/wiki/File:Delta_logo.svg'),
('Frontier Airlines', ' Denver, Colorado, United States', ' https://en.wikipedia.org/wiki/File:Frontier_Airlines_logo.svg'),
('Hawaiian Airlines', ' Honolulu, Hawaii, United States', ' https://en.wikipedia.org/wiki/File:Hawaiian_Airlines_logo_2017.svg'),
('JetBlue', ' Long Island City, New York, United States', ' https://en.wikipedia.org/wiki/File:JetBlue_Airways_Logo.svg'),
('Southwest Airlines', ' Dallas, Texas, United States', ' https://en.wikipedia.org/wiki/File:Southwest_Airlines_logo_2014.svg'),
('Spirit Airlines', ' Miramar, Florida, United States', ' https://en.wikipedia.org/wiki/File:Spirit_Airlines_logo.svg'),
('United Airlines', ' Chicago, Illinois, United States', ' https://en.wikipedia.org/wiki/File:United_Airlines_Logo.svg');

insert into AIRPLANE("TAILNUMBER","AIRLINENAME","MODELNAME","MANUFACTURER","NICKNAME")
    VALUES
('37-XPD', 'Alaska Airlines', 'WV-478-g', 'ABC Motors', 'Aardvark'),
('31-MVH', 'Allegiant Air', 'WV-478-g', 'ABC Motors', 'Chad'),
('48-NEH', 'American Airlines', 'WV-478-g', 'ABC Motors', 'Hurricane'),
('46-DBP', 'Delta Air Lines', 'HN-784-i', 'Boeing', 'BigBoi'),
('08-VWL', 'Frontier Airlines', 'HN-784-i', 'Boeing', 'Swifty'),
('27-NWE', 'Hawaiian Airlines', 'BN-653-j', 'Messerschmitt-Bölkow-Blohm', 'Frostee'),
('14-DXH', 'JetBlue', 'BN-653-j', 'Messerschmitt-Bölkow-Blohm', 'Blizzard'),
('71-KWB', 'Southwest Airlines', 'BN-653-j', 'Messerschmitt-Bölkow-Blohm', 'Mimi'),
('94-BDG', 'Spirit Airlines', 'XW-151-t', 'ABC Motors', 'DBrownBird'),
('45-CSH', 'United Airlines', 'XW-151-t', 'ABC Motors', 'Aardvark'),
('03-AMU', 'Alaska Airlines', 'XW-151-t', 'ABC Motors', 'Chad'),
('64-JVS', 'Allegiant Air', 'FB-382-z', 'Canadair', 'Hurricane'),
('73-OKV', 'American Airlines', 'FB-382-z', 'Canadair', 'BigBoi'),
('35-CFH', 'Delta Air Lines', 'FB-382-z', 'Canadair', 'Swifty'),
('29-QUG', 'Frontier Airlines', 'KG-787-u', 'ABC Motors', 'Frostee'),
('65-VXY', 'Hawaiian Airlines', 'IQ-782-n', 'Aerostar', 'Blizzard'),
('09-WVY', 'JetBlue', 'UL-456-a', 'ABC Motors', 'Mimi'),
('85-MLW', 'Southwest Airlines', 'UL-456-a', 'ABC Motors', 'DBrownBird'),
('15-TAU', 'Spirit Airlines', 'AI-745-l', 'Canadair', 'Aardvark'),
('50-ZPC', 'United Airlines', 'AI-745-l', 'Canadair', 'Chad'),
('04-AQF', 'Alaska Airlines', 'AI-745-l', 'Canadair', 'Hurricane'),
('81-WFI', 'Allegiant Air', 'AI-745-l', 'Canadair', 'BigBoi'),
('95-XUO', 'American Airlines', 'BN-757-o', 'Boeing', 'Swifty'),
('47-JZD', 'Delta Air Lines', 'BN-757-o', 'Boeing', 'DBrownBird'),
('24-YMW', 'Frontier Airlines', 'BN-757-o', 'Boeing', 'Blizzard');

INSERT INTO AirportAbbreviation (ABBV)
VALUES
('ATL'), ('LAX'), ('ORD'), ('DFW'), ('DEN'), ('JFK'), ('SFO'), ('SEA'), 
('LAS'), ('MCO'), ('EWR'), ('CLT'), ('PHX'), ('IAH'), ('MIA'), ('BOS'), 
('MSP'), ('FLL'), ('DTW'), ('PHL'), ('LGA'), ('BWI'), ('SLC'), ('SAN'), 
('IAD'), ('DCA'), ('MDW'), ('TPA'), ('PDX'), ('HNL'), ('PEK/ZBAA'), 
('DXB/OMDB'), ('HND/RJTT'), ('LHR/EGLL'), ('PVG/ZSPD'), ('CDG/LFPG'), 
('CAN/ZGGG'), ('AMS/EHAM'), ('HKG/VHHH'), ('ICN/RKSI'), ('FRA/EDDF'), 
('DEL/VIDP'), ('SIN/WSSS'), ('BKK/VTBS'), ('KUL/WMKK'), ('MAD/LEMD'), 
('CTU/ZUUU'), ('CGK/WIII'), ('SZX/ZGSZ'), ('BCN/LEBL'), ('IST/LTBA');

INSERT INTO airport (airportName, airportAbbv, airportLocation, radioOperator)
VALUES
('Hartsfield Jackson Atlanta International Airport', 'ATL', 'Atlanta, GA, United States', 'Sarah Lum'),
('Los Angeles International Airport', 'LAX', 'Los Angeles, CA, United States', 'Brent Nishioka'),
('O Hare International Airport', 'ORD', 'Chicago, IL, United States', 'Varun Krishna Pappusetti'),
('Dallas Fort Worth International Airport', 'DFW', 'Dallas, TX, United States', 'Mimi Opkins'),
('Denver International Airport', 'DEN', 'Denver, CO, United States', 'Daniel Tripp'),
('John F Kennedy International Airport', 'JFK', 'New York, NY, United States', 'David Brown'),
('San Francisco International Airport', 'SFO', 'San Francisco, CA, United States', 'Steven Ray'),
('Seattle Tacoma International Airport', 'SEA', 'Seattle, WA, United States', 'Cecil Cohen'),
('McCarran International Airport', 'LAS', 'Las Vegas, NV, United States', 'Manuel Haynes'),
('Orlando International Airport', 'MCO', 'Orlando, FL, United States', 'Lydia Perkins'),
('Newark Liberty International Airport', 'EWR', 'New York, NJ, United States', 'Aaron Jefferson'),
('Charlotte Douglas International Airport', 'CLT', 'Charlotte, NC, United States', 'Sonja Aguilar'),
('Phoenix Sky Harbor International Airport', 'PHX', 'Phoenix, AZ, United States', 'Enrique Blair'),
('George Bush Intercontinental Airport', 'IAH', 'Houston, TX, United States', 'Billie Frank'),
('Miami International Airport', 'MIA', 'Miami, FL, United States', 'Opal Jordan'),
('General Edward Lawrence Logan International Airport', 'BOS', 'Boston, MA, United States', 'Rene Sherman'),
('Minneapolis Saint Paul International Airport', 'MSP', 'Minneapolis, MN, United States', 'Lester Anderson'),
('Fort Lauderdale Hollywood International Airport', 'FLL', 'Fort Lauderdale, FL, United States', 'Samantha Roy'),
('Detroit Metropolitan Airport', 'DTW', 'Detroit, MI, United States', 'Dianne Wong'),
('Philadelphia International Airport', 'PHL', 'Philadelphia, PA, United States', 'Tiffany Perkins'),
('LaGuardia Airport', 'LGA', 'New York, NY, United States', 'Joanne Davis'),
('Baltimore Washington International Airport', 'BWI', 'Baltimore, MD, United States', 'Sara Nash'),
('Salt Lake City International Airport', 'SLC', 'Salt Lake City, UT, United States', 'Ramon Williams'),
('San Diego International Airport', 'SAN', 'San Diego, CA, United States', 'Cecil Cohen'),
('Washington Dulles International Airport', 'IAD', 'Washington, D.C., VA, United States', 'Alyssa Steele'),
('Ronald Reagan Washington National Airport', 'DCA', 'Washington, D.C., VA, United States', 'Joanne Dunn'),
('Chicago Midway International Airport', 'MDW', 'Chicago, IL, United States', 'Rudy Bradley'),
('Tampa International Airport', 'TPA', 'Tampa, FL, United States', 'Lydia Perkins'),
('Portland International Airport', 'PDX', 'Portland, OR, United States', 'Sarah Lum'),
('Daniel K Inouye International Airport', 'HNL', 'Honolulu, HI, United States', 'Brent Nishioka'),
('China Beijing Capital International Airport', 'PEK/ZBAA', 'Chaoyang-Shunyi, Beijing, China', 'Varun Krishna Pappusetti'),
('United Arab Emirates Dubai International Airport', 'DXB/OMDB', 'Garhoud, Dubai, United Arab Emirates', 'Frank Cohen'),
('Japan Tokyo Haneda Airport', 'HND/RJTT', 'Ota, Tokyo, Japan', 'Pedro Walker'),
('United Kingdom London Heathrow Airport', 'LHR/EGLL', 'Hillingdon, London, United Kingdom', 'Lamar Harrison'),
('China Shanghai Pudong International Airport', 'PVG/ZSPD', 'Pudong, Shanghai, China', 'Lula Richards'),
('France Charles de Gaulle Airport', 'CDG/LFPG', 'Roissy en France, Ile de France, France', 'Charlene Barrett'),
('China Guangzhou Baiyun International Airport', 'CAN/ZGGG', 'Baiyun Huadu, Guangzhou, Guangdong, China', 'Christie Casey'),
('Netherlands Amsterdam Airport Schiphol', 'AMS/EHAM', 'Haarlemmermeer, North Holland, Netherlands', 'Nora Fletcher'),
('Hong Kong Hong Kong International Airport', 'HKG/VHHH', 'Chek Lap Kok, Islands, New Territories, Hong Kong SAR, China', 'Jo Carroll'),
('South Korea Seoul Incheon International Airport', 'ICN/RKSI', 'Incheon, South Korea', 'Rafael Mcgee'),
('Germany Frankfurt Airport', 'FRA/EDDF', 'Frankfurt, Hesse, Germany', 'Darren Morales'),
('India Indira Gandhi International Airport', 'DEL/VIDP', 'Delhi, India', 'Lisa Lawrence'),
('Singapore Singapore Changi Airport', 'SIN/WSSS', 'Changi, East Region, Singapore', 'Ross Lamb'),
('Thailand Suvarnabhumi Airport', 'BKK/VTBS', 'Bang Phli, Samut Prakan, Thailand', 'Gilberto Mcgee'),
('Malaysia Kuala Lumpur International Airport', 'KUL/WMKK', 'Sepang, Selangor, Malaysia', 'Claudia Washington'),
('Spain Madrid Barajas Airport', 'MAD/LEMD', 'Barajas, Madrid, Spain', 'Justin Alvarado'),
('China Chengdu Shuangliu International Airport', 'CTU/ZUUU', 'Shuangliu Wuhou, Chengdu, Sichuan, China', 'Suzanne Mann'),
('Indonesia Soekarno Hatta International Airport', 'CGK/WIII', 'Tangerang, Banten, Indonesia', 'Joanna Horton'),
('China Shenzhen Bao an International Airport', 'SZX/ZGSZ', 'Bao an, Shenzhen, Guangdong, China', 'Caleb Soto'),
('Spain Barcelona El Prat Airport', 'BCN/LEBL', 'Barcelona, Spain', 'Rosie Simon'),
('Turkey Istanbul Airport', 'IST/LTBA', 'Arnavutkoy, Istanbul, Turkey', 'Frankie Powell');

INSERT INTO AirportAirline (airportAbbv, airlineName, LOCATION)
VALUES
('ATL', 'Alaska Airlines', 'Atlanta, GA, United States'),
('ATL', 'Allegiant Air', 'Atlanta, GA, United States'),
('ATL', 'American Airlines', 'Atlanta, GA, United States'),
('ATL', 'Delta Air Lines', 'Atlanta, GA, United States'),
('ATL', 'Frontier Airlines', 'Atlanta, GA, United States'),
('ATL', 'Hawaiian Airlines', 'Atlanta, GA, United States'),
('ATL', 'JetBlue', 'Atlanta, GA, United States'),
('ATL', 'Southwest Airlines', 'Atlanta, GA, United States'),
('ATL', 'Spirit Airlines', 'Atlanta, GA, United States'),
('ATL', 'United Airlines', 'Atlanta, GA, United States'),
('LAX', 'Alaska Airlines', 'Los Angeles, CA, United States'),
('LAX', 'Allegiant Air', 'Los Angeles, CA, United States'),
('LAX', 'American Airlines', 'Los Angeles, CA, United States'),
('LAX', 'Delta Air Lines', 'Los Angeles, CA, United States'),
('LAX', 'Frontier Airlines', 'Los Angeles, CA, United States'),
('LAX', 'Hawaiian Airlines', 'Los Angeles, CA, United States'),
('LAX', 'JetBlue', 'Los Angeles, CA, United States'),
('LAX', 'Southwest Airlines', 'Los Angeles, CA, United States'),
('LAX', 'Spirit Airlines', 'Los Angeles, CA, United States'),
('LAX', 'United Airlines', 'Los Angeles, CA, United States'),
('ORD', 'Alaska Airlines', 'Chicago, IL, United States'),
('ORD', 'Allegiant Air', 'Chicago, IL, United States'),
('ORD', 'American Airlines', 'Chicago, IL, United States'),
('ORD', 'Delta Air Lines', 'Chicago, IL, United States'),
('ORD', 'Frontier Airlines', 'Chicago, IL, United States'),
('ORD', 'Hawaiian Airlines', 'Chicago, IL, United States'),
('ORD', 'JetBlue', 'Chicago, IL, United States'),
('ORD', 'Southwest Airlines', 'Chicago, IL, United States'),
('ORD', 'Spirit Airlines', 'Chicago, IL, United States'),
('ORD', 'United Airlines', 'Chicago, IL, United States'),
('DFW', 'Alaska Airlines', 'Dallas, TX, United States'),
('DFW', 'Allegiant Air', 'Dallas, TX, United States'),
('DFW', 'American Airlines', 'Dallas, TX, United States'),
('DFW', 'Delta Air Lines', 'Dallas, TX, United States'),
('DFW', 'Frontier Airlines', 'Dallas, TX, United States'),
('DFW', 'Hawaiian Airlines', 'Dallas, TX, United States'),
('DFW', 'JetBlue', 'Dallas, TX, United States'),
('DFW', 'Southwest Airlines', 'Dallas, TX, United States'),
('DFW', 'Spirit Airlines', 'Dallas, TX, United States'),
('DFW', 'United Airlines', 'Dallas, TX, United States'),
('DEN', 'Alaska Airlines', 'Denver, CO, United States'),
('DEN', 'Allegiant Air', 'Denver, CO, United States'),
('DEN', 'American Airlines', 'Denver, CO, United States'),
('DEN', 'Delta Air Lines', 'Denver, CO, United States'),
('DEN', 'Frontier Airlines', 'Denver, CO, United States'),
('DEN', 'Hawaiian Airlines', 'Denver, CO, United States'),
('DEN', 'JetBlue', 'Denver, CO, United States'),
('DEN', 'Southwest Airlines', 'Denver, CO, United States'),
('DEN', 'Spirit Airlines', 'Denver, CO, United States'),
('DEN', 'United Airlines', 'Denver, CO, United States'),
('JFK', 'Alaska Airlines', 'New York, NY, United States'),
('JFK', 'Allegiant Air', 'New York, NY, United States'),
('JFK', 'American Airlines', 'New York, NY, United States'),
('JFK', 'Delta Air Lines', 'New York, NY, United States'),
('JFK', 'Frontier Airlines', 'New York, NY, United States'),
('JFK', 'Hawaiian Airlines', 'New York, NY, United States'),
('JFK', 'JetBlue', 'New York, NY, United States'),
('JFK', 'Southwest Airlines', 'New York, NY, United States'),
('JFK', 'Spirit Airlines', 'New York, NY, United States'),
('JFK', 'United Airlines', 'New York, NY, United States'),
('SFO', 'Alaska Airlines', 'San Francisco, CA, United States'),
('SFO', 'Allegiant Air', 'San Francisco, CA, United States'),
('SFO', 'American Airlines', 'San Francisco, CA, United States'),
('SFO', 'Delta Air Lines', 'San Francisco, CA, United States'),
('SFO', 'Frontier Airlines', 'San Francisco, CA, United States'),
('SFO', 'Hawaiian Airlines', 'San Francisco, CA, United States'),
('SFO', 'JetBlue', 'San Francisco, CA, United States'),
('SFO', 'Southwest Airlines', 'San Francisco, CA, United States'),
('SFO', 'Spirit Airlines', 'San Francisco, CA, United States'),
('SFO', 'United Airlines', 'San Francisco, CA, United States'),
('SEA', 'Alaska Airlines', 'Seattle, WA, United States'),
('SEA', 'Allegiant Air', 'Seattle, WA, United States'),
('SEA', 'American Airlines', 'Seattle, WA, United States'),
('SEA', 'Delta Air Lines', 'Seattle, WA, United States'),
('SEA', 'Frontier Airlines', 'Seattle, WA, United States'),
('SEA', 'Hawaiian Airlines', 'Seattle, WA, United States'),
('SEA', 'JetBlue', 'Seattle, WA, United States'),
('SEA', 'Southwest Airlines', 'Seattle, WA, United States'),
('SEA', 'Spirit Airlines', 'Seattle, WA, United States'),
('SEA', 'United Airlines', 'Seattle, WA, United States'),
('LAS', 'Alaska Airlines', 'Las Vegas, NV, United States'),
('LAS', 'Allegiant Air', 'Las Vegas, NV, United States'),
('LAS', 'American Airlines', 'Las Vegas, NV, United States'),
('LAS', 'Delta Air Lines', 'Las Vegas, NV, United States'),
('LAS', 'Frontier Airlines', 'Las Vegas, NV, United States'),
('LAS', 'Hawaiian Airlines', 'Las Vegas, NV, United States'),
('LAS', 'JetBlue', 'Las Vegas, NV, United States'),
('LAS', 'Southwest Airlines', 'Las Vegas, NV, United States'),
('LAS', 'Spirit Airlines', 'Las Vegas, NV, United States'),
('LAS', 'United Airlines', 'Las Vegas, NV, United States'),
('MCO', 'Alaska Airlines', 'Orlando, FL, United States'),
('MCO', 'Allegiant Air', 'Orlando, FL, United States'),
('MCO', 'American Airlines', 'Orlando, FL, United States'),
('MCO', 'Delta Air Lines', 'Orlando, FL, United States'),
('MCO', 'Frontier Airlines', 'Orlando, FL, United States'),
('MCO', 'Hawaiian Airlines', 'Orlando, FL, United States'),
('MCO', 'JetBlue', 'Orlando, FL, United States'),
('MCO', 'Southwest Airlines', 'Orlando, FL, United States'),
('MCO', 'Spirit Airlines', 'Orlando, FL, United States'),
('MCO', 'United Airlines', 'Orlando, FL, United States'),
('EWR', 'Alaska Airlines', 'New York, NJ, United States'),
('EWR', 'Allegiant Air', 'New York, NJ, United States'),
('EWR', 'American Airlines', 'New York, NJ, United States'),
('EWR', 'Delta Air Lines', 'New York, NJ, United States'),
('EWR', 'Frontier Airlines', 'New York, NJ, United States'),
('EWR', 'Hawaiian Airlines', 'New York, NJ, United States'),
('EWR', 'JetBlue', 'New York, NJ, United States'),
('EWR', 'Southwest Airlines', 'New York, NJ, United States'),
('EWR', 'Spirit Airlines', 'New York, NJ, United States'),
('EWR', 'United Airlines', 'New York, NJ, United States'),
('CLT', 'Alaska Airlines', 'Charlotte, NC, United States'),
('CLT', 'Allegiant Air', 'Charlotte, NC, United States'),
('CLT', 'American Airlines', 'Charlotte, NC, United States'),
('CLT', 'Delta Air Lines', 'Charlotte, NC, United States'),
('CLT', 'Frontier Airlines', 'Charlotte, NC, United States'),
('CLT', 'Hawaiian Airlines', 'Charlotte, NC, United States'),
('CLT', 'JetBlue', 'Charlotte, NC, United States'),
('CLT', 'Southwest Airlines', 'Charlotte, NC, United States'),
('CLT', 'Spirit Airlines', 'Charlotte, NC, United States'),
('CLT', 'United Airlines', 'Charlotte, NC, United States'),
('PHX', 'Alaska Airlines', 'Phoenix, AZ, United States'),
('PHX', 'Allegiant Air', 'Phoenix, AZ, United States'),
('PHX', 'American Airlines', 'Phoenix, AZ, United States'),
('PHX', 'Delta Air Lines', 'Phoenix, AZ, United States'),
('PHX', 'Frontier Airlines', 'Phoenix, AZ, United States'),
('PHX', 'Hawaiian Airlines', 'Phoenix, AZ, United States'),
('PHX', 'JetBlue', 'Phoenix, AZ, United States'),
('PHX', 'Southwest Airlines', 'Phoenix, AZ, United States'),
('PHX', 'Spirit Airlines', 'Phoenix, AZ, United States'),
('PHX', 'United Airlines', 'Phoenix, AZ, United States'),
('IAH', 'Alaska Airlines', 'Houston, TX, United States'),
('IAH', 'Allegiant Air', 'Houston, TX, United States'),
('IAH', 'American Airlines', 'Houston, TX, United States'),
('IAH', 'Delta Air Lines', 'Houston, TX, United States'),
('IAH', 'Frontier Airlines', 'Houston, TX, United States'),
('IAH', 'Hawaiian Airlines', 'Houston, TX, United States'),
('IAH', 'JetBlue', 'Houston, TX, United States'),
('IAH', 'Southwest Airlines', 'Houston, TX, United States'),
('IAH', 'Spirit Airlines', 'Houston, TX, United States'),
('IAH', 'United Airlines', 'Houston, TX, United States'),
('MIA', 'Alaska Airlines', 'Miami, FL, United States'),
('MIA', 'Allegiant Air', 'Miami, FL, United States'),
('MIA', 'American Airlines', 'Miami, FL, United States'),
('MIA', 'Delta Air Lines', 'Miami, FL, United States'),
('MIA', 'Frontier Airlines', 'Miami, FL, United States'),
('MIA', 'Hawaiian Airlines', 'Miami, FL, United States'),
('MIA', 'JetBlue', 'Miami, FL, United States'),
('MIA', 'Southwest Airlines', 'Miami, FL, United States'),
('MIA', 'Spirit Airlines', 'Miami, FL, United States'),
('MIA', 'United Airlines', 'Miami, FL, United States'),
('BOS', 'Alaska Airlines', 'Boston, MA, United States'),
('BOS', 'Allegiant Air', 'Boston, MA, United States'),
('BOS', 'American Airlines', 'Boston, MA, United States'),
('BOS', 'Delta Air Lines', 'Boston, MA, United States'),
('BOS', 'Frontier Airlines', 'Boston, MA, United States'),
('BOS', 'Hawaiian Airlines', 'Boston, MA, United States'),
('BOS', 'JetBlue', 'Boston, MA, United States'),
('BOS', 'Southwest Airlines', 'Boston, MA, United States'),
('BOS', 'Spirit Airlines', 'Boston, MA, United States'),
('BOS', 'United Airlines', 'Boston, MA, United States'),
('MSP', 'Alaska Airlines', 'Minneapolis, MN, United States'),
('MSP', 'Allegiant Air', 'Minneapolis, MN, United States'),
('MSP', 'American Airlines', 'Minneapolis, MN, United States'),
('MSP', 'Delta Air Lines', 'Minneapolis, MN, United States'),
('MSP', 'Frontier Airlines', 'Minneapolis, MN, United States'),
('MSP', 'Hawaiian Airlines', 'Minneapolis, MN, United States'),
('MSP', 'JetBlue', 'Minneapolis, MN, United States'),
('MSP', 'Southwest Airlines', 'Minneapolis, MN, United States'),
('MSP', 'Spirit Airlines', 'Minneapolis, MN, United States'),
('MSP', 'United Airlines', 'Minneapolis, MN, United States'),
('FLL', 'Alaska Airlines', 'Fort Lauderdale, FL, United States'),
('FLL', 'Allegiant Air', 'Fort Lauderdale, FL, United States'),
('FLL', 'American Airlines', 'Fort Lauderdale, FL, United States'),
('FLL', 'Delta Air Lines', 'Fort Lauderdale, FL, United States'),
('FLL', 'Frontier Airlines', 'Fort Lauderdale, FL, United States'),
('FLL', 'Hawaiian Airlines', 'Fort Lauderdale, FL, United States'),
('FLL', 'JetBlue', 'Fort Lauderdale, FL, United States'),
('FLL', 'Southwest Airlines', 'Fort Lauderdale, FL, United States'),
('FLL', 'Spirit Airlines', 'Fort Lauderdale, FL, United States'),
('FLL', 'United Airlines', 'Fort Lauderdale, FL, United States'),
('DTW', 'Alaska Airlines', 'Detroit, MI, United States'),
('DTW', 'Allegiant Air', 'Detroit, MI, United States'),
('DTW', 'American Airlines', 'Detroit, MI, United States'),
('DTW', 'Delta Air Lines', 'Detroit, MI, United States'),
('DTW', 'Frontier Airlines', 'Detroit, MI, United States'),
('DTW', 'Hawaiian Airlines', 'Detroit, MI, United States'),
('DTW', 'JetBlue', 'Detroit, MI, United States'),
('DTW', 'Southwest Airlines', 'Detroit, MI, United States'),
('DTW', 'Spirit Airlines', 'Detroit, MI, United States'),
('DTW', 'United Airlines', 'Detroit, MI, United States'),
('PHL', 'Alaska Airlines', 'Philadelphia, PA, United States'),
('PHL', 'Allegiant Air', 'Philadelphia, PA, United States'),
('PHL', 'American Airlines', 'Philadelphia, PA, United States'),
('PHL', 'Delta Air Lines', 'Philadelphia, PA, United States'),
('PHL', 'Frontier Airlines', 'Philadelphia, PA, United States'),
('PHL', 'Hawaiian Airlines', 'Philadelphia, PA, United States'),
('PHL', 'JetBlue', 'Philadelphia, PA, United States'),
('PHL', 'Southwest Airlines', 'Philadelphia, PA, United States'),
('PHL', 'Spirit Airlines', 'Philadelphia, PA, United States'),
('PHL', 'United Airlines', 'Philadelphia, PA, United States'),
('LGA', 'Alaska Airlines', 'New York, NY, United States'),
('LGA', 'Allegiant Air', 'New York, NY, United States'),
('LGA', 'American Airlines', 'New York, NY, United States'),
('LGA', 'Delta Air Lines', 'New York, NY, United States'),
('LGA', 'Frontier Airlines', 'New York, NY, United States'),
('LGA', 'Hawaiian Airlines', 'New York, NY, United States'),
('LGA', 'JetBlue', 'New York, NY, United States'),
('LGA', 'Southwest Airlines', 'New York, NY, United States'),
('LGA', 'Spirit Airlines', 'New York, NY, United States'),
('LGA', 'United Airlines', 'New York, NY, United States'),
('BWI', 'Alaska Airlines', 'Baltimore, MD, United States'),
('BWI', 'Allegiant Air', 'Baltimore, MD, United States'),
('BWI', 'American Airlines', 'Baltimore, MD, United States'),
('BWI', 'Delta Air Lines', 'Baltimore, MD, United States'),
('BWI', 'Frontier Airlines', 'Baltimore, MD, United States'),
('BWI', 'Hawaiian Airlines', 'Baltimore, MD, United States'),
('BWI', 'JetBlue', 'Baltimore, MD, United States'),
('BWI', 'Southwest Airlines', 'Baltimore, MD, United States'),
('BWI', 'Spirit Airlines', 'Baltimore, MD, United States'),
('BWI', 'United Airlines', 'Baltimore, MD, United States'),
('SLC', 'Alaska Airlines', 'Salt Lake City, UT, United States'),
('SLC', 'Allegiant Air', 'Salt Lake City, UT, United States'),
('SLC', 'American Airlines', 'Salt Lake City, UT, United States'),
('SLC', 'Delta Air Lines', 'Salt Lake City, UT, United States'),
('SLC', 'Frontier Airlines', 'Salt Lake City, UT, United States'),
('SLC', 'Hawaiian Airlines', 'Salt Lake City, UT, United States'),
('SLC', 'JetBlue', 'Salt Lake City, UT, United States'),
('SLC', 'Southwest Airlines', 'Salt Lake City, UT, United States'),
('SLC', 'Spirit Airlines', 'Salt Lake City, UT, United States'),
('SLC', 'United Airlines', 'Salt Lake City, UT, United States'),
('SAN', 'Alaska Airlines', 'San Diego, CA, United States'),
('SAN', 'Allegiant Air', 'San Diego, CA, United States'),
('SAN', 'American Airlines', 'San Diego, CA, United States'),
('SAN', 'Delta Air Lines', 'San Diego, CA, United States'),
('SAN', 'Frontier Airlines', 'San Diego, CA, United States'),
('SAN', 'Hawaiian Airlines', 'San Diego, CA, United States'),
('SAN', 'JetBlue', 'San Diego, CA, United States'),
('SAN', 'Southwest Airlines', 'San Diego, CA, United States'),
('SAN', 'Spirit Airlines', 'San Diego, CA, United States'),
('SAN', 'United Airlines', 'San Diego, CA, United States'),
('IAD', 'Alaska Airlines', 'Washington, D.C., VA, United States'),
('IAD', 'Allegiant Air', 'Washington, D.C., VA, United States'),
('IAD', 'American Airlines', 'Washington, D.C., VA, United States'),
('IAD', 'Delta Air Lines', 'Washington, D.C., VA, United States'),
('IAD', 'Frontier Airlines', 'Washington, D.C., VA, United States'),
('IAD', 'Hawaiian Airlines', 'Washington, D.C., VA, United States'),
('IAD', 'JetBlue', 'Washington, D.C., VA, United States'),
('IAD', 'Southwest Airlines', 'Washington, D.C., VA, United States'),
('IAD', 'Spirit Airlines', 'Washington, D.C., VA, United States'),
('IAD', 'United Airlines', 'Washington, D.C., VA, United States'),
('DCA', 'Alaska Airlines', 'Washington, D.C., VA, United States'),
('DCA', 'Allegiant Air', 'Washington, D.C., VA, United States'),
('DCA', 'American Airlines', 'Washington, D.C., VA, United States'),
('DCA', 'Delta Air Lines', 'Washington, D.C., VA, United States'),
('DCA', 'Frontier Airlines', 'Washington, D.C., VA, United States'),
('DCA', 'Hawaiian Airlines', 'Washington, D.C., VA, United States'),
('DCA', 'JetBlue', 'Washington, D.C., VA, United States'),
('DCA', 'Southwest Airlines', 'Washington, D.C., VA, United States'),
('DCA', 'Spirit Airlines', 'Washington, D.C., VA, United States'),
('DCA', 'United Airlines', 'Washington, D.C., VA, United States'),
('MDW', 'Alaska Airlines', 'Chicago, IL, United States'),
('MDW', 'Allegiant Air', 'Chicago, IL, United States'),
('MDW', 'American Airlines', 'Chicago, IL, United States'),
('MDW', 'Delta Air Lines', 'Chicago, IL, United States'),
('MDW', 'Frontier Airlines', 'Chicago, IL, United States'),
('MDW', 'Hawaiian Airlines', 'Chicago, IL, United States'),
('MDW', 'JetBlue', 'Chicago, IL, United States'),
('MDW', 'Southwest Airlines', 'Chicago, IL, United States'),
('MDW', 'Spirit Airlines', 'Chicago, IL, United States'),
('MDW', 'United Airlines', 'Chicago, IL, United States'),
('TPA', 'Alaska Airlines', 'Tampa, FL, United States'),
('TPA', 'Allegiant Air', 'Tampa, FL, United States'),
('TPA', 'American Airlines', 'Tampa, FL, United States'),
('TPA', 'Delta Air Lines', 'Tampa, FL, United States'),
('TPA', 'Frontier Airlines', 'Tampa, FL, United States'),
('TPA', 'Hawaiian Airlines', 'Tampa, FL, United States'),
('TPA', 'JetBlue', 'Tampa, FL, United States'),
('TPA', 'Southwest Airlines', 'Tampa, FL, United States'),
('TPA', 'Spirit Airlines', 'Tampa, FL, United States'),
('TPA', 'United Airlines', 'Tampa, FL, United States'),
('PDX', 'Alaska Airlines', 'Portland, OR, United States'),
('PDX', 'Allegiant Air', 'Portland, OR, United States'),
('PDX', 'American Airlines', 'Portland, OR, United States'),
('PDX', 'Delta Air Lines', 'Portland, OR, United States'),
('PDX', 'Frontier Airlines', 'Portland, OR, United States'),
('PDX', 'Hawaiian Airlines', 'Portland, OR, United States'),
('PDX', 'JetBlue', 'Portland, OR, United States'),
('PDX', 'Southwest Airlines', 'Portland, OR, United States'),
('PDX', 'Spirit Airlines', 'Portland, OR, United States'),
('PDX', 'United Airlines', 'Portland, OR, United States'),
('HNL', 'Alaska Airlines', 'Honolulu, HI, United States'),
('HNL', 'Allegiant Air', 'Honolulu, HI, United States'),
('HNL', 'American Airlines', 'Honolulu, HI, United States'),
('HNL', 'Delta Air Lines', 'Honolulu, HI, United States'),
('HNL', 'Frontier Airlines', 'Honolulu, HI, United States'),
('HNL', 'Hawaiian Airlines', 'Honolulu, HI, United States'),
('HNL', 'JetBlue', 'Honolulu, HI, United States'),
('HNL', 'Southwest Airlines', 'Honolulu, HI, United States'),
('HNL', 'Spirit Airlines', 'Honolulu, HI, United States'),
('HNL', 'United Airlines', 'Honolulu, HI, United States'),
('PEK/ZBAA', 'Alaska Airlines', 'Chaoyang-Shunyi, Beijing, China'),
('PEK/ZBAA', 'Allegiant Air', 'Chaoyang-Shunyi, Beijing, China'),
('PEK/ZBAA', 'American Airlines', 'Chaoyang-Shunyi, Beijing, China'),
('PEK/ZBAA', 'Delta Air Lines', 'Chaoyang-Shunyi, Beijing, China'),
('PEK/ZBAA', 'Frontier Airlines', 'Chaoyang-Shunyi, Beijing, China'),
('PEK/ZBAA', 'Hawaiian Airlines', 'Chaoyang-Shunyi, Beijing, China'),
('PEK/ZBAA', 'JetBlue', 'Chaoyang-Shunyi, Beijing, China'),
('PEK/ZBAA', 'Southwest Airlines', 'Chaoyang-Shunyi, Beijing, China'),
('PEK/ZBAA', 'Spirit Airlines', 'Chaoyang-Shunyi, Beijing, China'),
('PEK/ZBAA', 'United Airlines', 'Chaoyang-Shunyi, Beijing, China'),
('DXB/OMDB', 'Alaska Airlines', 'Garhoud, Dubai, United Arab Emirates'),
('DXB/OMDB', 'Allegiant Air', 'Garhoud, Dubai, United Arab Emirates'),
('DXB/OMDB', 'American Airlines', 'Garhoud, Dubai, United Arab Emirates'),
('DXB/OMDB', 'Delta Air Lines', 'Garhoud, Dubai, United Arab Emirates'),
('DXB/OMDB', 'Frontier Airlines', 'Garhoud, Dubai, United Arab Emirates'),
('DXB/OMDB', 'Hawaiian Airlines', 'Garhoud, Dubai, United Arab Emirates'),
('DXB/OMDB', 'JetBlue', 'Garhoud, Dubai, United Arab Emirates'),
('DXB/OMDB', 'Southwest Airlines', 'Garhoud, Dubai, United Arab Emirates'),
('DXB/OMDB', 'Spirit Airlines', 'Garhoud, Dubai, United Arab Emirates'),
('DXB/OMDB', 'United Airlines', 'Garhoud, Dubai, United Arab Emirates'),
('HND/RJTT', 'Alaska Airlines', 'Ota, Tokyo, Japan'),
('HND/RJTT', 'Allegiant Air', 'Ota, Tokyo, Japan'),
('HND/RJTT', 'American Airlines', 'Ota, Tokyo, Japan'),
('HND/RJTT', 'Delta Air Lines', 'Ota, Tokyo, Japan'),
('HND/RJTT', 'Frontier Airlines', 'Ota, Tokyo, Japan'),
('HND/RJTT', 'Hawaiian Airlines', 'Ota, Tokyo, Japan'),
('HND/RJTT', 'JetBlue', 'Ota, Tokyo, Japan'),
('HND/RJTT', 'Southwest Airlines', 'Ota, Tokyo, Japan'),
('HND/RJTT', 'Spirit Airlines', 'Ota, Tokyo, Japan'),
('HND/RJTT', 'United Airlines', 'Ota, Tokyo, Japan'),
('LHR/EGLL', 'Alaska Airlines', 'Hillingdon, London, United Kingdom'),
('LHR/EGLL', 'Allegiant Air', 'Hillingdon, London, United Kingdom'),
('LHR/EGLL', 'American Airlines', 'Hillingdon, London, United Kingdom'),
('LHR/EGLL', 'Delta Air Lines', 'Hillingdon, London, United Kingdom'),
('LHR/EGLL', 'Frontier Airlines', 'Hillingdon, London, United Kingdom'),
('LHR/EGLL', 'Hawaiian Airlines', 'Hillingdon, London, United Kingdom'),
('LHR/EGLL', 'JetBlue', 'Hillingdon, London, United Kingdom'),
('LHR/EGLL', 'Southwest Airlines', 'Hillingdon, London, United Kingdom'),
('LHR/EGLL', 'Spirit Airlines', 'Hillingdon, London, United Kingdom'),
('LHR/EGLL', 'United Airlines', 'Hillingdon, London, United Kingdom'),
('PVG/ZSPD', 'Alaska Airlines', 'Pudong, Shanghai, China'),
('PVG/ZSPD', 'Allegiant Air', 'Pudong, Shanghai, China'),
('PVG/ZSPD', 'American Airlines', 'Pudong, Shanghai, China'),
('PVG/ZSPD', 'Delta Air Lines', 'Pudong, Shanghai, China'),
('PVG/ZSPD', 'Frontier Airlines', 'Pudong, Shanghai, China'),
('PVG/ZSPD', 'Hawaiian Airlines', 'Pudong, Shanghai, China'),
('PVG/ZSPD', 'JetBlue', 'Pudong, Shanghai, China'),
('PVG/ZSPD', 'Southwest Airlines', 'Pudong, Shanghai, China'),
('PVG/ZSPD', 'Spirit Airlines', 'Pudong, Shanghai, China'),
('PVG/ZSPD', 'United Airlines', 'Pudong, Shanghai, China'),
('CDG/LFPG', 'Alaska Airlines', 'Roissy en France, Ile de France, France'),
('CDG/LFPG', 'Allegiant Air', 'Roissy en France, Ile de France, France'),
('CDG/LFPG', 'American Airlines', 'Roissy en France, Ile de France, France'),
('CDG/LFPG', 'Delta Air Lines', 'Roissy en France, Ile de France, France'),
('CDG/LFPG', 'Frontier Airlines', 'Roissy en France, Ile de France, France'),
('CDG/LFPG', 'Hawaiian Airlines', 'Roissy en France, Ile de France, France'),
('CDG/LFPG', 'JetBlue', 'Roissy en France, Ile de France, France'),
('CDG/LFPG', 'Southwest Airlines', 'Roissy en France, Ile de France, France'),
('CDG/LFPG', 'Spirit Airlines', 'Roissy en France, Ile de France, France'),
('CDG/LFPG', 'United Airlines', 'Roissy en France, Ile de France, France'),
('CAN/ZGGG', 'Alaska Airlines', 'Baiyun Huadu, Guangzhou, Guangdong, China'),
('CAN/ZGGG', 'Allegiant Air', 'Baiyun Huadu, Guangzhou, Guangdong, China'),
('CAN/ZGGG', 'American Airlines', 'Baiyun Huadu, Guangzhou, Guangdong, China'),
('CAN/ZGGG', 'Delta Air Lines', 'Baiyun Huadu, Guangzhou, Guangdong, China'),
('CAN/ZGGG', 'Frontier Airlines', 'Baiyun Huadu, Guangzhou, Guangdong, China'),
('CAN/ZGGG', 'Hawaiian Airlines', 'Baiyun Huadu, Guangzhou, Guangdong, China'),
('CAN/ZGGG', 'JetBlue', 'Baiyun Huadu, Guangzhou, Guangdong, China'),
('CAN/ZGGG', 'Southwest Airlines', 'Baiyun Huadu, Guangzhou, Guangdong, China'),
('CAN/ZGGG', 'Spirit Airlines', 'Baiyun Huadu, Guangzhou, Guangdong, China'),
('CAN/ZGGG', 'United Airlines', 'Baiyun Huadu, Guangzhou, Guangdong, China'),
('AMS/EHAM', 'Alaska Airlines', 'Haarlemmermeer, North Holland, Netherlands'),
('AMS/EHAM', 'Allegiant Air', 'Haarlemmermeer, North Holland, Netherlands'),
('AMS/EHAM', 'American Airlines', 'Haarlemmermeer, North Holland, Netherlands'),
('AMS/EHAM', 'Delta Air Lines', 'Haarlemmermeer, North Holland, Netherlands'),
('AMS/EHAM', 'Frontier Airlines', 'Haarlemmermeer, North Holland, Netherlands'),
('AMS/EHAM', 'Hawaiian Airlines', 'Haarlemmermeer, North Holland, Netherlands'),
('AMS/EHAM', 'JetBlue', 'Haarlemmermeer, North Holland, Netherlands'),
('AMS/EHAM', 'Southwest Airlines', 'Haarlemmermeer, North Holland, Netherlands'),
('AMS/EHAM', 'Spirit Airlines', 'Haarlemmermeer, North Holland, Netherlands'),
('AMS/EHAM', 'United Airlines', 'Haarlemmermeer, North Holland, Netherlands'),
('HKG/VHHH', 'Alaska Airlines', 'Chek Lap Kok, Islands, New Territories, Hong Kong SAR, China'),
('HKG/VHHH', 'Allegiant Air', 'Chek Lap Kok, Islands, New Territories, Hong Kong SAR, China'),
('HKG/VHHH', 'American Airlines', 'Chek Lap Kok, Islands, New Territories, Hong Kong SAR, China'),
('HKG/VHHH', 'Delta Air Lines', 'Chek Lap Kok, Islands, New Territories, Hong Kong SAR, China'),
('HKG/VHHH', 'Frontier Airlines', 'Chek Lap Kok, Islands, New Territories, Hong Kong SAR, China'),
('HKG/VHHH', 'Hawaiian Airlines', 'Chek Lap Kok, Islands, New Territories, Hong Kong SAR, China'),
('HKG/VHHH', 'JetBlue', 'Chek Lap Kok, Islands, New Territories, Hong Kong SAR, China'),
('HKG/VHHH', 'Southwest Airlines', 'Chek Lap Kok, Islands, New Territories, Hong Kong SAR, China'),
('HKG/VHHH', 'Spirit Airlines', 'Chek Lap Kok, Islands, New Territories, Hong Kong SAR, China'),
('HKG/VHHH', 'United Airlines', 'Chek Lap Kok, Islands, New Territories, Hong Kong SAR, China'),
('ICN/RKSI', 'Alaska Airlines', 'Incheon, South Korea'),
('ICN/RKSI', 'Allegiant Air', 'Incheon, South Korea'),
('ICN/RKSI', 'American Airlines', 'Incheon, South Korea'),
('ICN/RKSI', 'Delta Air Lines', 'Incheon, South Korea'),
('ICN/RKSI', 'Frontier Airlines', 'Incheon, South Korea'),
('ICN/RKSI', 'Hawaiian Airlines', 'Incheon, South Korea'),
('ICN/RKSI', 'JetBlue', 'Incheon, South Korea'),
('ICN/RKSI', 'Southwest Airlines', 'Incheon, South Korea'),
('ICN/RKSI', 'Spirit Airlines', 'Incheon, South Korea'),
('ICN/RKSI', 'United Airlines', 'Incheon, South Korea'),
('FRA/EDDF', 'Alaska Airlines', 'Frankfurt, Hesse, Germany'),
('FRA/EDDF', 'Allegiant Air', 'Frankfurt, Hesse, Germany'),
('FRA/EDDF', 'American Airlines', 'Frankfurt, Hesse, Germany'),
('FRA/EDDF', 'Delta Air Lines', 'Frankfurt, Hesse, Germany'),
('FRA/EDDF', 'Frontier Airlines', 'Frankfurt, Hesse, Germany'),
('FRA/EDDF', 'Hawaiian Airlines', 'Frankfurt, Hesse, Germany'),
('FRA/EDDF', 'JetBlue', 'Frankfurt, Hesse, Germany'),
('FRA/EDDF', 'Southwest Airlines', 'Frankfurt, Hesse, Germany'),
('FRA/EDDF', 'Spirit Airlines', 'Frankfurt, Hesse, Germany'),
('FRA/EDDF', 'United Airlines', 'Frankfurt, Hesse, Germany'),
('DEL/VIDP', 'Alaska Airlines', 'Delhi, India'),
('DEL/VIDP', 'Allegiant Air', 'Delhi, India'),
('DEL/VIDP', 'American Airlines', 'Delhi, India'),
('DEL/VIDP', 'Delta Air Lines', 'Delhi, India'),
('DEL/VIDP', 'Frontier Airlines', 'Delhi, India'),
('DEL/VIDP', 'Hawaiian Airlines', 'Delhi, India'),
('DEL/VIDP', 'JetBlue', 'Delhi, India'),
('DEL/VIDP', 'Southwest Airlines', 'Delhi, India'),
('DEL/VIDP', 'Spirit Airlines', 'Delhi, India'),
('DEL/VIDP', 'United Airlines', 'Delhi, India'),
('SIN/WSSS', 'Alaska Airlines', 'Changi, East Region, Singapore'),
('SIN/WSSS', 'Allegiant Air', 'Changi, East Region, Singapore'),
('SIN/WSSS', 'American Airlines', 'Changi, East Region, Singapore'),
('SIN/WSSS', 'Delta Air Lines', 'Changi, East Region, Singapore'),
('SIN/WSSS', 'Frontier Airlines', 'Changi, East Region, Singapore'),
('SIN/WSSS', 'Hawaiian Airlines', 'Changi, East Region, Singapore'),
('SIN/WSSS', 'JetBlue', 'Changi, East Region, Singapore'),
('SIN/WSSS', 'Southwest Airlines', 'Changi, East Region, Singapore'),
('SIN/WSSS', 'Spirit Airlines', 'Changi, East Region, Singapore'),
('SIN/WSSS', 'United Airlines', 'Changi, East Region, Singapore'),
('BKK/VTBS', 'Alaska Airlines', 'Bang Phli, Samut Prakan, Thailand'),
('BKK/VTBS', 'Allegiant Air', 'Bang Phli, Samut Prakan, Thailand'),
('BKK/VTBS', 'American Airlines', 'Bang Phli, Samut Prakan, Thailand'),
('BKK/VTBS', 'Delta Air Lines', 'Bang Phli, Samut Prakan, Thailand'),
('BKK/VTBS', 'Frontier Airlines', 'Bang Phli, Samut Prakan, Thailand'),
('BKK/VTBS', 'Hawaiian Airlines', 'Bang Phli, Samut Prakan, Thailand'),
('BKK/VTBS', 'JetBlue', 'Bang Phli, Samut Prakan, Thailand'),
('BKK/VTBS', 'Southwest Airlines', 'Bang Phli, Samut Prakan, Thailand'),
('BKK/VTBS', 'Spirit Airlines', 'Bang Phli, Samut Prakan, Thailand'),
('BKK/VTBS', 'United Airlines', 'Bang Phli, Samut Prakan, Thailand'),
('KUL/WMKK', 'Alaska Airlines', 'Sepang, Selangor, Malaysia'),
('KUL/WMKK', 'Allegiant Air', 'Sepang, Selangor, Malaysia'),
('KUL/WMKK', 'American Airlines', 'Sepang, Selangor, Malaysia'),
('KUL/WMKK', 'Delta Air Lines', 'Sepang, Selangor, Malaysia'),
('KUL/WMKK', 'Frontier Airlines', 'Sepang, Selangor, Malaysia'),
('KUL/WMKK', 'Hawaiian Airlines', 'Sepang, Selangor, Malaysia'),
('KUL/WMKK', 'JetBlue', 'Sepang, Selangor, Malaysia'),
('KUL/WMKK', 'Southwest Airlines', 'Sepang, Selangor, Malaysia'),
('KUL/WMKK', 'Spirit Airlines', 'Sepang, Selangor, Malaysia'),
('KUL/WMKK', 'United Airlines', 'Sepang, Selangor, Malaysia'),
('MAD/LEMD', 'Alaska Airlines', 'Barajas, Madrid, Spain'),
('MAD/LEMD', 'Allegiant Air', 'Barajas, Madrid, Spain'),
('MAD/LEMD', 'American Airlines', 'Barajas, Madrid, Spain'),
('MAD/LEMD', 'Delta Air Lines', 'Barajas, Madrid, Spain'),
('MAD/LEMD', 'Frontier Airlines', 'Barajas, Madrid, Spain'),
('MAD/LEMD', 'Hawaiian Airlines', 'Barajas, Madrid, Spain'),
('MAD/LEMD', 'JetBlue', 'Barajas, Madrid, Spain'),
('MAD/LEMD', 'Southwest Airlines', 'Barajas, Madrid, Spain'),
('MAD/LEMD', 'Spirit Airlines', 'Barajas, Madrid, Spain'),
('MAD/LEMD', 'United Airlines', 'Barajas, Madrid, Spain'),
('CTU/ZUUU', 'Alaska Airlines', 'Shuangliu Wuhou, Chengdu, Sichuan, China'),
('CTU/ZUUU', 'Allegiant Air', 'Shuangliu Wuhou, Chengdu, Sichuan, China'),
('CTU/ZUUU', 'American Airlines', 'Shuangliu Wuhou, Chengdu, Sichuan, China'),
('CTU/ZUUU', 'Delta Air Lines', 'Shuangliu Wuhou, Chengdu, Sichuan, China'),
('CTU/ZUUU', 'Frontier Airlines', 'Shuangliu Wuhou, Chengdu, Sichuan, China'),
('CTU/ZUUU', 'Hawaiian Airlines', 'Shuangliu Wuhou, Chengdu, Sichuan, China'),
('CTU/ZUUU', 'JetBlue', 'Shuangliu Wuhou, Chengdu, Sichuan, China'),
('CTU/ZUUU', 'Southwest Airlines', 'Shuangliu Wuhou, Chengdu, Sichuan, China'),
('CTU/ZUUU', 'Spirit Airlines', 'Shuangliu Wuhou, Chengdu, Sichuan, China'),
('CTU/ZUUU', 'United Airlines', 'Shuangliu Wuhou, Chengdu, Sichuan, China'),
('CGK/WIII', 'Alaska Airlines', 'Tangerang, Banten, Indonesia'),
('CGK/WIII', 'Allegiant Air', 'Tangerang, Banten, Indonesia'),
('CGK/WIII', 'American Airlines', 'Tangerang, Banten, Indonesia'),
('CGK/WIII', 'Delta Air Lines', 'Tangerang, Banten, Indonesia'),
('CGK/WIII', 'Frontier Airlines', 'Tangerang, Banten, Indonesia'),
('CGK/WIII', 'Hawaiian Airlines', 'Tangerang, Banten, Indonesia'),
('CGK/WIII', 'JetBlue', 'Tangerang, Banten, Indonesia'),
('CGK/WIII', 'Southwest Airlines', 'Tangerang, Banten, Indonesia'),
('CGK/WIII', 'Spirit Airlines', 'Tangerang, Banten, Indonesia'),
('CGK/WIII', 'United Airlines', 'Tangerang, Banten, Indonesia'),
('SZX/ZGSZ', 'Alaska Airlines', 'Bao an, Shenzhen, Guangdong, China'),
('SZX/ZGSZ', 'Allegiant Air', 'Bao an, Shenzhen, Guangdong, China'),
('SZX/ZGSZ', 'American Airlines', 'Bao an, Shenzhen, Guangdong, China'),
('SZX/ZGSZ', 'Delta Air Lines', 'Bao an, Shenzhen, Guangdong, China'),
('SZX/ZGSZ', 'Frontier Airlines', 'Bao an, Shenzhen, Guangdong, China'),
('SZX/ZGSZ', 'Hawaiian Airlines', 'Bao an, Shenzhen, Guangdong, China'),
('SZX/ZGSZ', 'JetBlue', 'Bao an, Shenzhen, Guangdong, China'),
('SZX/ZGSZ', 'Southwest Airlines', 'Bao an, Shenzhen, Guangdong, China'),
('SZX/ZGSZ', 'Spirit Airlines', 'Bao an, Shenzhen, Guangdong, China'),
('SZX/ZGSZ', 'United Airlines', 'Bao an, Shenzhen, Guangdong, China'),
('BCN/LEBL', 'Alaska Airlines', 'Barcelona, Spain'),
('BCN/LEBL', 'Allegiant Air', 'Barcelona, Spain'),
('BCN/LEBL', 'American Airlines', 'Barcelona, Spain'),
('BCN/LEBL', 'Delta Air Lines', 'Barcelona, Spain'),
('BCN/LEBL', 'Frontier Airlines', 'Barcelona, Spain'),
('BCN/LEBL', 'Hawaiian Airlines', 'Barcelona, Spain'),
('BCN/LEBL', 'JetBlue', 'Barcelona, Spain'),
('BCN/LEBL', 'Southwest Airlines', 'Barcelona, Spain'),
('BCN/LEBL', 'Spirit Airlines', 'Barcelona, Spain'),
('BCN/LEBL', 'United Airlines', 'Barcelona, Spain'),
('IST/LTBA', 'Alaska Airlines', 'Arnavutkoy, Istanbul, Turkey'),
('IST/LTBA', 'Allegiant Air', 'Arnavutkoy, Istanbul, Turkey'),
('IST/LTBA', 'American Airlines', 'Arnavutkoy, Istanbul, Turkey'),
('IST/LTBA', 'Delta Air Lines', 'Arnavutkoy, Istanbul, Turkey'),
('IST/LTBA', 'Frontier Airlines', 'Arnavutkoy, Istanbul, Turkey'),
('IST/LTBA', 'Hawaiian Airlines', 'Arnavutkoy, Istanbul, Turkey'),
('IST/LTBA', 'JetBlue', 'Arnavutkoy, Istanbul, Turkey'),
('IST/LTBA', 'Southwest Airlines', 'Arnavutkoy, Istanbul, Turkey'),
('IST/LTBA', 'Spirit Airlines', 'Arnavutkoy, Istanbul, Turkey'),
('IST/LTBA', 'United Airlines', 'Arnavutkoy, Istanbul, Turkey');

insert into "Role" (RNAME)
VALUES  
('Co-pilot'),
('Flight Attendant'),
('Navigator'),
('Pilot');

insert into CREWMEMBER (FAANUM, FNAME, LNAME, SEX, "ROLE")
VALUES 
(6995817, 'April', 'Barnet', 'Female', 'Flight Attendant'),
(4041913, 'Gratia', 'Rippin', 'Female', 'Flight Attendant'),
(4217559, 'Theo', 'Este', 'Female', 'Flight Attendant'),
(1326977, 'Valdemar', 'Bouller', 'Male', 'Flight Attendant'),
(6015168, 'Ilyssa', 'Gallahue', 'Female', 'Flight Attendant'),
(2313277, 'Jedidiah', 'Hillhouse', 'Male', 'Flight Attendant'),
(1312961, 'Darice', 'Dencs', 'Female', 'Flight Attendant'),
(3344648, 'Bee', 'Snufflebottom', 'Female', 'Flight Attendant'),
(8521940, 'Arlyn', 'MacCome', 'Female', 'Flight Attendant'),
(4125206, 'Hyacinthe', 'Rabbitt', 'Female', 'Flight Attendant'),
(1861309, 'Honey', 'Scrinage', 'Female', 'Flight Attendant'),
(655380, 'Sloan', 'Norrie', 'Male', 'Flight Attendant'),
(3061029, 'Tobit', 'Elloway', 'Male', 'Pilot'),
(5107118, 'Arin', 'Penhaligon', 'Male', 'Pilot'),
(3620488, 'Anders', 'Ablott', 'Male', 'Pilot'),
(6232635, 'Sharona', 'Durante', 'Female', 'Pilot'),
(5640382, 'Pippa', 'Meagh', 'Female', 'Pilot'),
(3681834, 'Garvy', 'Newhouse', 'Male', 'Co-pilot'),
(7776251, 'Cassandry', 'Forre', 'Female', 'Co-pilot'),
(452441, 'Mara', 'Ragat', 'Female', 'Co-pilot'),
(847529, 'Mignon', 'Vogeler', 'Female', 'Co-pilot'),
(1839763, 'Selena', 'Gilbertson', 'Female', 'Navigator'),
(2710263, 'Tammi', 'Mathison', 'Female', 'Navigator'),
(3381451, 'Milton', 'Payley', 'Male', 'Navigator'),
(8111137, 'Klaus', 'Panons', 'Male', 'Navigator');

DELETE FROM flightcrew;
INSERT INTO flightcrew (crewSize, crewID)
VALUES
(8, 000),
(8, 001),
(6, 002),
(7, 003),
(5, 004),
(6, 005),
(5, 006),
(8, 007),
(8, 008),
(7, 009),
(6, 010),
(5, 011),
(5, 012),
(5, 013),
(7, 014),
(7, 015),
(8, 016),
(7, 017),
(6, 018),
(6, 019),
(7, 020),
(7, 021),
(6, 022),
(7, 023),
(7, 024),
(5, 025),
(7, 026),
(5, 027),
(6, 028),
(7, 029),
(7, 030),
(8, 031),
(7, 032),
(6, 033),
(6, 034),
(7, 035),
(5, 036),
(6, 037),
(5, 038),
(8, 039),
(5, 040),
(6, 041),
(8, 042),
(5, 043),
(7, 044),
(6, 045),
(6, 046),
(5, 047),
(6, 048),
(5, 049),
(5, 050),
(6, 051),
(5, 052),
(5, 053),
(8, 054),
(7, 055),
(8, 056),
(6, 057),
(7, 058),
(7, 059),
(5, 060),
(7, 061),
(5, 062),
(5, 063),
(6, 064),
(5, 065),
(7, 066),
(5, 067),
(8, 068),
(7, 069),
(5, 070),
(7, 071),
(8, 072),
(6, 073),
(5, 074),
(6, 075),
(5, 076),
(8, 077),
(6, 078),
(5, 079),
(7, 080),
(6, 081),
(7, 082),
(5, 083),
(5, 084),
(8, 085),
(7, 086),
(6, 087),
(8, 088),
(5, 089),
(7, 090),
(6, 091),
(6, 092),
(7, 093),
(8, 094),
(8, 095),
(5, 096),
(5, 097),
(7, 098),
(8, 099),
(8, 100),
(5, 101),
(8, 102),
(5, 103),
(6, 104),
(7, 105),
(5, 106),
(7, 107),
(5, 108),
(5, 109),
(6, 110),
(6, 111),
(7, 112),
(5, 113),
(7, 114),
(6, 115),
(5, 116),
(5, 117),
(6, 118),
(6, 119),
(5, 120),
(7, 121),
(5, 122),
(5, 123),
(7, 124),
(5, 125),
(8, 126),
(7, 127),
(8, 128),
(5, 129),
(6, 130),
(6, 131),
(5, 132),
(6, 133),
(8, 134),
(8, 135),
(8, 136),
(7, 137),
(5, 138),
(8, 139),
(8, 140),
(8, 141),
(7, 142),
(7, 143),
(5, 144),
(5, 145),
(5, 146),
(5, 147),
(6, 148),
(7, 149),
(6, 150),
(6, 151),
(5, 152),
(6, 153),
(7, 154),
(8, 155),
(7, 156),
(5, 157),
(8, 158),
(5, 159),
(7, 160),
(5, 161),
(7, 162),
(7, 163),
(5, 164),
(6, 165),
(5, 166),
(6, 167),
(6, 168),
(6, 169),
(8, 170),
(6, 171),
(5, 172),
(5, 173),
(6, 174),
(8, 175),
(8, 176),
(6, 177),
(5, 178),
(8, 179),
(6, 180),
(7, 181),
(6, 182),
(6, 183),
(8, 184),
(5, 185),
(7, 186),
(7, 187),
(5, 188),
(6, 189),
(8, 190),
(6, 191),
(7, 192),
(5, 193),
(8, 194),
(8, 195),
(5, 196),
(6, 197),
(7, 198),
(6, 199),
(8, 200),
(6, 201),
(8, 202),
(7, 203),
(6, 204),
(7, 205),
(5, 206),
(7, 207),
(6, 208),
(5, 209),
(5, 210),
(5, 211),
(5, 212),
(6, 213),
(7, 214),
(5, 215),
(8, 216),
(6, 217),
(8, 218),
(8, 219),
(6, 220),
(7, 221),
(6, 222),
(8, 223),
(7, 224),
(8, 225),
(8, 226),
(8, 227),
(6, 228),
(6, 229),
(5, 230),
(8, 231),
(5, 232),
(8, 233),
(6, 234),
(7, 235),
(7, 236),
(7, 237),
(7, 238),
(8, 239),
(7, 240),
(8, 241),
(7, 242),
(6, 243),
(6, 244),
(8, 245),
(8, 246),
(5, 247),
(8, 248),
(6, 249),
(6, 250),
(6, 251),
(8, 252),
(8, 253),
(5, 254),
(5, 255),
(6, 256),
(5, 257),
(7, 258),
(8, 259),
(6, 260),
(6, 261),
(6, 262),
(5, 263),
(6, 264),
(5, 265),
(5, 266),
(7, 267),
(6, 268),
(8, 269),
(7, 270),
(7, 271),
(8, 272),
(8, 273),
(6, 274),
(6, 275),
(6, 276),
(8, 277),
(8, 278),
(6, 279),
(7, 280),
(7, 281),
(5, 282),
(7, 283),
(8, 284),
(8, 285),
(8, 286),
(7, 287),
(8, 288),
(8, 289),
(7, 290),
(5, 291),
(8, 292),
(6, 293),
(6, 294),
(8, 295),
(6, 296),
(6, 297),
(6, 298),
(6, 299),
(8, 300),
(7, 301),
(6, 302),
(5, 303),
(7, 304),
(8, 305),
(6, 306),
(5, 307),
(8, 308),
(6, 309),
(5, 310),
(8, 311),
(8, 312),
(5, 313),
(8, 314),
(5, 315),
(8, 316),
(5, 317),
(8, 318),
(8, 319),
(5, 320),
(7, 321),
(7, 322),
(5, 323),
(6, 324),
(8, 325),
(7, 326),
(6, 327),
(6, 328),
(6, 329),
(5, 330),
(8, 331),
(5, 332),
(6, 333),
(5, 334),
(7, 335),
(6, 336),
(8, 337),
(7, 338),
(5, 339),
(8, 340),
(7, 341),
(5, 342),
(7, 343),
(8, 344),
(7, 345),
(6, 346),
(8, 347),
(6, 348),
(5, 349),
(5, 350),
(7, 351),
(8, 352),
(6, 353),
(6, 354),
(8, 355),
(5, 356),
(6, 357),
(7, 358),
(8, 359),
(7, 360),
(8, 361),
(6, 362),
(8, 363),
(6, 364),
(7, 365),
(8, 366),
(6, 367),
(6, 368),
(5, 369),
(8, 370),
(6, 371),
(6, 372),
(8, 373),
(7, 374),
(7, 375),
(7, 376),
(6, 377),
(8, 378),
(7, 379),
(7, 380),
(5, 381),
(6, 382),
(8, 383),
(8, 384),
(5, 385),
(7, 386),
(5, 387),
(5, 388),
(7, 389),
(6, 390),
(7, 391),
(7, 392),
(6, 393),
(8, 394),
(5, 395),
(6, 396),
(5, 397),
(6, 398),
(8, 399),
(7, 400),
(5, 401),
(8, 402),
(5, 403),
(5, 404),
(6, 405),
(8, 406),
(5, 407),
(7, 408),
(5, 409),
(5, 410),
(8, 411),
(6, 412),
(7, 413),
(8, 414),
(7, 415),
(7, 416),
(8, 417),
(6, 418),
(6, 419),
(7, 420),
(7, 421),
(7, 422),
(5, 423),
(5, 424),
(5, 425),
(5, 426),
(5, 427),
(5, 428),
(5, 429),
(6, 430),
(8, 431),
(5, 432),
(8, 433),
(5, 434),
(8, 435),
(8, 436),
(8, 437),
(7, 438),
(5, 439),
(5, 440),
(6, 441),
(5, 442),
(6, 443),
(6, 444),
(8, 445),
(5, 446),
(5, 447),
(5, 448),
(8, 449),
(7, 450),
(7, 451),
(8, 452),
(8, 453),
(5, 454),
(8, 455),
(8, 456),
(6, 457),
(7, 458),
(5, 459),
(6, 460),
(5, 461),
(8, 462),
(5, 463),
(7, 464),
(6, 465),
(5, 466),
(5, 467),
(5, 468),
(6, 469),
(7, 470),
(5, 471),
(8, 472),
(5, 473),
(8, 474),
(7, 475),
(8, 476),
(7, 477),
(5, 478),
(6, 479),
(6, 480),
(8, 481),
(8, 482),
(8, 483),
(8, 484),
(7, 485),
(7, 486),
(6, 487),
(6, 488),
(5, 489),
(8, 490),
(7, 491),
(7, 492),
(5, 493),
(5, 494),
(5, 495),
(8, 496),
(7, 497),
(8, 498),
(8, 499),
(6, 500),
(6, 501),
(6, 502),
(5, 503),
(6, 504),
(7, 505),
(7, 506),
(5, 507),
(5, 508),
(6, 509),
(5, 510),
(6, 511),
(8, 512),
(7, 513),
(5, 514),
(8, 515),
(7, 516),
(8, 517),
(8, 518),
(6, 519),
(8, 520),
(8, 521),
(6, 522),
(5, 523),
(5, 524),
(6, 525),
(6, 526),
(7, 527),
(5, 528),
(7, 529),
(5, 530),
(7, 531),
(8, 532),
(6, 533),
(6, 534),
(6, 535),
(7, 536),
(8, 537),
(6, 538),
(7, 539),
(6, 540),
(5, 541),
(6, 542),
(6, 543),
(5, 544),
(6, 545),
(6, 546),
(5, 547),
(7, 548),
(6, 549),
(6, 550),
(5, 551),
(5, 552),
(6, 553),
(8, 554),
(5, 555),
(7, 556),
(6, 557),
(7, 558),
(6, 559),
(8, 560),
(7, 561),
(8, 562),
(7, 563),
(6, 564),
(6, 565),
(8, 566),
(7, 567),
(5, 568),
(6, 569),
(5, 570),
(8, 571),
(7, 572),
(5, 573),
(6, 574),
(7, 575),
(8, 576),
(6, 577),
(6, 578),
(5, 579),
(7, 580),
(8, 581),
(8, 582),
(8, 583),
(8, 584),
(5, 585),
(8, 586),
(6, 587),
(8, 588),
(6, 589),
(7, 590),
(5, 591),
(7, 592),
(6, 593),
(7, 594),
(6, 595),
(5, 596),
(7, 597),
(8, 598),
(6, 599),
(6, 600),
(8, 601),
(8, 602),
(5, 603),
(5, 604),
(5, 605),
(8, 606),
(7, 607),
(7, 608),
(6, 609),
(6, 610),
(8, 611),
(7, 612),
(5, 613),
(7, 614),
(6, 615),
(7, 616),
(6, 617),
(5, 618),
(5, 619),
(5, 620),
(6, 621),
(5, 622),
(7, 623),
(7, 624),
(6, 625),
(6, 626),
(7, 627),
(6, 628),
(5, 629),
(8, 630),
(6, 631),
(7, 632),
(7, 633),
(6, 634),
(8, 635),
(8, 636),
(7, 637),
(5, 638),
(6, 639),
(6, 640),
(6, 641),
(6, 642),
(6, 643),
(8, 644),
(5, 645),
(5, 646),
(6, 647),
(6, 648),
(5, 649),
(6, 650),
(6, 651),
(6, 652),
(8, 653),
(5, 654),
(8, 655),
(7, 656),
(7, 657),
(8, 658),
(5, 659),
(7, 660),
(7, 661),
(6, 662),
(6, 663),
(7, 664),
(6, 665),
(5, 666),
(7, 667),
(5, 668),
(8, 669),
(7, 670),
(7, 671),
(8, 672),
(7, 673),
(7, 674),
(5, 675),
(5, 676),
(7, 677),
(5, 678),
(7, 679),
(8, 680),
(6, 681),
(6, 682),
(8, 683),
(5, 684),
(7, 685),
(5, 686),
(8, 687),
(6, 688),
(5, 689),
(5, 690),
(7, 691),
(5, 692),
(8, 693),
(5, 694),
(6, 695),
(7, 696),
(6, 697),
(8, 698),
(6, 699),
(8, 700),
(6, 701),
(7, 702),
(7, 703),
(8, 704),
(6, 705),
(5, 706),
(7, 707),
(7, 708),
(7, 709),
(6, 710),
(5, 711),
(5, 712),
(7, 713),
(7, 714),
(8, 715),
(8, 716),
(6, 717),
(5, 718),
(5, 719),
(5, 720),
(7, 721),
(7, 722),
(5, 723),
(5, 724),
(7, 725),
(5, 726),
(7, 727),
(6, 728),
(7, 729),
(6, 730),
(5, 731),
(8, 732),
(5, 733),
(6, 734),
(6, 735),
(5, 736),
(6, 737),
(6, 738),
(7, 739),
(5, 740),
(7, 741),
(8, 742),
(5, 743),
(5, 744),
(7, 745),
(5, 746),
(8, 747),
(6, 748),
(7, 749),
(5, 750),
(6, 751),
(5, 752),
(5, 753),
(8, 754),
(8, 755),
(6, 756),
(6, 757),
(6, 758),
(7, 759),
(6, 760),
(5, 761),
(5, 762),
(7, 763),
(6, 764),
(6, 765),
(5, 766),
(8, 767),
(6, 768),
(6, 769),
(6, 770),
(8, 771),
(8, 772),
(7, 773),
(5, 774),
(5, 775),
(7, 776),
(5, 777),
(5, 778),
(8, 779),
(8, 780),
(8, 781),
(5, 782),
(7, 783),
(5, 784),
(5, 785),
(5, 786),
(8, 787),
(7, 788),
(7, 789),
(7, 790),
(6, 791),
(6, 792),
(6, 793),
(7, 794),
(5, 795),
(6, 796),
(7, 797),
(8, 798),
(5, 799),
(5, 800),
(7, 801),
(8, 802),
(7, 803),
(8, 804),
(7, 805),
(7, 806),
(8, 807),
(7, 808),
(6, 809),
(8, 810),
(7, 811),
(5, 812),
(7, 813),
(7, 814),
(5, 815),
(5, 816),
(5, 817),
(5, 818),
(5, 819),
(6, 820),
(6, 821),
(5, 822),
(6, 823),
(8, 824),
(5, 825),
(8, 826),
(8, 827),
(5, 828),
(7, 829),
(6, 830),
(5, 831),
(8, 832),
(8, 833),
(7, 834),
(8, 835),
(5, 836),
(8, 837),
(5, 838),
(7, 839),
(8, 840),
(6, 841),
(8, 842),
(7, 843),
(7, 844),
(7, 845),
(8, 846),
(8, 847),
(5, 848),
(5, 849),
(5, 850),
(8, 851),
(5, 852),
(5, 853),
(6, 854),
(8, 855),
(7, 856),
(8, 857),
(5, 858),
(8, 859),
(6, 860),
(6, 861),
(8, 862),
(6, 863),
(5, 864),
(8, 865),
(5, 866),
(6, 867),
(5, 868),
(5, 869),
(6, 870),
(7, 871),
(8, 872),
(6, 873),
(8, 874),
(7, 875),
(7, 876),
(5, 877),
(5, 878),
(5, 879),
(6, 880),
(7, 881),
(8, 882),
(7, 883),
(7, 884),
(6, 885),
(6, 886),
(6, 887),
(6, 888),
(7, 889),
(5, 890),
(6, 891),
(6, 892),
(5, 893),
(7, 894),
(7, 895),
(6, 896),
(5, 897),
(5, 898),
(8, 899),
(6, 900),
(6, 901),
(6, 902),
(5, 903),
(7, 904),
(6, 905),
(5, 906),
(5, 907),
(8, 908),
(5, 909),
(6, 910),
(7, 911),
(7, 912),
(8, 913),
(6, 914),
(8, 915),
(5, 916),
(5, 917),
(5, 918),
(8, 919),
(7, 920),
(7, 921),
(7, 922),
(5, 923),
(8, 924),
(5, 925),
(8, 926),
(8, 927),
(5, 928),
(6, 929),
(8, 930),
(7, 931),
(6, 932),
(6, 933),
(7, 934),
(5, 935),
(6, 936),
(8, 937),
(6, 938),
(8, 939),
(6, 940),
(8, 941),
(8, 942),
(8, 943),
(6, 944),
(5, 945),
(6, 946),
(5, 947),
(8, 948),
(6, 949),
(8, 950),
(7, 951),
(8, 952),
(8, 953),
(8, 954),
(7, 955),
(8, 956),
(6, 957),
(8, 958),
(5, 959),
(7, 960),
(5, 961),
(6, 962),
(7, 963),
(7, 964),
(5, 965),
(8, 966),
(6, 967),
(7, 968),
(5, 969),
(8, 970),
(5, 971),
(6, 972),
(5, 973),
(8, 974),
(7, 975),
(7, 976),
(7, 977),
(8, 978),
(8, 979),
(8, 980),
(8, 981),
(7, 982),
(8, 983),
(5, 984),
(5, 985),
(6, 986),
(6, 987),
(8, 988),
(8, 989),
(8, 990),
(8, 991),
(6, 992),
(6, 993),
(6, 994),
(6, 995),
(5, 996),
(6, 997),
(6, 998),
(6, 999);

DELETE FROM flightschedule;
INSERT INTO flightschedule (flightNo, airlineName, schDeptTime, schArrivalTime, crewID, ORIGIN, DESTINATION)
VALUES
(0000005, 'Alaska Airlines', '14:30', '16:10', 003, 'ATL', 'KUL/WMKK'),
(0000007, 'Alaska Airlines', '23:15', '2:10', 006, 'LAX', 'BCN/LEBL'),
(0000009, 'Alaska Airlines', '6:00', '10:30', 008, 'ORD', 'FLL'),
(0000012, 'Alaska Airlines', '14:05', '17:30', 009, 'DFW', 'PHX'),
(0000013, 'Alaska Airlines', '18:30', '23:35', 010, 'DEN', 'FLL'),
(0000014, 'Alaska Airlines', '15:00', '19:40', 013, 'SFO', 'DEN'),
(0000015, 'Alaska Airlines', '9:25', '13:40', 014, 'SFO', 'MCO'),
(0000018, 'Alaska Airlines', '17:00', '22:15', 017, 'SFO', 'SLC'),
(0000021, 'Alaska Airlines', '7:25', '11:45', 020, 'SFO', 'IST/LTBA'),
(0000022, 'Alaska Airlines', '17:55', '20:40', 022, 'SEA', 'PHX'),
(0000023, 'Alaska Airlines', '12:10', '14:45', 025, 'SEA', 'PHL'),
(0000024, 'Alaska Airlines', '18:45', '20:10', 027, 'SEA', 'PDX'),
(0000025, 'Alaska Airlines', '16:50', '19:35', 030, 'SEA', 'SZX/ZGSZ'),
(0000027, 'Alaska Airlines', '13:15', '17:35', 031, 'EWR', 'PEK/ZBAA'),
(0000029, 'Alaska Airlines', '17:10', '19:10', 032, 'EWR', 'DEL/VIDP'),
(0000031, 'Alaska Airlines', '18:45', '23:10', 033, 'CLT', 'SFO'),
(0000033, 'Alaska Airlines', '18:10', '23:15', 035, 'CLT', 'DCA'),
(0000036, 'Alaska Airlines', '13:20', '17:40', 038, 'CLT', 'BCN/LEBL'),
(0000037, 'Alaska Airlines', '10:45', '13:15', 039, 'PHX', 'CLT'),
(0000039, 'Alaska Airlines', '10:40', '15:55', 040, 'PHX', 'PEK/ZBAA'),
(0000040, 'Alaska Airlines', '15:25', '19:45', 041, 'IAH', 'LGA'),
(0000043, 'Alaska Airlines', '9:30', '13:05', 042, 'IAH', 'ICN/RKSI'),
(0000044, 'Alaska Airlines', '9:50', '13:00', 043, 'MIA', 'PDX'),
(0000047, 'Alaska Airlines', '22:05', '0:10', 044, 'MSP', 'IAH'),
(0000049, 'Alaska Airlines', '23:50', '1:10', 047, 'MSP', 'MIA'),
(0000050, 'Alaska Airlines', '7:35', '9:25', 048, 'FLL', 'HND/RJTT'),
(0000052, 'Alaska Airlines', '9:55', '11:10', 051, 'FLL', 'CAN/ZGGG'),
(0000053, 'Alaska Airlines', '20:10', '1:45', 052, 'DTW', 'LAX'),
(0000055, 'Alaska Airlines', '16:20', '19:20', 054, 'PHL', 'LGA'),
(0000057, 'Alaska Airlines', '23:30', '3:25', 056, 'PHL', 'SLC'),
(0000059, 'Alaska Airlines', '6:30', '11:35', 057, 'LGA', 'KUL/WMKK'),
(0000061, 'Alaska Airlines', '7:10', '12:10', 058, 'BWI', 'ATL'),
(0000062, 'Alaska Airlines', '11:00', '13:50', 060, 'SLC', 'LAX'),
(0000064, 'Alaska Airlines', '9:35', '12:15', 063, 'SAN', 'CLT'),
(0000066, 'Alaska Airlines', '20:35', '23:40', 066, 'SAN', 'TPA'),
(0000069, 'Alaska Airlines', '10:20', '15:50', 069, 'SAN', 'ICN/RKSI'),
(0000072, 'Alaska Airlines', '6:35', '11:15', 071, 'IAD', 'DFW'),
(0000074, 'Alaska Airlines', '21:15', '1:55', 072, 'IAD', 'MSP'),
(0000077, 'Alaska Airlines', '19:50', '0:50', 074, 'IAD', 'CDG/LFPG'),
(0000080, 'Alaska Airlines', '21:15', '0:05', 075, 'IAD', 'CGK/WIII'),
(0000082, 'Alaska Airlines', '13:20', '17:35', 078, 'DCA', 'FLL'),
(0000083, 'Alaska Airlines', '10:00', '12:45', 081, 'MDW', 'CAN/ZGGG'),
(0000085, 'Alaska Airlines', '6:05', '10:35', 082, 'TPA', 'FLL'),
(0000088, 'Alaska Airlines', '8:20', '12:15', 084, 'TPA', 'DEL/VIDP'),
(0000089, 'Alaska Airlines', '18:55', '23:00', 087, 'PEK/ZBAA', 'IAH'),
(0000091, 'Alaska Airlines', '23:35', '2:55', 090, 'PEK/ZBAA', 'SIN/WSSS'),
(0000092, 'Alaska Airlines', '6:35', '9:55', 092, 'HND/RJTT', 'IAH'),
(0000094, 'Alaska Airlines', '9:05', '13:50', 093, 'HND/RJTT', 'MDW'),
(0000097, 'Alaska Airlines', '18:35', '21:40', 095, 'LHR/EGLL', 'HNL'),
(0000098, 'Alaska Airlines', '23:45', '2:55', 098, 'LHR/EGLL', 'HKG/VHHH'),
(0000101, 'Alaska Airlines', '21:15', '1:55', 000, 'PVG/ZSPD', 'MSP'),
(0000102, 'Alaska Airlines', '20:40', '22:30', 001, 'PVG/ZSPD', 'BWI'),
(0000105, 'Alaska Airlines', '10:10', '15:40', 004, 'PVG/ZSPD', 'DEL/VIDP'),
(0000107, 'Alaska Airlines', '7:45', '11:35', 005, 'CAN/ZGGG', 'PVG/ZSPD'),
(0000108, 'Alaska Airlines', '15:20', '19:30', 006, 'CAN/ZGGG', 'SZX/ZGSZ'),
(0000109, 'Alaska Airlines', '14:20', '19:10', 008, 'AMS/EHAM', 'DCA'),
(0000111, 'Alaska Airlines', '21:10', '1:00', 010, 'FRA/EDDF', 'BOS'),
(0000112, 'Alaska Airlines', '21:15', '23:25', 012, 'FRA/EDDF', 'MSP'),
(0000115, 'Alaska Airlines', '18:45', '22:50', 014, 'SIN/WSSS', 'LHR/EGLL'),
(0000116, 'Alaska Airlines', '10:45', '14:30', 017, 'BKK/VTBS', 'LAX'),
(0000119, 'Alaska Airlines', '18:30', '21:25', 020, 'KUL/WMKK', 'MIA'),
(0000120, 'Alaska Airlines', '14:15', '16:25', 023, 'MAD/LEMD', 'SAN'),
(0000123, 'Alaska Airlines', '23:00', '3:20', 026, 'MAD/LEMD', 'BKK/VTBS'),
(0000125, 'Alaska Airlines', '7:15', '12:20', 028, 'CTU/ZUUU', 'JFK'),
(0000127, 'Alaska Airlines', '19:35', '23:05', 030, 'CTU/ZUUU', 'EWR'),
(0000128, 'Alaska Airlines', '14:15', '16:05', 032, 'CTU/ZUUU', 'CLT'),
(0000131, 'Alaska Airlines', '7:45', '10:30', 034, 'CGK/WIII', 'PHL'),
(0000132, 'Alaska Airlines', '6:10', '11:40', 037, 'CGK/WIII', 'IST/LTBA'),
(0000134, 'Alaska Airlines', '10:30', '15:10', 039, 'BCN/LEBL', 'LAX'),
(0000135, 'Alaska Airlines', '7:10', '11:30', 042, 'BCN/LEBL', 'HND/RJTT'),
(0000137, 'Alaska Airlines', '10:45', '12:10', 044, 'BCN/LEBL', 'HKG/VHHH'),
(0000140, 'Alaska Airlines', '19:40', '22:55', 045, 'IST/LTBA', 'DFW'),
(1000004, 'Allegiant Air', '22:55', '3:05', 106, 'ATL', 'BOS'),
(1000006, 'Allegiant Air', '10:00', '12:15', 107, 'ATL', 'SLC'),
(1000009, 'Allegiant Air', '21:20', '0:50', 110, 'ATL', 'KUL/WMKK'),
(1000012, 'Allegiant Air', '13:30', '16:20', 112, 'LAX', 'DXB/OMDB'),
(1000015, 'Allegiant Air', '14:30', '19:30', 113, 'ORD', 'IAH'),
(1000018, 'Allegiant Air', '8:20', '12:00', 116, 'ORD', 'BOS'),
(1000020, 'Allegiant Air', '17:40', '21:00', 119, 'ORD', 'HKG/VHHH'),
(1000023, 'Allegiant Air', '21:10', '1:35', 122, 'DFW', 'EWR'),
(1000024, 'Allegiant Air', '6:05', '8:10', 125, 'DFW', 'CAN/ZGGG'),
(1000027, 'Allegiant Air', '23:20', '2:35', 127, 'DEN', 'ATL'),
(1000030, 'Allegiant Air', '16:30', '18:55', 128, 'DEN', 'IAH'),
(1000032, 'Allegiant Air', '13:05', '17:55', 130, 'DEN', 'SLC'),
(1000034, 'Allegiant Air', '9:25', '14:20', 131, 'DEN', 'PDX'),
(1000035, 'Allegiant Air', '11:50', '15:20', 133, 'SFO', 'HKG/VHHH'),
(1000038, 'Allegiant Air', '14:50', '19:05', 136, 'SEA', 'HNL'),
(1000039, 'Allegiant Air', '15:50', '17:10', 137, 'MCO', 'DTW'),
(1000040, 'Allegiant Air', '15:20', '17:20', 140, 'CLT', 'FLL'),
(1000042, 'Allegiant Air', '21:25', '1:10', 142, 'CLT', 'BWI'),
(1000044, 'Allegiant Air', '15:00', '18:35', 145, 'CLT', 'DCA'),
(1000046, 'Allegiant Air', '21:05', '2:50', 147, 'CLT', 'PDX'),
(1000049, 'Allegiant Air', '16:25', '21:10', 150, 'PHX', 'MAD/LEMD'),
(1000052, 'Allegiant Air', '6:35', '8:15', 153, 'PHX', 'IST/LTBA'),
(1000054, 'Allegiant Air', '20:15', '1:50', 155, 'BOS', 'SFO'),
(1000057, 'Allegiant Air', '17:45', '19:25', 158, 'BOS', 'LHR/EGLL'),
(1000058, 'Allegiant Air', '6:40', '9:55', 159, 'MSP', 'IST/LTBA'),
(1000061, 'Allegiant Air', '10:20', '15:15', 162, 'FLL', 'SEA'),
(1000064, 'Allegiant Air', '10:10', '12:05', 164, 'DTW', 'DEL/VIDP'),
(1000066, 'Allegiant Air', '14:15', '16:10', 165, 'DTW', 'CTU/ZUUU'),
(1000069, 'Allegiant Air', '16:15', '20:55', 168, 'LGA', 'FRA/EDDF'),
(1000070, 'Allegiant Air', '13:20', '16:20', 169, 'BWI', 'ORD'),
(1000073, 'Allegiant Air', '7:15', '9:35', 170, 'BWI', 'ICN/RKSI'),
(1000074, 'Allegiant Air', '20:10', '1:40', 172, 'SLC', 'ATL'),
(1000077, 'Allegiant Air', '14:25', '17:30', 174, 'SLC', 'LAX'),
(1000078, 'Allegiant Air', '19:55', '0:35', 176, 'SLC', 'CAN/ZGGG'),
(1000081, 'Allegiant Air', '10:45', '13:30', 177, 'SLC', 'MAD/LEMD'),
(1000083, 'Allegiant Air', '14:50', '18:10', 179, 'SAN', 'MDW'),
(1000085, 'Allegiant Air', '17:30', '20:05', 180, 'DCA', 'MSP'),
(1000088, 'Allegiant Air', '11:10', '13:50', 181, 'DCA', 'SIN/WSSS'),
(1000091, 'Allegiant Air', '20:15', '0:45', 182, 'DCA', 'CTU/ZUUU'),
(1000094, 'Allegiant Air', '19:05', '22:00', 185, 'MDW', 'ORD'),
(1000097, 'Allegiant Air', '8:30', '13:40', 187, 'MDW', 'IAH'),
(1000099, 'Allegiant Air', '7:55', '9:50', 188, 'MDW', 'BOS'),
(1000102, 'Allegiant Air', '8:25', '10:10', 191, 'MDW', 'TPA'),
(1000103, 'Allegiant Air', '12:55', '14:30', 192, 'MDW', 'TPA'),
(1000105, 'Allegiant Air', '9:20', '13:05', 193, 'MDW', 'CTU/ZUUU'),
(1000106, 'Allegiant Air', '21:25', '23:10', 196, 'TPA', 'BCN/LEBL'),
(1000107, 'Allegiant Air', '21:45', '1:35', 198, 'PDX', 'LAX'),
(1000110, 'Allegiant Air', '13:50', '18:20', 199, 'HNL', 'ATL'),
(1000111, 'Allegiant Air', '15:50', '18:40', 100, 'PEK/ZBAA', 'TPA'),
(1000112, 'Allegiant Air', '23:00', '3:50', 102, 'DXB/OMDB', 'PHX'),
(1000115, 'Allegiant Air', '9:10', '14:10', 104, 'DXB/OMDB', 'IAH'),
(1000118, 'Allegiant Air', '23:55', '3:30', 105, 'HND/RJTT', 'LAX'),
(1000121, 'Allegiant Air', '9:55', '13:50', 107, 'HND/RJTT', 'IAH'),
(1000122, 'Allegiant Air', '10:15', '15:45', 108, 'HND/RJTT', 'FRA/EDDF'),
(1000123, 'Allegiant Air', '18:55', '20:35', 110, 'HND/RJTT', 'CGK/WIII'),
(1000125, 'Allegiant Air', '23:40', '4:20', 113, 'LHR/EGLL', 'LAS'),
(1000128, 'Allegiant Air', '9:20', '14:30', 116, 'LHR/EGLL', 'DXB/OMDB'),
(1000131, 'Allegiant Air', '11:40', '16:35', 117, 'LHR/EGLL', 'AMS/EHAM'),
(1000132, 'Allegiant Air', '14:40', '18:15', 120, 'PVG/ZSPD', 'TPA'),
(1000133, 'Allegiant Air', '15:55', '20:20', 122, 'CDG/LFPG', 'PHX'),
(1000136, 'Allegiant Air', '6:30', '8:00', 124, 'CDG/LFPG', 'DXB/OMDB'),
(1000137, 'Allegiant Air', '12:50', '14:10', 125, 'CAN/ZGGG', 'IAD'),
(1000139, 'Allegiant Air', '16:20', '18:45', 127, 'AMS/EHAM', 'DCA'),
(1000140, 'Allegiant Air', '17:25', '22:10', 130, 'AMS/EHAM', 'PEK/ZBAA'),
(1000143, 'Allegiant Air', '11:20', '15:25', 131, 'AMS/EHAM', 'CTU/ZUUU'),
(1000144, 'Allegiant Air', '12:00', '15:00', 132, 'HKG/VHHH', 'DTW'),
(1000146, 'Allegiant Air', '8:25', '13:20', 135, 'HKG/VHHH', 'SLC'),
(1000147, 'Allegiant Air', '21:25', '0:35', 136, 'HKG/VHHH', 'CAN/ZGGG'),
(1000148, 'Allegiant Air', '17:00', '20:25', 139, 'ICN/RKSI', 'SIN/WSSS'),
(1000149, 'Allegiant Air', '22:10', '3:45', 141, 'FRA/EDDF', 'DEN'),
(1000151, 'Allegiant Air', '10:50', '15:15', 142, 'FRA/EDDF', 'SEA'),
(1000153, 'Allegiant Air', '15:00', '20:25', 144, 'FRA/EDDF', 'PEK/ZBAA'),
(1000154, 'Allegiant Air', '15:45', '19:40', 146, 'FRA/EDDF', 'BCN/LEBL'),
(1000155, 'Allegiant Air', '14:30', '16:55', 149, 'BKK/VTBS', 'MSP'),
(1000158, 'Allegiant Air', '19:50', '0:40', 150, 'BKK/VTBS', 'HKG/VHHH'),
(1000159, 'Allegiant Air', '14:40', '18:15', 152, 'BKK/VTBS', 'FRA/EDDF'),
(1000160, 'Allegiant Air', '21:05', '23:05', 153, 'KUL/WMKK', 'PEK/ZBAA'),
(1000162, 'Allegiant Air', '22:10', '0:30', 154, 'KUL/WMKK', 'LHR/EGLL'),
(1000164, 'Allegiant Air', '16:15', '19:25', 156, 'CGK/WIII', 'MAD/LEMD'),
(1000165, 'Allegiant Air', '16:25', '20:50', 159, 'SZX/ZGSZ', 'IAD'),
(1000166, 'Allegiant Air', '8:00', '13:15', 162, 'BCN/LEBL', 'ORD'),
(1000168, 'Allegiant Air', '14:15', '19:10', 165, 'IST/LTBA', 'IAH'),
(2000006, 'American Airlines', '12:10', '15:20', 205, 'ATL', 'LAS'),
(2000009, 'American Airlines', '13:10', '17:55', 207, 'ATL', 'MIA'),
(2000011, 'American Airlines', '18:00', '23:00', 208, 'DFW', 'JFK'),
(2000013, 'American Airlines', '14:00', '18:10', 210, 'DFW', 'PHX'),
(2000016, 'American Airlines', '14:35', '19:00', 212, 'DEN', 'LAX'),
(2000018, 'American Airlines', '6:45', '11:35', 214, 'DEN', 'CLT'),
(2000021, 'American Airlines', '23:35', '3:30', 215, 'DEN', 'BCN/LEBL'),
(2000023, 'American Airlines', '13:00', '16:40', 217, 'JFK', 'MDW'),
(2000024, 'American Airlines', '14:15', '17:45', 219, 'SFO', 'IAD'),
(2000026, 'American Airlines', '14:30', '19:45', 220, 'MCO', 'AMS/EHAM'),
(2000027, 'American Airlines', '6:40', '10:45', 222, 'CLT', 'DEN'),
(2000029, 'American Airlines', '16:40', '18:00', 223, 'PHX', 'DEN'),
(2000032, 'American Airlines', '23:20', '1:25', 224, 'PHX', 'PHL'),
(2000035, 'American Airlines', '17:50', '21:20', 226, 'IAH', 'PVG/ZSPD'),
(2000038, 'American Airlines', '17:40', '20:20', 228, 'MIA', 'FRA/EDDF'),
(2000040, 'American Airlines', '17:00', '19:30', 230, 'MIA', 'KUL/WMKK'),
(2000043, 'American Airlines', '15:15', '20:30', 231, 'BOS', 'DEN'),
(2000046, 'American Airlines', '19:05', '23:30', 234, 'FLL', 'PHL'),
(2000047, 'American Airlines', '6:50', '10:45', 237, 'DTW', 'ICN/RKSI'),
(2000050, 'American Airlines', '12:20', '15:30', 240, 'DTW', 'KUL/WMKK'),
(2000052, 'American Airlines', '15:55', '17:55', 242, 'LGA', 'LAS'),
(2000054, 'American Airlines', '20:40', '1:50', 243, 'BWI', 'PVG/ZSPD'),
(2000057, 'American Airlines', '10:15', '13:50', 245, 'BWI', 'SZX/ZGSZ'),
(2000060, 'American Airlines', '8:25', '13:50', 247, 'SLC', 'CDG/LFPG'),
(2000063, 'American Airlines', '17:55', '21:10', 249, 'SLC', 'KUL/WMKK'),
(2000064, 'American Airlines', '8:45', '11:30', 251, 'IAD', 'IAH'),
(2000066, 'American Airlines', '22:15', '0:30', 253, 'IAD', 'SZX/ZGSZ'),
(2000067, 'American Airlines', '8:10', '10:35', 254, 'DCA', 'CAN/ZGGG'),
(2000070, 'American Airlines', '7:55', '10:55', 257, 'MDW', 'PHX'),
(2000072, 'American Airlines', '11:25', '14:40', 260, 'MDW', 'PVG/ZSPD'),
(2000073, 'American Airlines', '22:30', '0:35', 263, 'MDW', 'AMS/EHAM'),
(2000075, 'American Airlines', '14:40', '18:50', 266, 'TPA', 'ORD'),
(2000076, 'American Airlines', '16:25', '21:20', 269, 'TPA', 'CGK/WIII'),
(2000079, 'American Airlines', '9:05', '12:10', 270, 'TPA', 'SZX/ZGSZ'),
(2000082, 'American Airlines', '21:45', '0:20', 272, 'PDX', 'ATL'),
(2000084, 'American Airlines', '10:50', '14:00', 273, 'PDX', 'LAS'),
(2000085, 'American Airlines', '18:55', '22:35', 275, 'PDX', 'PHL'),
(2000087, 'American Airlines', '17:45', '20:50', 278, 'PDX', 'LGA'),
(2000088, 'American Airlines', '14:05', '18:35', 279, 'PEK/ZBAA', 'LAX'),
(2000090, 'American Airlines', '14:00', '16:30', 282, 'PEK/ZBAA', 'ORD'),
(2000093, 'American Airlines', '17:35', '21:05', 285, 'PEK/ZBAA', 'IST/LTBA'),
(2000096, 'American Airlines', '7:50', '10:00', 286, 'DXB/OMDB', 'HNL'),
(2000097, 'American Airlines', '7:35', '9:30', 287, 'HND/RJTT', 'LAX'),
(2000100, 'American Airlines', '10:50', '13:40', 290, 'HND/RJTT', 'LAS'),
(2000102, 'American Airlines', '12:40', '14:35', 293, 'HND/RJTT', 'DCA'),
(2000104, 'American Airlines', '14:40', '18:20', 294, 'LHR/EGLL', 'MIA'),
(2000107, 'American Airlines', '21:10', '1:25', 297, 'LHR/EGLL', 'MIA'),
(2000109, 'American Airlines', '7:15', '12:10', 298, 'LHR/EGLL', 'SAN'),
(2000111, 'American Airlines', '21:30', '2:20', 200, 'LHR/EGLL', 'IAD'),
(2000114, 'American Airlines', '11:20', '14:20', 202, 'LHR/EGLL', 'BKK/VTBS'),
(2000115, 'American Airlines', '19:35', '21:00', 203, 'PVG/ZSPD', 'DXB/OMDB'),
(2000116, 'American Airlines', '16:30', '18:15', 204, 'CDG/LFPG', 'EWR'),
(2000119, 'American Airlines', '22:10', '3:10', 207, 'AMS/EHAM', 'CDG/LFPG'),
(2000121, 'American Airlines', '21:25', '2:20', 210, 'HKG/VHHH', 'IAD'),
(2000122, 'American Airlines', '17:35', '19:10', 211, 'ICN/RKSI', 'LAS'),
(2000125, 'American Airlines', '14:45', '17:15', 213, 'ICN/RKSI', 'PHL'),
(2000126, 'American Airlines', '18:15', '22:00', 215, 'ICN/RKSI', 'SIN/WSSS'),
(2000127, 'American Airlines', '9:15', '11:00', 217, 'FRA/EDDF', 'MSP'),
(2000130, 'American Airlines', '10:40', '15:35', 220, 'FRA/EDDF', 'LGA'),
(2000133, 'American Airlines', '20:00', '1:05', 222, 'FRA/EDDF', 'TPA'),
(2000134, 'American Airlines', '19:20', '23:50', 225, 'FRA/EDDF', 'CDG/LFPG'),
(2000136, 'American Airlines', '14:35', '17:20', 226, 'DEL/VIDP', 'ORD'),
(2000137, 'American Airlines', '11:55', '16:45', 228, 'DEL/VIDP', 'EWR'),
(2000140, 'American Airlines', '11:10', '15:40', 231, 'DEL/VIDP', 'LHR/EGLL'),
(2000142, 'American Airlines', '17:00', '19:45', 234, 'BKK/VTBS', 'MSP'),
(2000143, 'American Airlines', '20:20', '22:50', 236, 'BKK/VTBS', 'BWI'),
(2000144, 'American Airlines', '14:00', '17:10', 239, 'KUL/WMKK', 'DFW'),
(2000146, 'American Airlines', '9:30', '11:00', 242, 'KUL/WMKK', 'MCO'),
(2000147, 'American Airlines', '15:00', '17:45', 243, 'KUL/WMKK', 'PHX'),
(2000148, 'American Airlines', '12:50', '15:10', 246, 'KUL/WMKK', 'SIN/WSSS'),
(2000150, 'American Airlines', '6:15', '8:05', 248, 'CTU/ZUUU', 'EWR'),
(2000152, 'American Airlines', '9:50', '11:30', 249, 'CGK/WIII', 'PHL'),
(3000005, 'Delta Air Lines', '11:20', '16:40', 309, 'ATL', 'DCA'),
(3000007, 'Delta Air Lines', '10:15', '12:45', 312, 'LAX', 'MIA'),
(3000008, 'Delta Air Lines', '21:30', '1:05', 314, 'ORD', 'SAN'),
(3000010, 'Delta Air Lines', '18:10', '22:00', 316, 'DFW', 'DEL/VIDP'),
(3000013, 'Delta Air Lines', '8:00', '12:35', 318, 'DEN', 'SFO'),
(3000014, 'Delta Air Lines', '16:25', '21:10', 319, 'DEN', 'ICN/RKSI'),
(3000016, 'Delta Air Lines', '20:30', '22:30', 320, 'DEN', 'SIN/WSSS'),
(3000019, 'Delta Air Lines', '21:20', '23:10', 322, 'JFK', 'HNL'),
(3000020, 'Delta Air Lines', '11:20', '13:20', 325, 'JFK', 'LHR/EGLL'),
(3000023, 'Delta Air Lines', '17:40', '20:35', 327, 'SFO', 'AMS/EHAM'),
(3000026, 'Delta Air Lines', '23:25', '1:35', 328, 'SEA', 'DEL/VIDP'),
(3000029, 'Delta Air Lines', '10:40', '15:20', 329, 'LAS', 'DXB/OMDB'),
(3000031, 'Delta Air Lines', '13:35', '17:30', 330, 'CLT', 'JFK'),
(3000033, 'Delta Air Lines', '7:05', '10:00', 331, 'CLT', 'MSP'),
(3000035, 'Delta Air Lines', '15:00', '18:50', 332, 'CLT', 'PHL'),
(3000036, 'Delta Air Lines', '20:20', '0:20', 335, 'CLT', 'HND/RJTT'),
(3000038, 'Delta Air Lines', '17:30', '21:25', 336, 'CLT', 'SZX/ZGSZ'),
(3000039, 'Delta Air Lines', '13:45', '15:00', 337, 'IAH', 'SEA'),
(3000041, 'Delta Air Lines', '23:55', '3:20', 338, 'IAH', 'HNL'),
(3000043, 'Delta Air Lines', '19:00', '0:30', 341, 'IAH', 'CTU/ZUUU'),
(3000045, 'Delta Air Lines', '7:10', '11:05', 343, 'MIA', 'ATL'),
(3000046, 'Delta Air Lines', '15:05', '18:15', 345, 'MSP', 'SZX/ZGSZ'),
(3000047, 'Delta Air Lines', '20:10', '23:30', 346, 'DTW', 'IAH'),
(3000050, 'Delta Air Lines', '8:40', '11:25', 348, 'LGA', 'PDX'),
(3000052, 'Delta Air Lines', '12:55', '16:15', 351, 'LGA', 'DXB/OMDB'),
(3000053, 'Delta Air Lines', '20:00', '23:20', 354, 'LGA', 'CDG/LFPG'),
(3000055, 'Delta Air Lines', '11:20', '16:05', 355, 'LGA', 'SZX/ZGSZ'),
(3000058, 'Delta Air Lines', '19:15', '21:25', 356, 'BWI', 'IAD'),
(3000060, 'Delta Air Lines', '15:05', '20:25', 357, 'SLC', 'HNL'),
(3000061, 'Delta Air Lines', '23:00', '1:10', 360, 'SLC', 'ICN/RKSI'),
(3000064, 'Delta Air Lines', '9:15', '12:20', 361, 'SAN', 'KUL/WMKK'),
(3000065, 'Delta Air Lines', '17:55', '21:10', 364, 'IAD', 'PHL'),
(3000067, 'Delta Air Lines', '16:15', '19:00', 367, 'DCA', 'IAD'),
(3000068, 'Delta Air Lines', '14:15', '16:30', 368, 'DCA', 'BCN/LEBL'),
(3000069, 'Delta Air Lines', '19:00', '0:40', 369, 'MDW', 'CLT'),
(3000072, 'Delta Air Lines', '13:25', '18:15', 372, 'MDW', 'IAH'),
(3000073, 'Delta Air Lines', '21:40', '1:15', 374, 'MDW', 'SIN/WSSS'),
(3000076, 'Delta Air Lines', '20:20', '0:50', 375, 'HNL', 'CLT'),
(3000077, 'Delta Air Lines', '22:00', '1:40', 378, 'HNL', 'FLL'),
(3000078, 'Delta Air Lines', '14:55', '17:10', 380, 'HNL', 'BWI'),
(3000079, 'Delta Air Lines', '15:15', '20:45', 382, 'HNL', 'ICN/RKSI'),
(3000081, 'Delta Air Lines', '23:45', '3:05', 384, 'DXB/OMDB', 'MDW'),
(3000083, 'Delta Air Lines', '20:15', '23:10', 387, 'DXB/OMDB', 'CGK/WIII'),
(3000086, 'Delta Air Lines', '11:00', '16:25', 388, 'HND/RJTT', 'LAS'),
(3000088, 'Delta Air Lines', '22:15', '2:05', 391, 'HND/RJTT', 'PVG/ZSPD'),
(3000090, 'Delta Air Lines', '17:25', '22:40', 392, 'HND/RJTT', 'DEL/VIDP'),
(3000093, 'Delta Air Lines', '16:50', '21:45', 393, 'LHR/EGLL', 'BOS'),
(3000096, 'Delta Air Lines', '18:25', '21:05', 394, 'PVG/ZSPD', 'ORD'),
(3000099, 'Delta Air Lines', '6:25', '8:15', 395, 'PVG/ZSPD', 'PHX'),
(3000100, 'Delta Air Lines', '22:40', '3:15', 398, 'PVG/ZSPD', 'CDG/LFPG'),
(3000102, 'Delta Air Lines', '7:40', '9:55', 300, 'PVG/ZSPD', 'CAN/ZGGG'),
(3000105, 'Delta Air Lines', '20:15', '23:50', 301, 'CAN/ZGGG', 'DEL/VIDP'),
(3000107, 'Delta Air Lines', '12:50', '16:05', 302, 'HKG/VHHH', 'PHX'),
(3000109, 'Delta Air Lines', '8:20', '13:55', 304, 'HKG/VHHH', 'DCA'),
(3000111, 'Delta Air Lines', '18:10', '22:20', 307, 'HKG/VHHH', 'IST/LTBA'),
(3000113, 'Delta Air Lines', '20:10', '22:10', 310, 'ICN/RKSI', 'MDW'),
(3000116, 'Delta Air Lines', '18:25', '23:00', 313, 'ICN/RKSI', 'LHR/EGLL'),
(3000117, 'Delta Air Lines', '17:50', '20:45', 314, 'ICN/RKSI', 'PVG/ZSPD'),
(3000120, 'Delta Air Lines', '14:05', '18:45', 317, 'ICN/RKSI', 'CGK/WIII'),
(3000122, 'Delta Air Lines', '13:00', '18:00', 320, 'FRA/EDDF', 'ATL'),
(3000123, 'Delta Air Lines', '23:55', '2:10', 323, 'DEL/VIDP', 'HND/RJTT'),
(3000126, 'Delta Air Lines', '9:50', '12:30', 324, 'SIN/WSSS', 'SEA'),
(3000127, 'Delta Air Lines', '19:20', '23:50', 326, 'SIN/WSSS', 'DEL/VIDP'),
(3000128, 'Delta Air Lines', '7:30', '9:25', 328, 'BKK/VTBS', 'LAS'),
(3000131, 'Delta Air Lines', '10:20', '13:15', 331, 'BKK/VTBS', 'PDX'),
(3000134, 'Delta Air Lines', '12:45', '17:00', 333, 'BKK/VTBS', 'SIN/WSSS'),
(3000135, 'Delta Air Lines', '22:50', '1:45', 335, 'KUL/WMKK', 'HKG/VHHH'),
(3000138, 'Delta Air Lines', '15:55', '17:15', 337, 'MAD/LEMD', 'TPA'),
(3000139, 'Delta Air Lines', '13:15', '17:10', 339, 'MAD/LEMD', 'PVG/ZSPD'),
(3000140, 'Delta Air Lines', '17:35', '19:15', 342, 'MAD/LEMD', 'FRA/EDDF'),
(3000143, 'Delta Air Lines', '9:40', '11:35', 344, 'CTU/ZUUU', 'CAN/ZGGG'),
(3000145, 'Delta Air Lines', '12:00', '17:50', 347, 'CTU/ZUUU', 'AMS/EHAM'),
(3000148, 'Delta Air Lines', '21:15', '2:35', 350, 'SZX/ZGSZ', 'CLT'),
(3000149, 'Delta Air Lines', '21:45', '23:30', 351, 'SZX/ZGSZ', 'LGA'),
(3000150, 'Delta Air Lines', '6:15', '8:05', 353, 'BCN/LEBL', 'DFW'),
(3000153, 'Delta Air Lines', '16:10', '18:30', 356, 'BCN/LEBL', 'SZX/ZGSZ'),
(3000155, 'Delta Air Lines', '12:15', '17:20', 357, 'IST/LTBA', 'TPA'),
(3000156, 'Delta Air Lines', '10:20', '15:40', 360, 'IST/LTBA', 'DXB/OMDB'),
(4000010, 'Frontier Airlines', '14:55', '17:45', 405, 'ATL', 'IAH'),
(4000011, 'Frontier Airlines', '14:10', '16:45', 406, 'LAX', 'CTU/ZUUU'),
(4000013, 'Frontier Airlines', '18:40', '22:05', 408, 'ORD', 'HND/RJTT'),
(4000015, 'Frontier Airlines', '15:20', '20:40', 410, 'DFW', 'MSP'),
(4000018, 'Frontier Airlines', '19:55', '22:10', 413, 'DFW', 'PHL'),
(4000019, 'Frontier Airlines', '12:55', '17:40', 415, 'DEN', 'IAD'),
(4000021, 'Frontier Airlines', '18:55', '20:35', 416, 'DEN', 'CGK/WIII'),
(4000022, 'Frontier Airlines', '23:45', '1:50', 419, 'DEN', 'BCN/LEBL'),
(4000025, 'Frontier Airlines', '7:25', '11:50', 420, 'JFK', 'DEL/VIDP'),
(4000028, 'Frontier Airlines', '22:05', '3:25', 421, 'SFO', 'IAD'),
(4000031, 'Frontier Airlines', '6:20', '9:00', 423, 'SEA', 'BCN/LEBL'),
(4000033, 'Frontier Airlines', '11:30', '15:20', 426, 'LAS', 'LAX'),
(4000034, 'Frontier Airlines', '14:35', '16:00', 427, 'LAS', 'MDW'),
(4000035, 'Frontier Airlines', '8:25', '11:20', 428, 'LAS', 'DEL/VIDP'),
(4000036, 'Frontier Airlines', '20:30', '22:55', 430, 'MCO', 'MAD/LEMD'),
(4000039, 'Frontier Airlines', '6:20', '11:50', 432, 'EWR', 'ATL'),
(4000041, 'Frontier Airlines', '19:35', '22:25', 434, 'PHX', 'EWR'),
(4000044, 'Frontier Airlines', '6:25', '10:15', 437, 'PHX', 'DXB/OMDB'),
(4000046, 'Frontier Airlines', '23:05', '3:40', 440, 'PHX', 'HKG/VHHH'),
(4000048, 'Frontier Airlines', '21:00', '23:50', 441, 'IAH', 'DEN'),
(4000051, 'Frontier Airlines', '14:00', '16:10', 443, 'MIA', 'SEA'),
(4000053, 'Frontier Airlines', '22:20', '3:10', 446, 'MIA', 'IST/LTBA'),
(4000056, 'Frontier Airlines', '9:05', '14:20', 449, 'FLL', 'TPA'),
(4000058, 'Frontier Airlines', '19:50', '22:45', 452, 'DTW', 'DEN'),
(4000061, 'Frontier Airlines', '22:10', '2:30', 453, 'PHL', 'DEL/VIDP'),
(4000062, 'Frontier Airlines', '14:05', '16:40', 454, 'LGA', 'PHX'),
(4000063, 'Frontier Airlines', '7:05', '10:50', 457, 'BWI', 'SAN'),
(4000065, 'Frontier Airlines', '11:55', '14:30', 459, 'BWI', 'PEK/ZBAA'),
(4000068, 'Frontier Airlines', '16:50', '21:50', 460, 'BWI', 'KUL/WMKK'),
(4000070, 'Frontier Airlines', '20:55', '22:20', 462, 'SLC', 'ORD'),
(4000073, 'Frontier Airlines', '23:50', '1:55', 464, 'SLC', 'CAN/ZGGG'),
(4000076, 'Frontier Airlines', '21:55', '0:20', 465, 'SAN', 'SIN/WSSS'),
(4000077, 'Frontier Airlines', '10:05', '14:35', 466, 'IAD', 'CAN/ZGGG'),
(4000079, 'Frontier Airlines', '23:05', '1:15', 467, 'DCA', 'IAH'),
(4000081, 'Frontier Airlines', '14:40', '16:35', 468, 'DCA', 'FLL'),
(4000082, 'Frontier Airlines', '16:55', '19:00', 471, 'DCA', 'SAN'),
(4000084, 'Frontier Airlines', '20:40', '23:15', 474, 'DCA', 'IAD'),
(4000087, 'Frontier Airlines', '22:35', '0:00', 475, 'DCA', 'BKK/VTBS'),
(4000088, 'Frontier Airlines', '15:00', '17:35', 477, 'TPA', 'ORD'),
(4000090, 'Frontier Airlines', '18:55', '23:10', 480, 'TPA', 'DEN'),
(4000091, 'Frontier Airlines', '15:00', '19:00', 481, 'TPA', 'SEA'),
(4000094, 'Frontier Airlines', '18:00', '21:30', 484, 'TPA', 'DTW'),
(4000097, 'Frontier Airlines', '6:20', '11:10', 487, 'TPA', 'MAD/LEMD'),
(4000098, 'Frontier Airlines', '7:00', '9:20', 490, 'PDX', 'BWI'),
(4000100, 'Frontier Airlines', '21:05', '0:45', 491, 'PDX', 'KUL/WMKK'),
(4000102, 'Frontier Airlines', '8:10', '12:50', 493, 'HNL', 'BOS'),
(4000104, 'Frontier Airlines', '12:50', '16:40', 496, 'HNL', 'TPA'),
(4000107, 'Frontier Airlines', '16:05', '19:10', 497, 'HNL', 'CAN/ZGGG'),
(4000108, 'Frontier Airlines', '14:25', '19:35', 400, 'HNL', 'SZX/ZGSZ'),
(4000110, 'Frontier Airlines', '23:30', '3:25', 401, 'PEK/ZBAA', 'LHR/EGLL'),
(4000112, 'Frontier Airlines', '11:15', '16:20', 402, 'LHR/EGLL', 'CLT'),
(4000115, 'Frontier Airlines', '6:25', '11:00', 403, 'PVG/ZSPD', 'IAH'),
(4000117, 'Frontier Airlines', '18:05', '23:55', 404, 'CAN/ZGGG', 'CLT'),
(4000120, 'Frontier Airlines', '13:00', '15:55', 406, 'CAN/ZGGG', 'IAH'),
(4000122, 'Frontier Airlines', '21:45', '2:25', 407, 'CAN/ZGGG', 'HKG/VHHH'),
(4000124, 'Frontier Airlines', '12:40', '14:15', 410, 'AMS/EHAM', 'DFW'),
(4000127, 'Frontier Airlines', '23:15', '1:10', 411, 'AMS/EHAM', 'CAN/ZGGG'),
(4000129, 'Frontier Airlines', '18:40', '20:15', 412, 'HKG/VHHH', 'BOS'),
(4000130, 'Frontier Airlines', '16:00', '19:15', 413, 'ICN/RKSI', 'TPA'),
(4000131, 'Frontier Airlines', '9:05', '14:00', 415, 'DEL/VIDP', 'DFW'),
(4000132, 'Frontier Airlines', '17:25', '22:15', 418, 'DEL/VIDP', 'HND/RJTT'),
(4000134, 'Frontier Airlines', '18:00', '22:55', 419, 'DEL/VIDP', 'BKK/VTBS'),
(4000137, 'Frontier Airlines', '16:10', '19:20', 420, 'SIN/WSSS', 'ORD'),
(4000138, 'Frontier Airlines', '8:10', '11:50', 422, 'SIN/WSSS', 'MDW'),
(4000140, 'Frontier Airlines', '15:10', '20:15', 425, 'SIN/WSSS', 'HKG/VHHH'),
(4000141, 'Frontier Airlines', '15:35', '20:20', 426, 'SIN/WSSS', 'MAD/LEMD'),
(4000142, 'Frontier Airlines', '22:05', '3:45', 428, 'BKK/VTBS', 'CAN/ZGGG'),
(4000144, 'Frontier Airlines', '10:20', '15:10', 431, 'KUL/WMKK', 'LAS'),
(4000146, 'Frontier Airlines', '15:25', '18:15', 434, 'KUL/WMKK', 'IAD'),
(4000148, 'Frontier Airlines', '12:05', '17:05', 436, 'CTU/ZUUU', 'BWI'),
(4000150, 'Frontier Airlines', '23:15', '4:30', 438, 'CTU/ZUUU', 'KUL/WMKK'),
(4000152, 'Frontier Airlines', '13:45', '15:05', 439, 'CGK/WIII', 'CTU/ZUUU'),
(4000154, 'Frontier Airlines', '12:40', '15:25', 442, 'BCN/LEBL', 'CLT'),
(4000156, 'Frontier Airlines', '11:30', '13:05', 445, 'BCN/LEBL', 'PDX'),
(4000158, 'Frontier Airlines', '21:35', '2:05', 446, 'IST/LTBA', 'CTU/ZUUU'),
(5000003, 'Hawaiian Airlines', '17:30', '20:15', 501, 'ATL', 'SEA'),
(5000005, 'Hawaiian Airlines', '8:35', '11:00', 503, 'LAX', 'BCN/LEBL'),
(5000006, 'Hawaiian Airlines', '22:05', '3:35', 506, 'ORD', 'MSP'),
(5000008, 'Hawaiian Airlines', '17:35', '22:00', 508, 'DFW', 'PHX'),
(5000010, 'Hawaiian Airlines', '19:25', '0:05', 509, 'DFW', 'BOS'),
(5000011, 'Hawaiian Airlines', '10:15', '14:10', 511, 'JFK', 'CLT'),
(5000013, 'Hawaiian Airlines', '23:15', '1:35', 512, 'JFK', 'MSP'),
(5000015, 'Hawaiian Airlines', '12:25', '14:10', 513, 'SFO', 'DFW'),
(5000018, 'Hawaiian Airlines', '10:35', '14:50', 514, 'SFO', 'HND/RJTT'),
(5000021, 'Hawaiian Airlines', '18:20', '21:40', 515, 'SFO', 'LHR/EGLL'),
(5000024, 'Hawaiian Airlines', '14:55', '18:45', 517, 'LAS', 'PHX'),
(5000026, 'Hawaiian Airlines', '20:45', '1:40', 520, 'LAS', 'BOS'),
(5000027, 'Hawaiian Airlines', '22:55', '1:45', 523, 'LAS', 'MDW'),
(5000029, 'Hawaiian Airlines', '23:55', '1:20', 524, 'MCO', 'DXB/OMDB'),
(5000030, 'Hawaiian Airlines', '20:25', '22:50', 526, 'MCO', 'FRA/EDDF'),
(5000031, 'Hawaiian Airlines', '20:20', '0:55', 528, 'EWR', 'SZX/ZGSZ'),
(5000033, 'Hawaiian Airlines', '19:00', '23:00', 531, 'PHX', 'DFW'),
(5000036, 'Hawaiian Airlines', '8:05', '11:15', 532, 'PHX', 'DEN'),
(5000039, 'Hawaiian Airlines', '7:35', '9:50', 534, 'PHX', 'CTU/ZUUU'),
(5000040, 'Hawaiian Airlines', '17:55', '22:55', 536, 'MIA', 'PVG/ZSPD'),
(5000041, 'Hawaiian Airlines', '6:55', '8:05', 537, 'BOS', 'AMS/EHAM'),
(5000042, 'Hawaiian Airlines', '17:05', '20:00', 539, 'MSP', 'BCN/LEBL'),
(5000044, 'Hawaiian Airlines', '22:30', '0:55', 540, 'DTW', 'LGA'),
(5000045, 'Hawaiian Airlines', '8:55', '11:40', 542, 'PHL', 'HKG/VHHH'),
(5000048, 'Hawaiian Airlines', '16:10', '20:05', 545, 'PHL', 'HKG/VHHH'),
(5000051, 'Hawaiian Airlines', '8:10', '12:30', 546, 'LGA', 'PHX'),
(5000054, 'Hawaiian Airlines', '11:05', '14:25', 549, 'LGA', 'SAN'),
(5000055, 'Hawaiian Airlines', '10:05', '13:00', 551, 'LGA', 'HND/RJTT'),
(5000058, 'Hawaiian Airlines', '12:25', '17:05', 552, 'BWI', 'DEN'),
(5000059, 'Hawaiian Airlines', '22:35', '3:35', 554, 'SLC', 'LGA'),
(5000062, 'Hawaiian Airlines', '19:35', '22:35', 555, 'SAN', 'SFO'),
(5000063, 'Hawaiian Airlines', '9:15', '12:20', 558, 'SAN', 'SEA'),
(5000065, 'Hawaiian Airlines', '13:30', '18:25', 559, 'IAD', 'PDX'),
(5000067, 'Hawaiian Airlines', '6:45', '8:55', 560, 'IAD', 'DXB/OMDB'),
(5000070, 'Hawaiian Airlines', '6:40', '11:05', 562, 'IAD', 'LHR/EGLL'),
(5000073, 'Hawaiian Airlines', '13:45', '15:55', 563, 'IAD', 'FRA/EDDF'),
(5000076, 'Hawaiian Airlines', '14:05', '18:15', 565, 'DCA', 'DXB/OMDB'),
(5000079, 'Hawaiian Airlines', '8:55', '11:10', 566, 'DCA', 'PVG/ZSPD'),
(5000081, 'Hawaiian Airlines', '9:25', '13:40', 568, 'TPA', 'DTW'),
(5000083, 'Hawaiian Airlines', '16:20', '20:05', 570, 'HNL', 'IAH'),
(5000085, 'Hawaiian Airlines', '21:50', '1:50', 572, 'HNL', 'CTU/ZUUU'),
(5000087, 'Hawaiian Airlines', '18:55', '23:00', 573, 'PEK/ZBAA', 'EWR'),
(5000088, 'Hawaiian Airlines', '7:25', '9:10', 574, 'DXB/OMDB', 'DEL/VIDP'),
(5000089, 'Hawaiian Airlines', '20:25', '0:10', 575, 'HND/RJTT', 'SLC'),
(5000092, 'Hawaiian Airlines', '11:20', '16:40', 578, 'LHR/EGLL', 'DXB/OMDB'),
(5000093, 'Hawaiian Airlines', '8:40', '11:55', 579, 'PVG/ZSPD', 'LAX'),
(5000095, 'Hawaiian Airlines', '14:40', '19:05', 582, 'PVG/ZSPD', 'MCO'),
(5000097, 'Hawaiian Airlines', '6:15', '8:50', 585, 'PVG/ZSPD', 'BWI'),
(5000099, 'Hawaiian Airlines', '14:50', '19:30', 586, 'CAN/ZGGG', 'LAX'),
(5000100, 'Hawaiian Airlines', '17:15', '21:05', 587, 'CAN/ZGGG', 'BWI'),
(5000102, 'Hawaiian Airlines', '6:05', '10:10', 588, 'CAN/ZGGG', 'BCN/LEBL'),
(5000104, 'Hawaiian Airlines', '12:55', '16:00', 589, 'AMS/EHAM', 'DTW'),
(5000107, 'Hawaiian Airlines', '7:40', '9:15', 590, 'AMS/EHAM', 'LGA'),
(5000109, 'Hawaiian Airlines', '22:55', '2:50', 593, 'AMS/EHAM', 'PVG/ZSPD'),
(5000110, 'Hawaiian Airlines', '16:20', '21:00', 594, 'HKG/VHHH', 'ORD'),
(5000111, 'Hawaiian Airlines', '7:30', '10:10', 597, 'ICN/RKSI', 'ORD'),
(5000113, 'Hawaiian Airlines', '22:35', '3:45', 500, 'ICN/RKSI', 'SFO'),
(5000114, 'Hawaiian Airlines', '15:40', '19:35', 503, 'ICN/RKSI', 'CTU/ZUUU'),
(5000117, 'Hawaiian Airlines', '22:45', '0:00', 505, 'FRA/EDDF', 'JFK'),
(5000119, 'Hawaiian Airlines', '19:30', '0:35', 508, 'FRA/EDDF', 'SZX/ZGSZ'),
(5000122, 'Hawaiian Airlines', '10:20', '14:55', 510, 'DEL/VIDP', 'PHL'),
(5000124, 'Hawaiian Airlines', '14:55', '17:30', 512, 'SIN/WSSS', 'EWR'),
(5000126, 'Hawaiian Airlines', '6:55', '11:35', 514, 'SIN/WSSS', 'TPA'),
(5000127, 'Hawaiian Airlines', '9:20', '12:30', 517, 'BKK/VTBS', 'LAS'),
(5000129, 'Hawaiian Airlines', '13:55', '15:45', 519, 'MAD/LEMD', 'FLL'),
(5000130, 'Hawaiian Airlines', '10:35', '12:50', 520, 'MAD/LEMD', 'SAN'),
(5000132, 'Hawaiian Airlines', '8:15', '13:30', 523, 'CTU/ZUUU', 'LAS'),
(5000133, 'Hawaiian Airlines', '15:50', '20:45', 526, 'CTU/ZUUU', 'DTW'),
(5000134, 'Hawaiian Airlines', '23:10', '3:40', 528, 'CGK/WIII', 'CTU/ZUUU'),
(5000136, 'Hawaiian Airlines', '19:00', '23:35', 531, 'SZX/ZGSZ', 'SEA'),
(5000139, 'Hawaiian Airlines', '15:45', '18:00', 534, 'SZX/ZGSZ', 'BWI'),
(5000142, 'Hawaiian Airlines', '18:30', '20:15', 536, 'SZX/ZGSZ', 'TPA'),
(5000144, 'Hawaiian Airlines', '15:15', '17:50', 537, 'SZX/ZGSZ', 'CAN/ZGGG'),
(5000145, 'Hawaiian Airlines', '23:25', '2:20', 539, 'BCN/LEBL', 'PHX'),
(5000146, 'Hawaiian Airlines', '12:05', '14:00', 540, 'BCN/LEBL', 'PDX'),
(5000148, 'Hawaiian Airlines', '23:20', '2:40', 542, 'IST/LTBA', 'SEA'),
(5000151, 'Hawaiian Airlines', '8:35', '11:50', 543, 'IST/LTBA', 'LAS'),
(5000152, 'Hawaiian Airlines', '22:40', '3:35', 546, 'IST/LTBA', 'BOS'),
(6000003, 'JetBlue', '19:30', '22:15', 610, 'ORD', 'BOS'),
(6000004, 'JetBlue', '17:45', '21:55', 611, 'DFW', 'SEA'),
(6000005, 'JetBlue', '10:05', '12:45', 613, 'DFW', 'IST/LTBA'),
(6000008, 'JetBlue', '20:55', '22:50', 615, 'JFK', 'SAN'),
(6000009, 'JetBlue', '15:05', '19:25', 618, 'JFK', 'CAN/ZGGG'),
(6000010, 'JetBlue', '11:15', '13:30', 619, 'SEA', 'ORD'),
(6000013, 'JetBlue', '14:50', '17:05', 620, 'LAS', 'PVG/ZSPD'),
(6000014, 'JetBlue', '22:25', '0:30', 623, 'MCO', 'JFK'),
(6000017, 'JetBlue', '12:20', '16:40', 625, 'MCO', 'DTW'),
(6000020, 'JetBlue', '20:40', '23:50', 627, 'EWR', 'SZX/ZGSZ'),
(6000021, 'JetBlue', '20:00', '1:15', 629, 'CLT', 'DFW'),
(6000023, 'JetBlue', '23:55', '1:55', 631, 'CLT', 'SFO'),
(6000024, 'JetBlue', '13:00', '18:00', 633, 'PHX', 'HKG/VHHH'),
(6000025, 'JetBlue', '7:55', '9:00', 636, 'IAH', 'MIA'),
(6000027, 'JetBlue', '19:15', '23:10', 638, 'MIA', 'CLT'),
(6000028, 'JetBlue', '11:15', '13:15', 640, 'MIA', 'LHR/EGLL'),
(6000030, 'JetBlue', '23:05', '1:15', 641, 'BOS', 'DXB/OMDB'),
(6000032, 'JetBlue', '11:25', '15:05', 642, 'BOS', 'CDG/LFPG'),
(6000033, 'JetBlue', '23:20', '4:30', 645, 'BOS', 'AMS/EHAM'),
(6000035, 'JetBlue', '21:10', '2:15', 648, 'BOS', 'HKG/VHHH'),
(6000037, 'JetBlue', '23:05', '2:10', 650, 'FLL', 'BOS'),
(6000039, 'JetBlue', '18:55', '23:20', 652, 'FLL', 'MSP'),
(6000040, 'JetBlue', '21:15', '1:00', 653, 'FLL', 'KUL/WMKK'),
(6000042, 'JetBlue', '11:05', '16:40', 656, 'LGA', 'PHX'),
(6000043, 'JetBlue', '19:55', '0:30', 659, 'BWI', 'PHX'),
(6000045, 'JetBlue', '14:30', '19:35', 660, 'BWI', 'LHR/EGLL'),
(6000046, 'JetBlue', '12:35', '16:45', 663, 'SLC', 'BOS'),
(6000048, 'JetBlue', '8:10', '12:35', 666, 'SLC', 'HNL'),
(6000049, 'JetBlue', '13:05', '18:45', 669, 'SAN', 'EWR'),
(6000052, 'JetBlue', '15:30', '17:20', 671, 'IAD', 'IST/LTBA'),
(6000053, 'JetBlue', '21:30', '0:45', 674, 'DCA', 'ICN/RKSI'),
(6000054, 'JetBlue', '16:15', '21:50', 675, 'MDW', 'CLT'),
(6000055, 'JetBlue', '19:05', '0:30', 677, 'MDW', 'MSP'),
(6000058, 'JetBlue', '19:00', '23:30', 678, 'MDW', 'MAD/LEMD'),
(6000060, 'JetBlue', '12:00', '15:45', 681, 'TPA', 'DEN'),
(6000061, 'JetBlue', '13:35', '17:15', 683, 'TPA', 'CLT'),
(6000064, 'JetBlue', '9:10', '13:20', 686, 'TPA', 'LGA'),
(6000066, 'JetBlue', '11:35', '15:15', 688, 'PDX', 'PHL'),
(6000069, 'JetBlue', '21:00', '2:50', 691, 'PDX', 'DXB/OMDB'),
(6000071, 'JetBlue', '18:05', '23:00', 692, 'PDX', 'CGK/WIII'),
(6000072, 'JetBlue', '11:40', '14:40', 693, 'PEK/ZBAA', 'HND/RJTT'),
(6000074, 'JetBlue', '11:45', '15:25', 695, 'HND/RJTT', 'MSP'),
(6000077, 'JetBlue', '18:50', '22:00', 696, 'LHR/EGLL', 'ORD'),
(6000079, 'JetBlue', '7:05', '12:35', 699, 'LHR/EGLL', 'LGA'),
(6000080, 'JetBlue', '11:55', '13:35', 602, 'PVG/ZSPD', 'MIA'),
(6000082, 'JetBlue', '7:20', '9:45', 604, 'CAN/ZGGG', 'MSP'),
(6000083, 'JetBlue', '23:20', '3:50', 606, 'CAN/ZGGG', 'DCA'),
(6000086, 'JetBlue', '8:40', '10:15', 608, 'CAN/ZGGG', 'LHR/EGLL'),
(6000089, 'JetBlue', '10:30', '15:40', 609, 'AMS/EHAM', 'LGA'),
(6000091, 'JetBlue', '17:25', '20:00', 610, 'HKG/VHHH', 'SFO'),
(6000092, 'JetBlue', '9:00', '14:15', 611, 'HKG/VHHH', 'PEK/ZBAA'),
(6000095, 'JetBlue', '12:35', '15:05', 614, 'HKG/VHHH', 'LHR/EGLL'),
(6000097, 'JetBlue', '7:35', '9:20', 616, 'ICN/RKSI', 'LAX'),
(6000098, 'JetBlue', '19:45', '21:00', 617, 'ICN/RKSI', 'ORD'),
(6000099, 'JetBlue', '6:25', '8:55', 619, 'ICN/RKSI', 'IST/LTBA'),
(6000102, 'JetBlue', '6:55', '10:15', 622, 'FRA/EDDF', 'LAX'),
(6000103, 'JetBlue', '20:45', '22:10', 624, 'FRA/EDDF', 'JFK'),
(6000106, 'JetBlue', '13:30', '17:30', 627, 'FRA/EDDF', 'SAN'),
(6000108, 'JetBlue', '8:25', '10:20', 629, 'DEL/VIDP', 'DFW'),
(6000109, 'JetBlue', '23:10', '3:10', 631, 'SIN/WSSS', 'PHX'),
(6000111, 'JetBlue', '13:25', '16:10', 634, 'SIN/WSSS', 'MDW'),
(6000114, 'JetBlue', '13:00', '15:55', 636, 'BKK/VTBS', 'IAH'),
(6000117, 'JetBlue', '6:55', '11:20', 638, 'BKK/VTBS', 'IAD'),
(6000119, 'JetBlue', '18:15', '23:15', 641, 'KUL/WMKK', 'PHL'),
(6000120, 'JetBlue', '19:10', '22:20', 643, 'KUL/WMKK', 'DCA'),
(6000121, 'JetBlue', '14:50', '18:00', 646, 'MAD/LEMD', 'SLC'),
(6000124, 'JetBlue', '11:50', '14:45', 648, 'CTU/ZUUU', 'CLT'),
(6000127, 'JetBlue', '14:20', '18:15', 649, 'CTU/ZUUU', 'DCA'),
(6000129, 'JetBlue', '11:05', '15:50', 651, 'CGK/WIII', 'HNL'),
(6000130, 'JetBlue', '7:10', '11:35', 654, 'BCN/LEBL', 'SEA'),
(6000132, 'JetBlue', '10:45', '13:40', 656, 'IST/LTBA', 'BOS'),
(6000134, 'JetBlue', '7:30', '11:00', 658, 'IST/LTBA', 'CDG/LFPG'),
(7000001, 'Southwest Airlines', '13:25', '17:00', 701, 'LAX', 'DCA'),
(7000003, 'Southwest Airlines', '15:25', '19:30', 702, 'LAX', 'HNL'),
(7000006, 'Southwest Airlines', '22:30', '3:50', 704, 'ORD', 'TPA'),
(7000008, 'Southwest Airlines', '22:15', '3:35', 706, 'ORD', 'DEL/VIDP'),
(7000009, 'Southwest Airlines', '8:25', '12:35', 708, 'DFW', 'SAN'),
(7000012, 'Southwest Airlines', '14:25', '17:10', 710, 'DFW', 'HKG/VHHH'),
(7000015, 'Southwest Airlines', '20:55', '1:45', 711, 'DEN', 'PHL'),
(7000016, 'Southwest Airlines', '19:40', '23:25', 714, 'SFO', 'KUL/WMKK'),
(7000019, 'Southwest Airlines', '19:00', '22:50', 717, 'SEA', 'LAS'),
(7000022, 'Southwest Airlines', '11:20', '14:30', 720, 'SEA', 'DTW'),
(7000023, 'Southwest Airlines', '16:05', '20:25', 722, 'LAS', 'DFW'),
(7000025, 'Southwest Airlines', '12:45', '15:10', 724, 'MCO', 'MDW'),
(7000026, 'Southwest Airlines', '22:35', '3:00', 726, 'CLT', 'CDG/LFPG'),
(7000027, 'Southwest Airlines', '11:05', '13:40', 728, 'IAH', 'ATL'),
(7000029, 'Southwest Airlines', '8:15', '12:30', 731, 'MIA', 'CTU/ZUUU'),
(7000031, 'Southwest Airlines', '19:55', '21:15', 733, 'BOS', 'HND/RJTT'),
(7000032, 'Southwest Airlines', '18:10', '21:30', 736, 'MSP', 'SEA'),
(7000033, 'Southwest Airlines', '8:25', '13:10', 739, 'MSP', 'CAN/ZGGG'),
(7000036, 'Southwest Airlines', '10:45', '13:35', 741, 'PHL', 'LAS'),
(7000039, 'Southwest Airlines', '23:40', '2:50', 743, 'PHL', 'IST/LTBA'),
(7000040, 'Southwest Airlines', '21:00', '2:00', 745, 'LGA', 'ICN/RKSI'),
(7000042, 'Southwest Airlines', '8:25', '11:00', 748, 'BWI', 'PHX'),
(7000044, 'Southwest Airlines', '6:30', '10:05', 750, 'BWI', 'IAD'),
(7000047, 'Southwest Airlines', '19:45', '0:00', 752, 'SLC', 'KUL/WMKK'),
(7000049, 'Southwest Airlines', '22:45', '3:20', 754, 'SAN', 'DCA'),
(7000051, 'Southwest Airlines', '7:00', '11:25', 755, 'DCA', 'BKK/VTBS'),
(7000053, 'Southwest Airlines', '14:25', '19:10', 756, 'MDW', 'MSP'),
(7000055, 'Southwest Airlines', '6:55', '8:45', 758, 'MDW', 'AMS/EHAM'),
(7000058, 'Southwest Airlines', '9:45', '13:30', 759, 'TPA', 'ATL'),
(7000059, 'Southwest Airlines', '17:40', '22:35', 760, 'TPA', 'AMS/EHAM'),
(7000062, 'Southwest Airlines', '19:50', '22:45', 762, 'HNL', 'DFW'),
(7000065, 'Southwest Airlines', '8:15', '13:30', 764, 'HNL', 'DTW'),
(7000068, 'Southwest Airlines', '8:20', '12:00', 766, 'HNL', 'SLC'),
(7000070, 'Southwest Airlines', '19:25', '0:35', 769, 'HNL', 'DCA'),
(7000073, 'Southwest Airlines', '12:55', '17:50', 770, 'DXB/OMDB', 'LAS'),
(7000076, 'Southwest Airlines', '7:25', '12:55', 773, 'DXB/OMDB', 'PDX'),
(7000077, 'Southwest Airlines', '19:10', '0:00', 774, 'HND/RJTT', 'IAH'),
(7000080, 'Southwest Airlines', '13:55', '18:15', 775, 'HND/RJTT', 'SZX/ZGSZ'),
(7000083, 'Southwest Airlines', '10:30', '12:20', 777, 'LHR/EGLL', 'CLT'),
(7000086, 'Southwest Airlines', '20:55', '1:50', 778, 'PVG/ZSPD', 'PHL'),
(7000087, 'Southwest Airlines', '19:00', '0:40', 781, 'PVG/ZSPD', 'CTU/ZUUU'),
(7000090, 'Southwest Airlines', '13:30', '15:20', 783, 'CDG/LFPG', 'LAS'),
(7000091, 'Southwest Airlines', '23:50', '1:30', 785, 'CDG/LFPG', 'MAD/LEMD'),
(7000093, 'Southwest Airlines', '6:45', '11:10', 787, 'CAN/ZGGG', 'TPA'),
(7000094, 'Southwest Airlines', '21:00', '2:35', 790, 'AMS/EHAM', 'SEA'),
(7000096, 'Southwest Airlines', '9:35', '12:20', 792, 'AMS/EHAM', 'BOS'),
(7000099, 'Southwest Airlines', '21:10', '1:55', 794, 'SIN/WSSS', 'JFK'),
(7000101, 'Southwest Airlines', '7:20', '12:00', 796, 'SIN/WSSS', 'LHR/EGLL'),
(7000102, 'Southwest Airlines', '22:50', '0:20', 799, 'MAD/LEMD', 'JFK'),
(7000104, 'Southwest Airlines', '23:00', '1:45', 702, 'MAD/LEMD', 'HKG/VHHH'),
(7000105, 'Southwest Airlines', '13:30', '15:20', 704, 'MAD/LEMD', 'DEL/VIDP'),
(7000106, 'Southwest Airlines', '16:15', '18:05', 706, 'CTU/ZUUU', 'SEA'),
(7000107, 'Southwest Airlines', '10:05', '13:35', 709, 'CTU/ZUUU', 'DXB/OMDB'),
(7000110, 'Southwest Airlines', '22:15', '2:15', 710, 'CTU/ZUUU', 'PVG/ZSPD'),
(7000113, 'Southwest Airlines', '18:05', '20:00', 711, 'CGK/WIII', 'ORD'),
(7000115, 'Southwest Airlines', '17:40', '21:30', 713, 'CGK/WIII', 'LGA'),
(7000116, 'Southwest Airlines', '21:55', '2:55', 716, 'SZX/ZGSZ', 'LHR/EGLL'),
(7000118, 'Southwest Airlines', '9:50', '13:30', 717, 'SZX/ZGSZ', 'ICN/RKSI'),
(7000119, 'Southwest Airlines', '7:40', '11:10', 720, 'IST/LTBA', 'DFW'),
(7000120, 'Southwest Airlines', '7:50', '9:40', 723, 'IST/LTBA', 'IAD'),
(8000001, 'Spirit Airlines', '23:15', '2:20', 802, 'ATL', 'SFO'),
(8000003, 'Spirit Airlines', '23:05', '4:30', 804, 'ATL', 'BWI'),
(8000004, 'Spirit Airlines', '11:55', '15:25', 806, 'LAX', 'DEN'),
(8000006, 'Spirit Airlines', '8:15', '12:35', 808, 'LAX', 'DTW'),
(8000009, 'Spirit Airlines', '8:00', '13:10', 809, 'LAX', 'LGA'),
(8000010, 'Spirit Airlines', '6:20', '10:55', 812, 'ORD', 'BOS'),
(8000013, 'Spirit Airlines', '14:55', '17:45', 813, 'ORD', 'BKK/VTBS'),
(8000016, 'Spirit Airlines', '15:30', '18:35', 814, 'ORD', 'SZX/ZGSZ'),
(8000018, 'Spirit Airlines', '22:00', '1:40', 815, 'DFW', 'DEN'),
(8000021, 'Spirit Airlines', '14:10', '18:20', 817, 'DFW', 'PHL'),
(8000024, 'Spirit Airlines', '16:00', '18:50', 819, 'DFW', 'BWI'),
(8000026, 'Spirit Airlines', '13:45', '18:00', 822, 'DEN', 'MAD/LEMD'),
(8000029, 'Spirit Airlines', '14:05', '16:35', 823, 'JFK', 'SEA'),
(8000031, 'Spirit Airlines', '10:15', '12:45', 826, 'SFO', 'SAN'),
(8000034, 'Spirit Airlines', '18:45', '21:15', 829, 'SEA', 'CDG/LFPG'),
(8000036, 'Spirit Airlines', '11:15', '13:20', 832, 'SEA', 'IST/LTBA'),
(8000038, 'Spirit Airlines', '14:05', '16:45', 834, 'LAS', 'MSP'),
(8000041, 'Spirit Airlines', '7:30', '11:30', 835, 'LAS', 'PHL'),
(8000044, 'Spirit Airlines', '8:50', '10:00', 836, 'MCO', 'SEA'),
(8000045, 'Spirit Airlines', '9:05', '13:50', 838, 'MCO', 'DTW'),
(8000046, 'Spirit Airlines', '6:20', '11:15', 839, 'MCO', 'FRA/EDDF'),
(8000049, 'Spirit Airlines', '10:50', '12:50', 840, 'EWR', 'PEK/ZBAA'),
(8000050, 'Spirit Airlines', '16:25', '18:50', 841, 'PHX', 'DCA'),
(8000053, 'Spirit Airlines', '13:15', '18:20', 844, 'IAH', 'BOS'),
(8000055, 'Spirit Airlines', '22:35', '2:40', 845, 'IAH', 'BKK/VTBS'),
(8000056, 'Spirit Airlines', '7:15', '11:15', 846, 'BOS', 'PDX'),
(8000059, 'Spirit Airlines', '15:10', '17:00', 847, 'MSP', 'DXB/OMDB'),
(8000060, 'Spirit Airlines', '7:25', '10:40', 850, 'MSP', 'KUL/WMKK'),
(8000063, 'Spirit Airlines', '8:45', '10:45', 852, 'MSP', 'SZX/ZGSZ'),
(8000065, 'Spirit Airlines', '21:10', '2:25', 854, 'MSP', 'SZX/ZGSZ'),
(8000067, 'Spirit Airlines', '6:15', '9:55', 857, 'FLL', 'DFW'),
(8000068, 'Spirit Airlines', '21:05', '2:45', 859, 'DTW', 'BWI'),
(8000071, 'Spirit Airlines', '20:35', '0:15', 862, 'DTW', 'DXB/OMDB'),
(8000073, 'Spirit Airlines', '20:30', '22:35', 865, 'DTW', 'FRA/EDDF'),
(8000075, 'Spirit Airlines', '10:25', '12:35', 867, 'PHL', 'SLC'),
(8000078, 'Spirit Airlines', '13:05', '17:40', 868, 'LGA', 'IAD'),
(8000079, 'Spirit Airlines', '11:10', '16:45', 869, 'LGA', 'MAD/LEMD'),
(8000082, 'Spirit Airlines', '22:00', '3:15', 870, 'BWI', 'MCO'),
(8000084, 'Spirit Airlines', '19:45', '21:25', 872, 'BWI', 'PDX'),
(8000086, 'Spirit Airlines', '17:25', '20:30', 874, 'BWI', 'ICN/RKSI'),
(8000088, 'Spirit Airlines', '21:50', '1:00', 876, 'SLC', 'JFK'),
(8000089, 'Spirit Airlines', '6:45', '9:20', 878, 'SAN', 'AMS/EHAM'),
(8000091, 'Spirit Airlines', '17:55', '20:25', 879, 'DCA', 'FLL'),
(8000092, 'Spirit Airlines', '9:45', '13:05', 881, 'MDW', 'HNL'),
(8000095, 'Spirit Airlines', '23:30', '1:45', 883, 'MDW', 'AMS/EHAM'),
(8000098, 'Spirit Airlines', '19:30', '22:45', 884, 'MDW', 'ICN/RKSI'),
(8000101, 'Spirit Airlines', '13:10', '15:50', 885, 'TPA', 'SLC'),
(8000103, 'Spirit Airlines', '6:30', '11:10', 886, 'TPA', 'HND/RJTT'),
(8000104, 'Spirit Airlines', '9:55', '14:35', 889, 'TPA', 'CGK/WIII'),
(8000105, 'Spirit Airlines', '12:50', '14:40', 890, 'PDX', 'MIA'),
(8000108, 'Spirit Airlines', '23:45', '3:50', 892, 'PDX', 'SIN/WSSS'),
(8000109, 'Spirit Airlines', '21:50', '0:55', 895, 'HNL', 'MSP'),
(8000111, 'Spirit Airlines', '17:10', '21:55', 896, 'HNL', 'SAN'),
(8000113, 'Spirit Airlines', '22:15', '2:15', 897, 'PEK/ZBAA', 'MSP'),
(8000116, 'Spirit Airlines', '8:40', '10:45', 800, 'DXB/OMDB', 'LGA'),
(8000119, 'Spirit Airlines', '6:45', '9:30', 803, 'DXB/OMDB', 'IST/LTBA'),
(8000120, 'Spirit Airlines', '16:55', '20:50', 806, 'HND/RJTT', 'LAX'),
(8000123, 'Spirit Airlines', '12:05', '17:20', 809, 'HND/RJTT', 'DCA'),
(8000125, 'Spirit Airlines', '18:10', '22:00', 812, 'HND/RJTT', 'DEL/VIDP'),
(8000127, 'Spirit Airlines', '9:55', '12:40', 813, 'LHR/EGLL', 'JFK'),
(8000128, 'Spirit Airlines', '6:40', '11:05', 814, 'LHR/EGLL', 'SFO'),
(8000131, 'Spirit Airlines', '10:55', '12:30', 816, 'LHR/EGLL', 'TPA'),
(8000134, 'Spirit Airlines', '18:00', '20:05', 819, 'LHR/EGLL', 'PDX'),
(8000136, 'Spirit Airlines', '8:40', '12:55', 820, 'PVG/ZSPD', 'KUL/WMKK'),
(8000138, 'Spirit Airlines', '12:05', '14:55', 821, 'AMS/EHAM', 'PVG/ZSPD'),
(8000141, 'Spirit Airlines', '14:20', '18:50', 823, 'HKG/VHHH', 'SLC'),
(8000142, 'Spirit Airlines', '13:05', '15:05', 826, 'FRA/EDDF', 'HKG/VHHH'),
(8000145, 'Spirit Airlines', '8:00', '12:20', 829, 'DEL/VIDP', 'FLL'),
(8000146, 'Spirit Airlines', '6:10', '10:40', 831, 'DEL/VIDP', 'HND/RJTT'),
(8000148, 'Spirit Airlines', '12:05', '15:10', 832, 'SIN/WSSS', 'CLT'),
(8000151, 'Spirit Airlines', '7:20', '10:10', 834, 'BKK/VTBS', 'MCO'),
(8000154, 'Spirit Airlines', '13:05', '18:40', 835, 'BKK/VTBS', 'SIN/WSSS'),
(8000157, 'Spirit Airlines', '12:00', '17:05', 836, 'KUL/WMKK', 'PHL'),
(8000158, 'Spirit Airlines', '6:55', '8:55', 838, 'CTU/ZUUU', 'DFW'),
(8000161, 'Spirit Airlines', '8:45', '13:30', 840, 'CGK/WIII', 'MSP'),
(8000164, 'Spirit Airlines', '22:45', '2:05', 843, 'CGK/WIII', 'BCN/LEBL'),
(8000165, 'Spirit Airlines', '9:00', '11:40', 846, 'SZX/ZGSZ', 'DTW'),
(8000167, 'Spirit Airlines', '9:15', '14:50', 849, 'SZX/ZGSZ', 'PEK/ZBAA'),
(8000168, 'Spirit Airlines', '18:35', '20:20', 852, 'SZX/ZGSZ', 'BCN/LEBL'),
(8000170, 'Spirit Airlines', '23:55', '3:25', 853, 'BCN/LEBL', 'FLL'),
(8000171, 'Spirit Airlines', '15:30', '18:55', 855, 'IST/LTBA', 'TPA'),
(9000006, 'United Airlines', '17:00', '22:15', 907, 'ATL', 'EWR'),
(9000007, 'United Airlines', '11:40', '14:05', 910, 'ATL', 'CDG/LFPG'),
(9000008, 'United Airlines', '8:50', '12:55', 911, 'LAX', 'DFW'),
(9000010, 'United Airlines', '21:25', '0:55', 913, 'LAX', 'BOS'),
(9000012, 'United Airlines', '23:10', '3:55', 916, 'LAX', 'BKK/VTBS'),
(9000014, 'United Airlines', '6:50', '10:15', 918, 'DFW', 'PHL'),
(9000015, 'United Airlines', '7:10', '10:25', 919, 'SEA', 'ICN/RKSI'),
(9000016, 'United Airlines', '18:55', '22:15', 921, 'LAS', 'IAH'),
(9000017, 'United Airlines', '22:55', '2:30', 923, 'LAS', 'FLL'),
(9000018, 'United Airlines', '19:00', '23:25', 926, 'MCO', 'ORD'),
(9000020, 'United Airlines', '15:30', '18:15', 928, 'MCO', 'CAN/ZGGG'),
(9000021, 'United Airlines', '16:35', '18:55', 929, 'MCO', 'SIN/WSSS'),
(9000024, 'United Airlines', '8:55', '13:10', 930, 'EWR', 'HND/RJTT'),
(9000025, 'United Airlines', '9:30', '13:35', 933, 'PHX', 'ATL'),
(9000027, 'United Airlines', '18:40', '20:10', 935, 'PHX', 'DCA'),
(9000028, 'United Airlines', '11:55', '14:10', 937, 'PHX', 'MDW'),
(9000031, 'United Airlines', '13:30', '15:55', 938, 'PHX', 'MAD/LEMD'),
(9000034, 'United Airlines', '9:25', '14:55', 939, 'IAH', 'MIA'),
(9000037, 'United Airlines', '19:30', '22:45', 942, 'MIA', 'BOS'),
(9000040, 'United Airlines', '15:35', '18:00', 945, 'MIA', 'PDX'),
(9000042, 'United Airlines', '14:40', '17:40', 946, 'MIA', 'FRA/EDDF'),
(9000044, 'United Airlines', '14:00', '17:55', 949, 'BOS', 'SIN/WSSS'),
(9000046, 'United Airlines', '11:20', '14:45', 950, 'MSP', 'ATL'),
(9000049, 'United Airlines', '21:35', '23:55', 952, 'MSP', 'AMS/EHAM'),
(9000052, 'United Airlines', '18:55', '20:15', 955, 'MSP', 'FRA/EDDF'),
(9000054, 'United Airlines', '22:55', '2:20', 958, 'MSP', 'BKK/VTBS'),
(9000056, 'United Airlines', '18:35', '23:35', 959, 'DTW', 'DEL/VIDP'),
(9000059, 'United Airlines', '14:55', '18:40', 960, 'PHL', 'FRA/EDDF'),
(9000062, 'United Airlines', '14:35', '18:15', 963, 'LGA', 'ATL'),
(9000065, 'United Airlines', '22:15', '2:05', 965, 'LGA', 'ICN/RKSI'),
(9000068, 'United Airlines', '16:40', '19:30', 967, 'BWI', 'DTW'),
(9000071, 'United Airlines', '14:30', '16:55', 970, 'SLC', 'DXB/OMDB'),
(9000073, 'United Airlines', '6:40', '11:00', 973, 'IAD', 'PHX'),
(9000075, 'United Airlines', '8:40', '10:45', 976, 'IAD', 'PDX'),
(9000078, 'United Airlines', '19:20', '22:15', 978, 'MDW', 'PDX'),
(9000080, 'United Airlines', '21:35', '2:00', 980, 'MDW', 'KUL/WMKK'),
(9000083, 'United Airlines', '6:50', '11:40', 982, 'PDX', 'SLC'),
(9000084, 'United Airlines', '14:35', '16:10', 983, 'HNL', 'MSP'),
(9000086, 'United Airlines', '18:00', '20:15', 985, 'DXB/OMDB', 'SAN'),
(9000088, 'United Airlines', '19:40', '22:30', 988, 'DXB/OMDB', 'HKG/VHHH'),
(9000089, 'United Airlines', '16:15', '19:35', 989, 'HND/RJTT', 'MSP'),
(9000090, 'United Airlines', '20:55', '22:00', 992, 'HND/RJTT', 'CAN/ZGGG'),
(9000092, 'United Airlines', '12:00', '16:35', 995, 'HND/RJTT', 'SIN/WSSS'),
(9000094, 'United Airlines', '12:05', '16:40', 997, 'HND/RJTT', 'BCN/LEBL'),
(9000096, 'United Airlines', '20:25', '1:10', 999, 'LHR/EGLL', 'LAS'),
(9000097, 'United Airlines', '19:30', '22:40', 901, 'LHR/EGLL', 'SLC'),
(9000100, 'United Airlines', '17:05', '20:00', 904, 'LHR/EGLL', 'DCA'),
(9000103, 'United Airlines', '23:20', '2:20', 906, 'PVG/ZSPD', 'LGA'),
(9000106, 'United Airlines', '15:10', '17:10', 909, 'PVG/ZSPD', 'CAN/ZGGG'),
(9000109, 'United Airlines', '20:45', '22:40', 912, 'PVG/ZSPD', 'BCN/LEBL'),
(9000111, 'United Airlines', '19:15', '22:20', 913, 'CDG/LFPG', 'JFK'),
(9000114, 'United Airlines', '21:50', '1:15', 914, 'CDG/LFPG', 'PHL'),
(9000115, 'United Airlines', '9:20', '13:20', 917, 'CAN/ZGGG', 'MCO'),
(9000118, 'United Airlines', '13:30', '15:45', 920, 'AMS/EHAM', 'DEN'),
(9000121, 'United Airlines', '17:00', '19:00', 921, 'AMS/EHAM', 'HND/RJTT'),
(9000122, 'United Airlines', '12:45', '17:45', 924, 'FRA/EDDF', 'ORD'),
(9000125, 'United Airlines', '23:40', '3:40', 925, 'DEL/VIDP', 'PEK/ZBAA'),
(9000126, 'United Airlines', '18:30', '20:20', 927, 'KUL/WMKK', 'MIA'),
(9000129, 'United Airlines', '6:10', '8:10', 930, 'KUL/WMKK', 'MAD/LEMD'),
(9000132, 'United Airlines', '13:00', '17:40', 931, 'CGK/WIII', 'MIA'),
(9000134, 'United Airlines', '20:45', '23:50', 932, 'SZX/ZGSZ', 'CLT'),
(9000135, 'United Airlines', '22:15', '1:10', 934, 'SZX/ZGSZ', 'PEK/ZBAA'),
(9000138, 'United Airlines', '10:10', '15:25', 936, 'BCN/LEBL', 'LAX'),
(9000139, 'United Airlines', '19:50', '22:40', 937, 'BCN/LEBL', 'FLL'),
(9000140, 'United Airlines', '9:35', '13:10', 938, 'BCN/LEBL', 'HKG/VHHH'),
(9000141, 'United Airlines', '10:10', '13:35', 941, 'IST/LTBA', 'EWR'),
(9000143, 'United Airlines', '19:45', '23:50', 943, 'IST/LTBA', 'IAH');

insert into STATUS (STATUSNAME)
VALUES  
('On-Time'),
('Arrived'),
('Boarding'),
('Cancelled'),
('Delayed'),
('In-flight');

INSERT INTO amenity (amenityCode, amenityName)
VALUES (1, 'Water Bottle'),
       (2, 'Breakfast Service'),
       (3, 'Lunch Service'),
       (4, 'Dinner Service'),
       (5, 'Alcoholic Beverage'),
       (6, 'Pillow'),
       (7, 'Pet Onboard'),
       (8, 'Wifi Onboard'),
       (9, 'Movie Onboard'),
       (10, 'Carry-on Bag');

DELETE FROM flightinstance;
DELETE FROM flightinstance;
INSERT INTO flightinstance (flightInstanceID, flightNo, tailNumber, STATUS, departureDate, departureTime, arrivalTime, numberRegisteredPassengers)
VALUES
(00001, 0000005, '31-MVH', 'Arrived', CAST (({fn TIMESTAMPADD( SQL_TSI_DAY, -2, CURRENT_TIMESTAMP)}) AS DATE), '14:30', '16:10', 137),
(00002, 0000007, '04-AQF', 'Cancelled', CAST (({fn TIMESTAMPADD( SQL_TSI_DAY, -2, CURRENT_TIMESTAMP)}) AS DATE), '23:15', '2:10', 107),
(00003, 0000009, '65-VXY', 'Cancelled', CAST (({fn TIMESTAMPADD( SQL_TSI_DAY, -1, CURRENT_TIMESTAMP)}) AS DATE), '6:00', '10:30', 206),
(00004, 0000012, '37-XPD', 'Cancelled', CAST (({fn TIMESTAMPADD( SQL_TSI_DAY, 7, CURRENT_TIMESTAMP)}) AS DATE), '14:05', '17:30', 167),
(00005, 0000013, '04-AQF', 'On-Time', CAST (({fn TIMESTAMPADD( SQL_TSI_DAY, 2, CURRENT_TIMESTAMP)}) AS DATE), '18:30', '23:35', 367),
(00006, 0000014, '14-DXH', 'Cancelled', CAST (({fn TIMESTAMPADD( SQL_TSI_DAY, -7, CURRENT_TIMESTAMP)}) AS DATE), '15:00', '19:40', 172),
(00007, 0000015, '46-DBP', 'Cancelled', CAST (({fn TIMESTAMPADD( SQL_TSI_DAY, -7, CURRENT_TIMESTAMP)}) AS DATE), '9:25', '13:40', 369),
(00008, 0000018, '15-TAU', 'On-Time', CAST (({fn TIMESTAMPADD( SQL_TSI_DAY, 3, CURRENT_TIMESTAMP)}) AS DATE), '17:00', '22:15', 163),
(00009, 0000021, '37-XPD', 'Cancelled', CAST (({fn TIMESTAMPADD( SQL_TSI_DAY, 4, CURRENT_TIMESTAMP)}) AS DATE), '7:25', '11:45', 83),
(00010, 0000022, '71-KWB', 'Cancelled', CAST (({fn TIMESTAMPADD( SQL_TSI_DAY, -7, CURRENT_TIMESTAMP)}) AS DATE), '17:55', '20:40', 264),
(00011, 0000023, '09-WVY', 'On-Time', CAST (({fn TIMESTAMPADD( SQL_TSI_DAY, 5, CURRENT_TIMESTAMP)}) AS DATE), '12:10', '14:45', 354),
(00012, 0000024, '46-DBP', 'Cancelled', CAST (({fn TIMESTAMPADD( SQL_TSI_DAY, 3, CURRENT_TIMESTAMP)}) AS DATE), '18:45', '20:10', 185),
(00013, 0000025, '27-NWE', 'On-Time', CAST (({fn TIMESTAMPADD( SQL_TSI_DAY, 7, CURRENT_TIMESTAMP)}) AS DATE), '16:50', '19:35', 140),
(00014, 0000027, '35-CFH', 'Cancelled', CAST (({fn TIMESTAMPADD( SQL_TSI_DAY, -5, CURRENT_TIMESTAMP)}) AS DATE), '13:15', '17:35', 361),
(00015, 0000029, '85-MLW', 'Arrived', CAST (({fn TIMESTAMPADD( SQL_TSI_DAY, -7, CURRENT_TIMESTAMP)}) AS DATE), '17:10', '19:10', 161),
(00016, 0000031, '14-DXH', 'Cancelled', CAST (({fn TIMESTAMPADD( SQL_TSI_DAY, 6, CURRENT_TIMESTAMP)}) AS DATE), '18:45', '23:10', 98),
(00017, 0000033, '45-CSH', 'On-Time', CAST (({fn TIMESTAMPADD( SQL_TSI_DAY, 4, CURRENT_TIMESTAMP)}) AS DATE), '18:10', '23:15', 317),
(00018, 0000036, '95-XUO', 'On-Time', CAST (({fn TIMESTAMPADD( SQL_TSI_DAY, 4, CURRENT_TIMESTAMP)}) AS DATE), '13:20', '17:40', 122),
(00019, 0000037, '73-OKV', 'On-Time', CAST (({fn TIMESTAMPADD( SQL_TSI_DAY, 6, CURRENT_TIMESTAMP)}) AS DATE), '10:45', '13:15', 211),
(00020, 0000039, '64-JVS', 'On-Time', CAST (({fn TIMESTAMPADD( SQL_TSI_DAY, 2, CURRENT_TIMESTAMP)}) AS DATE), '10:40', '15:55', 121),
(00021, 0000040, '24-YMW', 'Arrived', CAST (({fn TIMESTAMPADD( SQL_TSI_DAY, -7, CURRENT_TIMESTAMP)}) AS DATE), '15:25', '19:45', 346),
(00022, 0000043, '09-WVY', 'Cancelled', CAST (({fn TIMESTAMPADD( SQL_TSI_DAY, -3, CURRENT_TIMESTAMP)}) AS DATE), '9:30', '13:05', 85),
(00023, 0000044, '27-NWE', 'Arrived', CAST (({fn TIMESTAMPADD( SQL_TSI_DAY, -7, CURRENT_TIMESTAMP)}) AS DATE), '9:50', '13:00', 376),
(00024, 0000047, '95-XUO', 'Arrived', CAST (({fn TIMESTAMPADD( SQL_TSI_DAY, -2, CURRENT_TIMESTAMP)}) AS DATE), '22:05', '0:10', 367),
(00025, 0000049, '95-XUO', 'Arrived', CAST (({fn TIMESTAMPADD( SQL_TSI_DAY, -1, CURRENT_TIMESTAMP)}) AS DATE), '23:50', '1:10', 102),
(00026, 0000050, '71-KWB', 'Arrived', CAST (({fn TIMESTAMPADD( SQL_TSI_DAY, -4, CURRENT_TIMESTAMP)}) AS DATE), '7:35', '9:25', 336),
(00027, 0000052, '73-OKV', 'Cancelled', CAST (({fn TIMESTAMPADD( SQL_TSI_DAY, 1, CURRENT_TIMESTAMP)}) AS DATE), '9:55', '11:10', 288),
(00028, 0000053, '65-VXY', 'Arrived', CAST (({fn TIMESTAMPADD( SQL_TSI_DAY, -2, CURRENT_TIMESTAMP)}) AS DATE), '20:10', '1:45', 117),
(00029, 0000055, '29-QUG', 'On-Time', CAST (({fn TIMESTAMPADD( SQL_TSI_DAY, 6, CURRENT_TIMESTAMP)}) AS DATE), '16:20', '19:20', 183),
(00030, 0000057, '46-DBP', 'Cancelled', CAST (({fn TIMESTAMPADD( SQL_TSI_DAY, 5, CURRENT_TIMESTAMP)}) AS DATE), '23:30', '3:25', 90),
(00031, 0000059, '64-JVS', 'Arrived', CAST (({fn TIMESTAMPADD( SQL_TSI_DAY, -3, CURRENT_TIMESTAMP)}) AS DATE), '6:30', '11:35', 101),
(00032, 0000061, '94-BDG', 'On-Time', CAST (({fn TIMESTAMPADD( SQL_TSI_DAY, 3, CURRENT_TIMESTAMP)}) AS DATE), '7:10', '12:10', 148),
(00033, 0000062, '27-NWE', 'On-Time', CAST (({fn TIMESTAMPADD( SQL_TSI_DAY, 5, CURRENT_TIMESTAMP)}) AS DATE), '11:00', '13:50', 122),
(00034, 0000064, '31-MVH', 'Arrived', CAST (({fn TIMESTAMPADD( SQL_TSI_DAY, -1, CURRENT_TIMESTAMP)}) AS DATE), '9:35', '12:15', 334),
(00035, 0000066, '27-NWE', 'Cancelled', CAST (({fn TIMESTAMPADD( SQL_TSI_DAY, -4, CURRENT_TIMESTAMP)}) AS DATE), '20:35', '23:40', 182),
(00036, 0000069, '47-JZD', 'Cancelled', CAST (({fn TIMESTAMPADD( SQL_TSI_DAY, -6, CURRENT_TIMESTAMP)}) AS DATE), '10:20', '15:50', 275),
(00037, 0000072, '15-TAU', 'On-Time', CAST (({fn TIMESTAMPADD( SQL_TSI_DAY, 5, CURRENT_TIMESTAMP)}) AS DATE), '6:35', '11:15', 184),
(00038, 0000074, '48-NEH', 'Cancelled', CAST (({fn TIMESTAMPADD( SQL_TSI_DAY, -6, CURRENT_TIMESTAMP)}) AS DATE), '21:15', '1:55', 358),
(00039, 0000077, '95-XUO', 'Arrived', CAST (({fn TIMESTAMPADD( SQL_TSI_DAY, -6, CURRENT_TIMESTAMP)}) AS DATE), '19:50', '0:50', 289),
(00040, 0000080, '27-NWE', 'Cancelled', CAST (({fn TIMESTAMPADD( SQL_TSI_DAY, -1, CURRENT_TIMESTAMP)}) AS DATE), '21:15', '0:05', 223),
(00041, 0000082, '09-WVY', 'On-Time', CAST (({fn TIMESTAMPADD( SQL_TSI_DAY, 5, CURRENT_TIMESTAMP)}) AS DATE), '13:20', '17:35', 134),
(00042, 0000083, '27-NWE', 'On-Time', CAST (({fn TIMESTAMPADD( SQL_TSI_DAY, 7, CURRENT_TIMESTAMP)}) AS DATE), '10:00', '12:45', 276),
(00043, 0000085, '27-NWE', 'Cancelled', CAST (({fn TIMESTAMPADD( SQL_TSI_DAY, -3, CURRENT_TIMESTAMP)}) AS DATE), '6:05', '10:35', 121),
(00044, 0000088, '73-OKV', 'On-Time', CAST (({fn TIMESTAMPADD( SQL_TSI_DAY, 5, CURRENT_TIMESTAMP)}) AS DATE), '8:20', '12:15', 110),
(00045, 0000089, '08-VWL', 'On-Time', CAST (({fn TIMESTAMPADD( SQL_TSI_DAY, 4, CURRENT_TIMESTAMP)}) AS DATE), '18:55', '23:00', 348),
(00046, 0000091, '29-QUG', 'Cancelled', CAST (({fn TIMESTAMPADD( SQL_TSI_DAY, 3, CURRENT_TIMESTAMP)}) AS DATE), '23:35', '2:55', 283),
(00047, 0000092, '09-WVY', 'Cancelled', CAST (({fn TIMESTAMPADD( SQL_TSI_DAY, -2, CURRENT_TIMESTAMP)}) AS DATE), '6:35', '9:55', 231),
(00048, 0000094, '48-NEH', 'On-Time', CAST (({fn TIMESTAMPADD( SQL_TSI_DAY, 3, CURRENT_TIMESTAMP)}) AS DATE), '9:05', '13:50', 190),
(00049, 0000097, '03-AMU', 'Cancelled', CAST (({fn TIMESTAMPADD( SQL_TSI_DAY, 4, CURRENT_TIMESTAMP)}) AS DATE), '18:35', '21:40', 250),
(00050, 0000098, '29-QUG', 'Arrived', CAST (({fn TIMESTAMPADD( SQL_TSI_DAY, -1, CURRENT_TIMESTAMP)}) AS DATE), '23:45', '2:55', 370),
(00051, 0000101, '81-WFI', 'Arrived', CAST (({fn TIMESTAMPADD( SQL_TSI_DAY, -3, CURRENT_TIMESTAMP)}) AS DATE), '21:15', '1:55', 216),
(00052, 0000102, '65-VXY', 'Arrived', CAST (({fn TIMESTAMPADD( SQL_TSI_DAY, -6, CURRENT_TIMESTAMP)}) AS DATE), '20:40', '22:30', 177),
(00053, 0000105, '15-TAU', 'On-Time', CAST (({fn TIMESTAMPADD( SQL_TSI_DAY, 2, CURRENT_TIMESTAMP)}) AS DATE), '10:10', '15:40', 241),
(00054, 0000107, '29-QUG', 'Arrived', CAST (({fn TIMESTAMPADD( SQL_TSI_DAY, -3, CURRENT_TIMESTAMP)}) AS DATE), '7:45', '11:35', 95),
(00055, 0000108, '46-DBP', 'On-Time', CAST (({fn TIMESTAMPADD( SQL_TSI_DAY, 1, CURRENT_TIMESTAMP)}) AS DATE), '15:20', '19:30', 144),
(00056, 0000109, '09-WVY', 'On-Time', CAST (({fn TIMESTAMPADD( SQL_TSI_DAY, 4, CURRENT_TIMESTAMP)}) AS DATE), '14:20', '19:10', 112),
(00057, 0000111, '03-AMU', 'On-Time', CAST (({fn TIMESTAMPADD( SQL_TSI_DAY, 4, CURRENT_TIMESTAMP)}) AS DATE), '21:10', '1:00', 289),
(00058, 0000112, '27-NWE', 'On-Time', CAST (({fn TIMESTAMPADD( SQL_TSI_DAY, 0, CURRENT_TIMESTAMP)}) AS DATE), '21:15', '23:25', 80),
(00059, 0000115, '71-KWB', 'Cancelled', CAST (({fn TIMESTAMPADD( SQL_TSI_DAY, -3, CURRENT_TIMESTAMP)}) AS DATE), '18:45', '22:50', 244),
(00060, 0000116, '24-YMW', 'Cancelled', CAST (({fn TIMESTAMPADD( SQL_TSI_DAY, 6, CURRENT_TIMESTAMP)}) AS DATE), '10:45', '14:30', 350),
(00061, 0000119, '45-CSH', 'On-Time', CAST (({fn TIMESTAMPADD( SQL_TSI_DAY, 2, CURRENT_TIMESTAMP)}) AS DATE), '18:30', '21:25', 291),
(00062, 0000120, '47-JZD', 'Cancelled', CAST (({fn TIMESTAMPADD( SQL_TSI_DAY, -3, CURRENT_TIMESTAMP)}) AS DATE), '14:15', '16:25', 364),
(00063, 0000123, '08-VWL', 'On-Time', CAST (({fn TIMESTAMPADD( SQL_TSI_DAY, 6, CURRENT_TIMESTAMP)}) AS DATE), '23:00', '3:20', 279),
(00064, 0000125, '48-NEH', 'Cancelled', CAST (({fn TIMESTAMPADD( SQL_TSI_DAY, 7, CURRENT_TIMESTAMP)}) AS DATE), '7:15', '12:20', 224),
(00065, 0000127, '24-YMW', 'On-Time', CAST (({fn TIMESTAMPADD( SQL_TSI_DAY, 6, CURRENT_TIMESTAMP)}) AS DATE), '19:35', '23:05', 311),
(00066, 0000128, '14-DXH', 'On-Time', CAST (({fn TIMESTAMPADD( SQL_TSI_DAY, 2, CURRENT_TIMESTAMP)}) AS DATE), '14:15', '16:05', 218),
(00067, 0000131, '95-XUO', 'On-Time', CAST (({fn TIMESTAMPADD( SQL_TSI_DAY, 3, CURRENT_TIMESTAMP)}) AS DATE), '7:45', '10:30', 236),
(00068, 0000132, '81-WFI', 'Cancelled', CAST (({fn TIMESTAMPADD( SQL_TSI_DAY, -7, CURRENT_TIMESTAMP)}) AS DATE), '6:10', '11:40', 164),
(00069, 0000134, '65-VXY', 'On-Time', CAST (({fn TIMESTAMPADD( SQL_TSI_DAY, 7, CURRENT_TIMESTAMP)}) AS DATE), '10:30', '15:10', 279),
(00070, 0000135, '64-JVS', 'On-Time', CAST (({fn TIMESTAMPADD( SQL_TSI_DAY, 6, CURRENT_TIMESTAMP)}) AS DATE), '7:10', '11:30', 156),
(00071, 0000137, '65-VXY', 'On-Time', CAST (({fn TIMESTAMPADD( SQL_TSI_DAY, 5, CURRENT_TIMESTAMP)}) AS DATE), '10:45', '12:10', 289),
(00072, 0000140, '47-JZD', 'On-Time', CAST (({fn TIMESTAMPADD( SQL_TSI_DAY, 3, CURRENT_TIMESTAMP)}) AS DATE), '19:40', '22:55', 84),
(10073, 1000004, '95-XUO', 'Cancelled', CAST (({fn TIMESTAMPADD( SQL_TSI_DAY, 6, CURRENT_TIMESTAMP)}) AS DATE), '22:55', '3:05', 170),
(10074, 1000006, '14-DXH', 'Cancelled', CAST (({fn TIMESTAMPADD( SQL_TSI_DAY, -1, CURRENT_TIMESTAMP)}) AS DATE), '10:00', '12:15', 93),
(10075, 1000009, '48-NEH', 'Cancelled', CAST (({fn TIMESTAMPADD( SQL_TSI_DAY, 1, CURRENT_TIMESTAMP)}) AS DATE), '21:20', '0:50', 372),
(10076, 1000012, '81-WFI', 'Cancelled', CAST (({fn TIMESTAMPADD( SQL_TSI_DAY, 5, CURRENT_TIMESTAMP)}) AS DATE), '13:30', '16:20', 111),
(10077, 1000015, '29-QUG', 'Cancelled', CAST (({fn TIMESTAMPADD( SQL_TSI_DAY, 4, CURRENT_TIMESTAMP)}) AS DATE), '14:30', '19:30', 192),
(10078, 1000018, '47-JZD', 'On-Time', CAST (({fn TIMESTAMPADD( SQL_TSI_DAY, 1, CURRENT_TIMESTAMP)}) AS DATE), '8:20', '12:00', 261),
(10079, 1000020, '08-VWL', 'Cancelled', CAST (({fn TIMESTAMPADD( SQL_TSI_DAY, -3, CURRENT_TIMESTAMP)}) AS DATE), '17:40', '21:00', 374),
(10080, 1000023, '45-CSH', 'Cancelled', CAST (({fn TIMESTAMPADD( SQL_TSI_DAY, 6, CURRENT_TIMESTAMP)}) AS DATE), '21:10', '1:35', 199),
(10081, 1000024, '94-BDG', 'On-Time', CAST (({fn TIMESTAMPADD( SQL_TSI_DAY, 1, CURRENT_TIMESTAMP)}) AS DATE), '6:05', '8:10', 83),
(10082, 1000027, '03-AMU', 'Arrived', CAST (({fn TIMESTAMPADD( SQL_TSI_DAY, -3, CURRENT_TIMESTAMP)}) AS DATE), '23:20', '2:35', 291),
(10083, 1000030, '09-WVY', 'On-Time', CAST (({fn TIMESTAMPADD( SQL_TSI_DAY, 7, CURRENT_TIMESTAMP)}) AS DATE), '16:30', '18:55', 146),
(10084, 1000032, '04-AQF', 'Cancelled', CAST (({fn TIMESTAMPADD( SQL_TSI_DAY, -3, CURRENT_TIMESTAMP)}) AS DATE), '13:05', '17:55', 294),
(10085, 1000034, '47-JZD', 'Delayed', CAST (({fn TIMESTAMPADD( SQL_TSI_DAY, 0, CURRENT_TIMESTAMP)}) AS DATE), '13:25', '18:20', 295),
(10086, 1000035, '03-AMU', 'Cancelled', CAST (({fn TIMESTAMPADD( SQL_TSI_DAY, 6, CURRENT_TIMESTAMP)}) AS DATE), '11:50', '15:20', 181),
(10087, 1000038, '73-OKV', 'On-Time', CAST (({fn TIMESTAMPADD( SQL_TSI_DAY, 2, CURRENT_TIMESTAMP)}) AS DATE), '14:50', '19:05', 177),
(10088, 1000039, '85-MLW', 'Cancelled', CAST (({fn TIMESTAMPADD( SQL_TSI_DAY, -4, CURRENT_TIMESTAMP)}) AS DATE), '15:50', '17:10', 181),
(10089, 1000040, '45-CSH', 'Arrived', CAST (({fn TIMESTAMPADD( SQL_TSI_DAY, -7, CURRENT_TIMESTAMP)}) AS DATE), '15:20', '17:20', 81),
(10090, 1000042, '94-BDG', 'Cancelled', CAST (({fn TIMESTAMPADD( SQL_TSI_DAY, -3, CURRENT_TIMESTAMP)}) AS DATE), '21:25', '1:10', 205),
(10091, 1000044, '24-YMW', 'On-Time', CAST (({fn TIMESTAMPADD( SQL_TSI_DAY, 5, CURRENT_TIMESTAMP)}) AS DATE), '15:00', '18:35', 99),
(10092, 1000046, '48-NEH', 'On-Time', CAST (({fn TIMESTAMPADD( SQL_TSI_DAY, 7, CURRENT_TIMESTAMP)}) AS DATE), '21:05', '2:50', 147),
(10093, 1000049, '27-NWE', 'On-Time', CAST (({fn TIMESTAMPADD( SQL_TSI_DAY, 2, CURRENT_TIMESTAMP)}) AS DATE), '16:25', '21:10', 248),
(10094, 1000052, '50-ZPC', 'Delayed', CAST (({fn TIMESTAMPADD( SQL_TSI_DAY, 0, CURRENT_TIMESTAMP)}) AS DATE), '6:35', '8:15', 283),
(10095, 1000054, '03-AMU', 'Arrived', CAST (({fn TIMESTAMPADD( SQL_TSI_DAY, -7, CURRENT_TIMESTAMP)}) AS DATE), '20:15', '1:50', 170),
(10096, 1000057, '08-VWL', 'Arrived', CAST (({fn TIMESTAMPADD( SQL_TSI_DAY, -7, CURRENT_TIMESTAMP)}) AS DATE), '17:45', '19:25', 362),
(10097, 1000058, '08-VWL', 'Arrived', CAST (({fn TIMESTAMPADD( SQL_TSI_DAY, -3, CURRENT_TIMESTAMP)}) AS DATE), '6:40', '9:55', 93),
(10098, 1000061, '47-JZD', 'On-Time', CAST (({fn TIMESTAMPADD( SQL_TSI_DAY, 5, CURRENT_TIMESTAMP)}) AS DATE), '10:20', '15:15', 307),
(10099, 1000064, '64-JVS', 'Arrived', CAST (({fn TIMESTAMPADD( SQL_TSI_DAY, -7, CURRENT_TIMESTAMP)}) AS DATE), '10:10', '12:05', 310),
(10100, 1000066, '64-JVS', 'Arrived', CAST (({fn TIMESTAMPADD( SQL_TSI_DAY, -4, CURRENT_TIMESTAMP)}) AS DATE), '14:15', '16:10', 297),
(10101, 1000069, '24-YMW', 'Cancelled', CAST (({fn TIMESTAMPADD( SQL_TSI_DAY, -3, CURRENT_TIMESTAMP)}) AS DATE), '16:15', '20:55', 150),
(10102, 1000070, '65-VXY', 'Cancelled', CAST (({fn TIMESTAMPADD( SQL_TSI_DAY, -1, CURRENT_TIMESTAMP)}) AS DATE), '13:20', '16:20', 367),
(10103, 1000073, '08-VWL', 'Arrived', CAST (({fn TIMESTAMPADD( SQL_TSI_DAY, -4, CURRENT_TIMESTAMP)}) AS DATE), '7:15', '9:35', 94),
(10104, 1000074, '35-CFH', 'On-Time', CAST (({fn TIMESTAMPADD( SQL_TSI_DAY, 3, CURRENT_TIMESTAMP)}) AS DATE), '20:10', '1:40', 294),
(10105, 1000077, '03-AMU', 'Arrived', CAST (({fn TIMESTAMPADD( SQL_TSI_DAY, -6, CURRENT_TIMESTAMP)}) AS DATE), '14:25', '17:30', 330),
(10106, 1000078, '04-AQF', 'On-Time', CAST (({fn TIMESTAMPADD( SQL_TSI_DAY, 3, CURRENT_TIMESTAMP)}) AS DATE), '19:55', '0:35', 325),
(10107, 1000081, '29-QUG', 'On-Time', CAST (({fn TIMESTAMPADD( SQL_TSI_DAY, 3, CURRENT_TIMESTAMP)}) AS DATE), '10:45', '13:30', 176),
(10108, 1000083, '31-MVH', 'On-Time', CAST (({fn TIMESTAMPADD( SQL_TSI_DAY, 6, CURRENT_TIMESTAMP)}) AS DATE), '14:50', '18:10', 148),
(10109, 1000085, '85-MLW', 'On-Time', CAST (({fn TIMESTAMPADD( SQL_TSI_DAY, 4, CURRENT_TIMESTAMP)}) AS DATE), '17:30', '20:05', 141),
(10110, 1000088, '09-WVY', 'On-Time', CAST (({fn TIMESTAMPADD( SQL_TSI_DAY, 0, CURRENT_TIMESTAMP)}) AS DATE), '11:10', '13:50', 304),
(10111, 1000091, '29-QUG', 'Arrived', CAST (({fn TIMESTAMPADD( SQL_TSI_DAY, -3, CURRENT_TIMESTAMP)}) AS DATE), '20:15', '0:45', 213),
(10112, 1000094, '94-BDG', 'On-Time', CAST (({fn TIMESTAMPADD( SQL_TSI_DAY, 6, CURRENT_TIMESTAMP)}) AS DATE), '19:05', '22:00', 100),
(10113, 1000097, '73-OKV', 'Cancelled', CAST (({fn TIMESTAMPADD( SQL_TSI_DAY, -4, CURRENT_TIMESTAMP)}) AS DATE), '8:30', '13:40', 357),
(10114, 1000099, '31-MVH', 'Arrived', CAST (({fn TIMESTAMPADD( SQL_TSI_DAY, -6, CURRENT_TIMESTAMP)}) AS DATE), '7:55', '9:50', 176),
(10115, 1000102, '24-YMW', 'Cancelled', CAST (({fn TIMESTAMPADD( SQL_TSI_DAY, -3, CURRENT_TIMESTAMP)}) AS DATE), '8:25', '10:10', 172),
(10116, 1000103, '15-TAU', 'On-Time', CAST (({fn TIMESTAMPADD( SQL_TSI_DAY, 5, CURRENT_TIMESTAMP)}) AS DATE), '12:55', '14:30', 168),
(10117, 1000105, '65-VXY', 'On-Time', CAST (({fn TIMESTAMPADD( SQL_TSI_DAY, 5, CURRENT_TIMESTAMP)}) AS DATE), '9:20', '13:05', 206),
(10118, 1000106, '64-JVS', 'Cancelled', CAST (({fn TIMESTAMPADD( SQL_TSI_DAY, 0, CURRENT_TIMESTAMP)}) AS DATE), '21:25', '23:10', 372),
(10119, 1000107, '09-WVY', 'Cancelled', CAST (({fn TIMESTAMPADD( SQL_TSI_DAY, -7, CURRENT_TIMESTAMP)}) AS DATE), '21:45', '1:35', 290),
(10120, 1000110, '31-MVH', 'On-Time', CAST (({fn TIMESTAMPADD( SQL_TSI_DAY, 1, CURRENT_TIMESTAMP)}) AS DATE), '13:50', '18:20', 162),
(10121, 1000111, '64-JVS', 'Cancelled', CAST (({fn TIMESTAMPADD( SQL_TSI_DAY, 4, CURRENT_TIMESTAMP)}) AS DATE), '15:50', '18:40', 249),
(10122, 1000112, '46-DBP', 'Cancelled', CAST (({fn TIMESTAMPADD( SQL_TSI_DAY, 3, CURRENT_TIMESTAMP)}) AS DATE), '23:00', '3:50', 94),
(10123, 1000115, '03-AMU', 'On-Time', CAST (({fn TIMESTAMPADD( SQL_TSI_DAY, 7, CURRENT_TIMESTAMP)}) AS DATE), '9:10', '14:10', 192),
(10124, 1000118, '31-MVH', 'Arrived', CAST (({fn TIMESTAMPADD( SQL_TSI_DAY, -5, CURRENT_TIMESTAMP)}) AS DATE), '23:55', '3:30', 189),
(10125, 1000121, '03-AMU', 'Cancelled', CAST (({fn TIMESTAMPADD( SQL_TSI_DAY, -4, CURRENT_TIMESTAMP)}) AS DATE), '9:55', '13:50', 305),
(10126, 1000122, '81-WFI', 'Cancelled', CAST (({fn TIMESTAMPADD( SQL_TSI_DAY, 1, CURRENT_TIMESTAMP)}) AS DATE), '10:15', '15:45', 226),
(10127, 1000123, '64-JVS', 'Arrived', CAST (({fn TIMESTAMPADD( SQL_TSI_DAY, -6, CURRENT_TIMESTAMP)}) AS DATE), '18:55', '20:35', 89),
(10128, 1000125, '08-VWL', 'Cancelled', CAST (({fn TIMESTAMPADD( SQL_TSI_DAY, 0, CURRENT_TIMESTAMP)}) AS DATE), '23:40', '4:20', 375),
(10129, 1000128, '81-WFI', 'Cancelled', CAST (({fn TIMESTAMPADD( SQL_TSI_DAY, -1, CURRENT_TIMESTAMP)}) AS DATE), '9:20', '14:30', 244),
(10130, 1000131, '95-XUO', 'Cancelled', CAST (({fn TIMESTAMPADD( SQL_TSI_DAY, 1, CURRENT_TIMESTAMP)}) AS DATE), '11:40', '16:35', 368),
(10131, 1000132, '64-JVS', 'Cancelled', CAST (({fn TIMESTAMPADD( SQL_TSI_DAY, 1, CURRENT_TIMESTAMP)}) AS DATE), '14:40', '18:15', 256),
(10132, 1000133, '48-NEH', 'Arrived', CAST (({fn TIMESTAMPADD( SQL_TSI_DAY, -5, CURRENT_TIMESTAMP)}) AS DATE), '15:55', '20:20', 199),
(10133, 1000136, '27-NWE', 'On-Time', CAST (({fn TIMESTAMPADD( SQL_TSI_DAY, 4, CURRENT_TIMESTAMP)}) AS DATE), '6:30', '8:00', 293),
(10134, 1000137, '15-TAU', 'On-Time', CAST (({fn TIMESTAMPADD( SQL_TSI_DAY, 1, CURRENT_TIMESTAMP)}) AS DATE), '12:50', '14:10', 114),
(10135, 1000139, '65-VXY', 'Cancelled', CAST (({fn TIMESTAMPADD( SQL_TSI_DAY, -3, CURRENT_TIMESTAMP)}) AS DATE), '16:20', '18:45', 232),
(10136, 1000140, '27-NWE', 'Cancelled', CAST (({fn TIMESTAMPADD( SQL_TSI_DAY, -4, CURRENT_TIMESTAMP)}) AS DATE), '17:25', '22:10', 263),
(10137, 1000143, '48-NEH', 'On-Time', CAST (({fn TIMESTAMPADD( SQL_TSI_DAY, 5, CURRENT_TIMESTAMP)}) AS DATE), '11:20', '15:25', 294),
(10138, 1000144, '94-BDG', 'Arrived', CAST (({fn TIMESTAMPADD( SQL_TSI_DAY, -3, CURRENT_TIMESTAMP)}) AS DATE), '12:00', '15:00', 375),
(10139, 1000146, '95-XUO', 'On-Time', CAST (({fn TIMESTAMPADD( SQL_TSI_DAY, 4, CURRENT_TIMESTAMP)}) AS DATE), '8:25', '13:20', 277),
(10140, 1000147, '47-JZD', 'Arrived', CAST (({fn TIMESTAMPADD( SQL_TSI_DAY, -5, CURRENT_TIMESTAMP)}) AS DATE), '21:25', '0:35', 118),
(10141, 1000148, '03-AMU', 'On-Time', CAST (({fn TIMESTAMPADD( SQL_TSI_DAY, 5, CURRENT_TIMESTAMP)}) AS DATE), '17:00', '20:25', 131),
(10142, 1000149, '03-AMU', 'Cancelled', CAST (({fn TIMESTAMPADD( SQL_TSI_DAY, 1, CURRENT_TIMESTAMP)}) AS DATE), '22:10', '3:45', 328),
(10143, 1000151, '03-AMU', 'Arrived', CAST (({fn TIMESTAMPADD( SQL_TSI_DAY, -5, CURRENT_TIMESTAMP)}) AS DATE), '10:50', '15:15', 372),
(10144, 1000153, '73-OKV', 'On-Time', CAST (({fn TIMESTAMPADD( SQL_TSI_DAY, 2, CURRENT_TIMESTAMP)}) AS DATE), '15:00', '20:25', 178),
(10145, 1000154, '73-OKV', 'Cancelled', CAST (({fn TIMESTAMPADD( SQL_TSI_DAY, -6, CURRENT_TIMESTAMP)}) AS DATE), '15:45', '19:40', 124),
(10146, 1000155, '47-JZD', 'Arrived', CAST (({fn TIMESTAMPADD( SQL_TSI_DAY, -6, CURRENT_TIMESTAMP)}) AS DATE), '14:30', '16:55', 213),
(10147, 1000158, '45-CSH', 'On-Time', CAST (({fn TIMESTAMPADD( SQL_TSI_DAY, 4, CURRENT_TIMESTAMP)}) AS DATE), '19:50', '0:40', 166),
(10148, 1000159, '47-JZD', 'Cancelled', CAST (({fn TIMESTAMPADD( SQL_TSI_DAY, 6, CURRENT_TIMESTAMP)}) AS DATE), '14:40', '18:15', 202),
(10149, 1000160, '14-DXH', 'On-Time', CAST (({fn TIMESTAMPADD( SQL_TSI_DAY, 5, CURRENT_TIMESTAMP)}) AS DATE), '21:05', '23:05', 374),
(10150, 1000162, '29-QUG', 'Cancelled', CAST (({fn TIMESTAMPADD( SQL_TSI_DAY, 4, CURRENT_TIMESTAMP)}) AS DATE), '22:10', '0:30', 296),
(10151, 1000164, '09-WVY', 'On-Time', CAST (({fn TIMESTAMPADD( SQL_TSI_DAY, 4, CURRENT_TIMESTAMP)}) AS DATE), '16:15', '19:25', 348),
(10152, 1000165, '65-VXY', 'On-Time', CAST (({fn TIMESTAMPADD( SQL_TSI_DAY, 5, CURRENT_TIMESTAMP)}) AS DATE), '16:25', '20:50', 168),
(10153, 1000166, '35-CFH', 'On-Time', CAST (({fn TIMESTAMPADD( SQL_TSI_DAY, 6, CURRENT_TIMESTAMP)}) AS DATE), '8:00', '13:15', 225),
(10154, 1000168, '31-MVH', 'Cancelled', CAST (({fn TIMESTAMPADD( SQL_TSI_DAY, -2, CURRENT_TIMESTAMP)}) AS DATE), '14:15', '19:10', 148),
(20155, 2000006, '65-VXY', 'On-Time', CAST (({fn TIMESTAMPADD( SQL_TSI_DAY, 7, CURRENT_TIMESTAMP)}) AS DATE), '12:10', '15:20', 264),
(20156, 2000009, '27-NWE', 'Arrived', CAST (({fn TIMESTAMPADD( SQL_TSI_DAY, -7, CURRENT_TIMESTAMP)}) AS DATE), '13:10', '17:55', 235),
(20157, 2000011, '50-ZPC', 'On-Time', CAST (({fn TIMESTAMPADD( SQL_TSI_DAY, 5, CURRENT_TIMESTAMP)}) AS DATE), '18:00', '23:00', 99),
(20158, 2000013, '85-MLW', 'Arrived', CAST (({fn TIMESTAMPADD( SQL_TSI_DAY, -4, CURRENT_TIMESTAMP)}) AS DATE), '14:00', '18:10', 258),
(20159, 2000016, '15-TAU', 'On-Time', CAST (({fn TIMESTAMPADD( SQL_TSI_DAY, 7, CURRENT_TIMESTAMP)}) AS DATE), '14:35', '19:00', 193),
(20160, 2000018, '95-XUO', 'Cancelled', CAST (({fn TIMESTAMPADD( SQL_TSI_DAY, -6, CURRENT_TIMESTAMP)}) AS DATE), '6:45', '11:35', 198),
(20161, 2000021, '04-AQF', 'Cancelled', CAST (({fn TIMESTAMPADD( SQL_TSI_DAY, -3, CURRENT_TIMESTAMP)}) AS DATE), '23:35', '3:30', 266),
(20162, 2000023, '85-MLW', 'On-Time', CAST (({fn TIMESTAMPADD( SQL_TSI_DAY, 6, CURRENT_TIMESTAMP)}) AS DATE), '13:00', '16:40', 298),
(20163, 2000024, '09-WVY', 'On-Time', CAST (({fn TIMESTAMPADD( SQL_TSI_DAY, 7, CURRENT_TIMESTAMP)}) AS DATE), '14:15', '17:45', 307),
(20164, 2000026, '81-WFI', 'Cancelled', CAST (({fn TIMESTAMPADD( SQL_TSI_DAY, 2, CURRENT_TIMESTAMP)}) AS DATE), '14:30', '19:45', 105),
(20165, 2000027, '73-OKV', 'On-Time', CAST (({fn TIMESTAMPADD( SQL_TSI_DAY, 6, CURRENT_TIMESTAMP)}) AS DATE), '6:40', '10:45', 273),
(20166, 2000029, '85-MLW', 'On-Time', CAST (({fn TIMESTAMPADD( SQL_TSI_DAY, 3, CURRENT_TIMESTAMP)}) AS DATE), '16:40', '18:00', 90),
(20167, 2000032, '71-KWB', 'Delayed', CAST (({fn TIMESTAMPADD( SQL_TSI_DAY, 0, CURRENT_TIMESTAMP)}) AS DATE), '23:55', '2:25', 118),
(20168, 2000035, '24-YMW', 'On-Time', CAST (({fn TIMESTAMPADD( SQL_TSI_DAY, 2, CURRENT_TIMESTAMP)}) AS DATE), '17:50', '21:20', 222),
(20169, 2000038, '03-AMU', 'On-Time', CAST (({fn TIMESTAMPADD( SQL_TSI_DAY, 2, CURRENT_TIMESTAMP)}) AS DATE), '17:40', '20:20', 379),
(20170, 2000040, '35-CFH', 'Arrived', CAST (({fn TIMESTAMPADD( SQL_TSI_DAY, -6, CURRENT_TIMESTAMP)}) AS DATE), '17:00', '19:30', 277),
(20171, 2000043, '50-ZPC', 'Cancelled', CAST (({fn TIMESTAMPADD( SQL_TSI_DAY, 6, CURRENT_TIMESTAMP)}) AS DATE), '15:15', '20:30', 214),
(20172, 2000046, '47-JZD', 'On-Time', CAST (({fn TIMESTAMPADD( SQL_TSI_DAY, 2, CURRENT_TIMESTAMP)}) AS DATE), '19:05', '23:30', 200),
(20173, 2000047, '24-YMW', 'Arrived', CAST (({fn TIMESTAMPADD( SQL_TSI_DAY, -7, CURRENT_TIMESTAMP)}) AS DATE), '6:50', '10:45', 257),
(20174, 2000050, '46-DBP', 'Arrived', CAST (({fn TIMESTAMPADD( SQL_TSI_DAY, -5, CURRENT_TIMESTAMP)}) AS DATE), '12:20', '15:30', 112),
(20175, 2000052, '71-KWB', 'On-Time', CAST (({fn TIMESTAMPADD( SQL_TSI_DAY, 7, CURRENT_TIMESTAMP)}) AS DATE), '15:55', '17:55', 208),
(20176, 2000054, '09-WVY', 'On-Time', CAST (({fn TIMESTAMPADD( SQL_TSI_DAY, 7, CURRENT_TIMESTAMP)}) AS DATE), '20:40', '1:50', 341),
(20177, 2000057, '45-CSH', 'On-Time', CAST (({fn TIMESTAMPADD( SQL_TSI_DAY, 4, CURRENT_TIMESTAMP)}) AS DATE), '10:15', '13:50', 315),
(20178, 2000060, '71-KWB', 'Arrived', CAST (({fn TIMESTAMPADD( SQL_TSI_DAY, -7, CURRENT_TIMESTAMP)}) AS DATE), '8:25', '13:50', 91),
(20179, 2000063, '81-WFI', 'Cancelled', CAST (({fn TIMESTAMPADD( SQL_TSI_DAY, -3, CURRENT_TIMESTAMP)}) AS DATE), '17:55', '21:10', 317),
(20180, 2000064, '15-TAU', 'On-Time', CAST (({fn TIMESTAMPADD( SQL_TSI_DAY, 3, CURRENT_TIMESTAMP)}) AS DATE), '8:45', '11:30', 160),
(20181, 2000066, '09-WVY', 'Arrived', CAST (({fn TIMESTAMPADD( SQL_TSI_DAY, -7, CURRENT_TIMESTAMP)}) AS DATE), '22:15', '0:30', 130),
(20182, 2000067, '47-JZD', 'On-Time', CAST (({fn TIMESTAMPADD( SQL_TSI_DAY, 5, CURRENT_TIMESTAMP)}) AS DATE), '8:10', '10:35', 180),
(20183, 2000070, '65-VXY', 'Arrived', CAST (({fn TIMESTAMPADD( SQL_TSI_DAY, -5, CURRENT_TIMESTAMP)}) AS DATE), '7:55', '10:55', 238),
(20184, 2000072, '08-VWL', 'Cancelled', CAST (({fn TIMESTAMPADD( SQL_TSI_DAY, -6, CURRENT_TIMESTAMP)}) AS DATE), '11:25', '14:40', 219),
(20185, 2000073, '15-TAU', 'Arrived', CAST (({fn TIMESTAMPADD( SQL_TSI_DAY, -6, CURRENT_TIMESTAMP)}) AS DATE), '22:30', '0:35', 335),
(20186, 2000075, '08-VWL', 'On-Time', CAST (({fn TIMESTAMPADD( SQL_TSI_DAY, 3, CURRENT_TIMESTAMP)}) AS DATE), '14:40', '18:50', 278),
(20187, 2000076, '14-DXH', 'On-Time', CAST (({fn TIMESTAMPADD( SQL_TSI_DAY, 3, CURRENT_TIMESTAMP)}) AS DATE), '16:25', '21:20', 202),
(20188, 2000079, '35-CFH', 'Arrived', CAST (({fn TIMESTAMPADD( SQL_TSI_DAY, -5, CURRENT_TIMESTAMP)}) AS DATE), '9:05', '12:10', 137),
(20189, 2000082, '64-JVS', 'Arrived', CAST (({fn TIMESTAMPADD( SQL_TSI_DAY, -6, CURRENT_TIMESTAMP)}) AS DATE), '21:45', '0:20', 281),
(20190, 2000084, '29-QUG', 'On-Time', CAST (({fn TIMESTAMPADD( SQL_TSI_DAY, 7, CURRENT_TIMESTAMP)}) AS DATE), '10:50', '14:00', 186),
(20191, 2000085, '95-XUO', 'On-Time', CAST (({fn TIMESTAMPADD( SQL_TSI_DAY, 7, CURRENT_TIMESTAMP)}) AS DATE), '18:55', '22:35', 206),
(20192, 2000087, '04-AQF', 'On-Time', CAST (({fn TIMESTAMPADD( SQL_TSI_DAY, 4, CURRENT_TIMESTAMP)}) AS DATE), '17:45', '20:50', 132),
(20193, 2000088, '94-BDG', 'Arrived', CAST (({fn TIMESTAMPADD( SQL_TSI_DAY, -5, CURRENT_TIMESTAMP)}) AS DATE), '14:05', '18:35', 210),
(20194, 2000090, '50-ZPC', 'Cancelled', CAST (({fn TIMESTAMPADD( SQL_TSI_DAY, -1, CURRENT_TIMESTAMP)}) AS DATE), '14:00', '16:30', 364),
(20195, 2000093, '37-XPD', 'Arrived', CAST (({fn TIMESTAMPADD( SQL_TSI_DAY, -1, CURRENT_TIMESTAMP)}) AS DATE), '17:35', '21:05', 306),
(20196, 2000096, '95-XUO', 'Arrived', CAST (({fn TIMESTAMPADD( SQL_TSI_DAY, -5, CURRENT_TIMESTAMP)}) AS DATE), '7:50', '10:00', 360),
(20197, 2000097, '03-AMU', 'Cancelled', CAST (({fn TIMESTAMPADD( SQL_TSI_DAY, 5, CURRENT_TIMESTAMP)}) AS DATE), '7:35', '9:30', 249),
(20198, 2000100, '95-XUO', 'On-Time', CAST (({fn TIMESTAMPADD( SQL_TSI_DAY, 6, CURRENT_TIMESTAMP)}) AS DATE), '10:50', '13:40', 370),
(20199, 2000102, '50-ZPC', 'On-Time', CAST (({fn TIMESTAMPADD( SQL_TSI_DAY, 6, CURRENT_TIMESTAMP)}) AS DATE), '12:40', '14:35', 132),
(20200, 2000104, '47-JZD', 'On-Time', CAST (({fn TIMESTAMPADD( SQL_TSI_DAY, 1, CURRENT_TIMESTAMP)}) AS DATE), '14:40', '18:20', 112),
(20201, 2000107, '81-WFI', 'Cancelled', CAST (({fn TIMESTAMPADD( SQL_TSI_DAY, -1, CURRENT_TIMESTAMP)}) AS DATE), '21:10', '1:25', 104),
(20202, 2000109, '24-YMW', 'On-Time', CAST (({fn TIMESTAMPADD( SQL_TSI_DAY, 4, CURRENT_TIMESTAMP)}) AS DATE), '7:15', '12:10', 307),
(20203, 2000111, '64-JVS', 'In-flight', CAST (({fn TIMESTAMPADD( SQL_TSI_DAY, 0, CURRENT_TIMESTAMP)}) AS DATE), '21:30', '2:20', 163),
(20204, 2000114, '47-JZD', 'Arrived', CAST (({fn TIMESTAMPADD( SQL_TSI_DAY, -4, CURRENT_TIMESTAMP)}) AS DATE), '11:20', '14:20', 163),
(20205, 2000115, '27-NWE', 'Cancelled', CAST (({fn TIMESTAMPADD( SQL_TSI_DAY, 5, CURRENT_TIMESTAMP)}) AS DATE), '19:35', '21:00', 335),
(20206, 2000116, '31-MVH', 'On-Time', CAST (({fn TIMESTAMPADD( SQL_TSI_DAY, 5, CURRENT_TIMESTAMP)}) AS DATE), '16:30', '18:15', 196),
(20207, 2000119, '73-OKV', 'On-Time', CAST (({fn TIMESTAMPADD( SQL_TSI_DAY, 5, CURRENT_TIMESTAMP)}) AS DATE), '22:10', '3:10', 133),
(20208, 2000121, '45-CSH', 'Arrived', CAST (({fn TIMESTAMPADD( SQL_TSI_DAY, -6, CURRENT_TIMESTAMP)}) AS DATE), '21:25', '2:20', 260),
(20209, 2000122, '46-DBP', 'On-Time', CAST (({fn TIMESTAMPADD( SQL_TSI_DAY, 3, CURRENT_TIMESTAMP)}) AS DATE), '17:35', '19:10', 131),
(20210, 2000125, '04-AQF', 'Arrived', CAST (({fn TIMESTAMPADD( SQL_TSI_DAY, -1, CURRENT_TIMESTAMP)}) AS DATE), '14:45', '17:15', 246),
(20211, 2000126, '95-XUO', 'On-Time', CAST (({fn TIMESTAMPADD( SQL_TSI_DAY, 5, CURRENT_TIMESTAMP)}) AS DATE), '18:15', '22:00', 113),
(20212, 2000127, '50-ZPC', 'On-Time', CAST (({fn TIMESTAMPADD( SQL_TSI_DAY, 2, CURRENT_TIMESTAMP)}) AS DATE), '9:15', '11:00', 219),
(20213, 2000130, '47-JZD', 'Cancelled', CAST (({fn TIMESTAMPADD( SQL_TSI_DAY, 4, CURRENT_TIMESTAMP)}) AS DATE), '10:40', '15:35', 271),
(20214, 2000133, '14-DXH', 'Arrived', CAST (({fn TIMESTAMPADD( SQL_TSI_DAY, -5, CURRENT_TIMESTAMP)}) AS DATE), '20:00', '1:05', 352),
(20215, 2000134, '64-JVS', 'Arrived', CAST (({fn TIMESTAMPADD( SQL_TSI_DAY, -5, CURRENT_TIMESTAMP)}) AS DATE), '19:20', '23:50', 96),
(20216, 2000136, '04-AQF', 'On-Time', CAST (({fn TIMESTAMPADD( SQL_TSI_DAY, 7, CURRENT_TIMESTAMP)}) AS DATE), '14:35', '17:20', 210),
(20217, 2000137, '65-VXY', 'On-Time', CAST (({fn TIMESTAMPADD( SQL_TSI_DAY, 6, CURRENT_TIMESTAMP)}) AS DATE), '11:55', '16:45', 124),
(20218, 2000140, '45-CSH', 'Cancelled', CAST (({fn TIMESTAMPADD( SQL_TSI_DAY, -4, CURRENT_TIMESTAMP)}) AS DATE), '11:10', '15:40', 308),
(20219, 2000142, '50-ZPC', 'Arrived', CAST (({fn TIMESTAMPADD( SQL_TSI_DAY, -7, CURRENT_TIMESTAMP)}) AS DATE), '17:00', '19:45', 107),
(20220, 2000143, '29-QUG', 'Cancelled', CAST (({fn TIMESTAMPADD( SQL_TSI_DAY, -6, CURRENT_TIMESTAMP)}) AS DATE), '20:20', '22:50', 229),
(20221, 2000144, '64-JVS', 'On-Time', CAST (({fn TIMESTAMPADD( SQL_TSI_DAY, 7, CURRENT_TIMESTAMP)}) AS DATE), '14:00', '17:10', 96),
(20222, 2000146, '85-MLW', 'Cancelled', CAST (({fn TIMESTAMPADD( SQL_TSI_DAY, -1, CURRENT_TIMESTAMP)}) AS DATE), '9:30', '11:00', 198),
(20223, 2000147, '50-ZPC', 'On-Time', CAST (({fn TIMESTAMPADD( SQL_TSI_DAY, 1, CURRENT_TIMESTAMP)}) AS DATE), '15:00', '17:45', 242),
(20224, 2000148, '08-VWL', 'Arrived', CAST (({fn TIMESTAMPADD( SQL_TSI_DAY, -4, CURRENT_TIMESTAMP)}) AS DATE), '12:50', '15:10', 95),
(20225, 2000150, '09-WVY', 'Boarding', CAST (({fn TIMESTAMPADD( SQL_TSI_DAY, 0, CURRENT_TIMESTAMP)}) AS DATE), '6:15', '8:05', 250),
(20226, 2000152, '03-AMU', 'On-Time', CAST (({fn TIMESTAMPADD( SQL_TSI_DAY, 7, CURRENT_TIMESTAMP)}) AS DATE), '9:50', '11:30', 263),
(30227, 3000005, '35-CFH', 'Arrived', CAST (({fn TIMESTAMPADD( SQL_TSI_DAY, -5, CURRENT_TIMESTAMP)}) AS DATE), '11:20', '16:40', 326),
(30228, 3000007, '46-DBP', 'Arrived', CAST (({fn TIMESTAMPADD( SQL_TSI_DAY, -2, CURRENT_TIMESTAMP)}) AS DATE), '10:15', '12:45', 171),
(30229, 3000008, '46-DBP', 'On-Time', CAST (({fn TIMESTAMPADD( SQL_TSI_DAY, 4, CURRENT_TIMESTAMP)}) AS DATE), '21:30', '1:05', 106),
(30230, 3000010, '03-AMU', 'Boarding', CAST (({fn TIMESTAMPADD( SQL_TSI_DAY, 0, CURRENT_TIMESTAMP)}) AS DATE), '18:10', '22:00', 99),
(30231, 3000013, '27-NWE', 'Cancelled', CAST (({fn TIMESTAMPADD( SQL_TSI_DAY, -5, CURRENT_TIMESTAMP)}) AS DATE), '8:00', '12:35', 187),
(30232, 3000014, '81-WFI', 'On-Time', CAST (({fn TIMESTAMPADD( SQL_TSI_DAY, 6, CURRENT_TIMESTAMP)}) AS DATE), '16:25', '21:10', 204),
(30233, 3000016, '46-DBP', 'Arrived', CAST (({fn TIMESTAMPADD( SQL_TSI_DAY, -5, CURRENT_TIMESTAMP)}) AS DATE), '20:30', '22:30', 270),
(30234, 3000019, '24-YMW', 'On-Time', CAST (({fn TIMESTAMPADD( SQL_TSI_DAY, 1, CURRENT_TIMESTAMP)}) AS DATE), '21:20', '23:10', 378),
(30235, 3000020, '45-CSH', 'On-Time', CAST (({fn TIMESTAMPADD( SQL_TSI_DAY, 3, CURRENT_TIMESTAMP)}) AS DATE), '11:20', '13:20', 145),
(30236, 3000023, '31-MVH', 'Cancelled', CAST (({fn TIMESTAMPADD( SQL_TSI_DAY, 6, CURRENT_TIMESTAMP)}) AS DATE), '17:40', '20:35', 362),
(30237, 3000026, '48-NEH', 'Cancelled', CAST (({fn TIMESTAMPADD( SQL_TSI_DAY, -6, CURRENT_TIMESTAMP)}) AS DATE), '23:25', '1:35', 242),
(30238, 3000029, '27-NWE', 'On-Time', CAST (({fn TIMESTAMPADD( SQL_TSI_DAY, 7, CURRENT_TIMESTAMP)}) AS DATE), '10:40', '15:20', 337),
(30239, 3000031, '64-JVS', 'Arrived', CAST (({fn TIMESTAMPADD( SQL_TSI_DAY, -3, CURRENT_TIMESTAMP)}) AS DATE), '13:35', '17:30', 338),
(30240, 3000033, '71-KWB', 'Arrived', CAST (({fn TIMESTAMPADD( SQL_TSI_DAY, -1, CURRENT_TIMESTAMP)}) AS DATE), '7:05', '10:00', 123),
(30241, 3000035, '65-VXY', 'Cancelled', CAST (({fn TIMESTAMPADD( SQL_TSI_DAY, 4, CURRENT_TIMESTAMP)}) AS DATE), '15:00', '18:50', 355),
(30242, 3000036, '08-VWL', 'On-Time', CAST (({fn TIMESTAMPADD( SQL_TSI_DAY, 7, CURRENT_TIMESTAMP)}) AS DATE), '20:20', '0:20', 121),
(30243, 3000038, '47-JZD', 'Arrived', CAST (({fn TIMESTAMPADD( SQL_TSI_DAY, -5, CURRENT_TIMESTAMP)}) AS DATE), '17:30', '21:25', 261),
(30244, 3000039, '45-CSH', 'Cancelled', CAST (({fn TIMESTAMPADD( SQL_TSI_DAY, -5, CURRENT_TIMESTAMP)}) AS DATE), '13:45', '15:00', 219),
(30245, 3000041, '48-NEH', 'Arrived', CAST (({fn TIMESTAMPADD( SQL_TSI_DAY, -5, CURRENT_TIMESTAMP)}) AS DATE), '23:55', '3:20', 124),
(30246, 3000043, '37-XPD', 'On-Time', CAST (({fn TIMESTAMPADD( SQL_TSI_DAY, 1, CURRENT_TIMESTAMP)}) AS DATE), '19:00', '0:30', 193),
(30247, 3000045, '64-JVS', 'On-Time', CAST (({fn TIMESTAMPADD( SQL_TSI_DAY, 4, CURRENT_TIMESTAMP)}) AS DATE), '7:10', '11:05', 336),
(30248, 3000046, '45-CSH', 'Cancelled', CAST (({fn TIMESTAMPADD( SQL_TSI_DAY, 1, CURRENT_TIMESTAMP)}) AS DATE), '15:05', '18:15', 354),
(30249, 3000047, '95-XUO', 'On-Time', CAST (({fn TIMESTAMPADD( SQL_TSI_DAY, 2, CURRENT_TIMESTAMP)}) AS DATE), '20:10', '23:30', 183),
(30250, 3000050, '09-WVY', 'On-Time', CAST (({fn TIMESTAMPADD( SQL_TSI_DAY, 6, CURRENT_TIMESTAMP)}) AS DATE), '8:40', '11:25', 179),
(30251, 3000052, '50-ZPC', 'On-Time', CAST (({fn TIMESTAMPADD( SQL_TSI_DAY, 0, CURRENT_TIMESTAMP)}) AS DATE), '12:55', '16:15', 322),
(30252, 3000053, '45-CSH', 'On-Time', CAST (({fn TIMESTAMPADD( SQL_TSI_DAY, 4, CURRENT_TIMESTAMP)}) AS DATE), '20:00', '23:20', 284),
(30253, 3000055, '09-WVY', 'On-Time', CAST (({fn TIMESTAMPADD( SQL_TSI_DAY, 7, CURRENT_TIMESTAMP)}) AS DATE), '11:20', '16:05', 303),
(30254, 3000058, '95-XUO', 'Arrived', CAST (({fn TIMESTAMPADD( SQL_TSI_DAY, -6, CURRENT_TIMESTAMP)}) AS DATE), '19:15', '21:25', 284),
(30255, 3000060, '24-YMW', 'Cancelled', CAST (({fn TIMESTAMPADD( SQL_TSI_DAY, -3, CURRENT_TIMESTAMP)}) AS DATE), '15:05', '20:25', 292),
(30256, 3000061, '65-VXY', 'On-Time', CAST (({fn TIMESTAMPADD( SQL_TSI_DAY, 3, CURRENT_TIMESTAMP)}) AS DATE), '23:00', '1:10', 379),
(30257, 3000064, '48-NEH', 'On-Time', CAST (({fn TIMESTAMPADD( SQL_TSI_DAY, 7, CURRENT_TIMESTAMP)}) AS DATE), '9:15', '12:20', 366),
(30258, 3000065, '81-WFI', 'Arrived', CAST (({fn TIMESTAMPADD( SQL_TSI_DAY, -7, CURRENT_TIMESTAMP)}) AS DATE), '17:55', '21:10', 170),
(30259, 3000067, '15-TAU', 'Cancelled', CAST (({fn TIMESTAMPADD( SQL_TSI_DAY, 7, CURRENT_TIMESTAMP)}) AS DATE), '16:15', '19:00', 106),
(30260, 3000068, '04-AQF', 'Boarding', CAST (({fn TIMESTAMPADD( SQL_TSI_DAY, 0, CURRENT_TIMESTAMP)}) AS DATE), '14:15', '16:30', 111),
(30261, 3000069, '29-QUG', 'On-Time', CAST (({fn TIMESTAMPADD( SQL_TSI_DAY, 6, CURRENT_TIMESTAMP)}) AS DATE), '19:00', '0:40', 172),
(30262, 3000072, '27-NWE', 'On-Time', CAST (({fn TIMESTAMPADD( SQL_TSI_DAY, 3, CURRENT_TIMESTAMP)}) AS DATE), '13:25', '18:15', 104),
(30263, 3000073, '35-CFH', 'Arrived', CAST (({fn TIMESTAMPADD( SQL_TSI_DAY, -3, CURRENT_TIMESTAMP)}) AS DATE), '21:40', '1:15', 314),
(30264, 3000076, '31-MVH', 'On-Time', CAST (({fn TIMESTAMPADD( SQL_TSI_DAY, 6, CURRENT_TIMESTAMP)}) AS DATE), '20:20', '0:50', 132),
(30265, 3000077, '29-QUG', 'Cancelled', CAST (({fn TIMESTAMPADD( SQL_TSI_DAY, -5, CURRENT_TIMESTAMP)}) AS DATE), '22:00', '1:40', 193),
(30266, 3000078, '37-XPD', 'Arrived', CAST (({fn TIMESTAMPADD( SQL_TSI_DAY, -5, CURRENT_TIMESTAMP)}) AS DATE), '14:55', '17:10', 293),
(30267, 3000079, '45-CSH', 'On-Time', CAST (({fn TIMESTAMPADD( SQL_TSI_DAY, 7, CURRENT_TIMESTAMP)}) AS DATE), '15:15', '20:45', 168),
(30268, 3000081, '15-TAU', 'Arrived', CAST (({fn TIMESTAMPADD( SQL_TSI_DAY, -4, CURRENT_TIMESTAMP)}) AS DATE), '23:45', '3:05', 290),
(30269, 3000083, '03-AMU', 'Arrived', CAST (({fn TIMESTAMPADD( SQL_TSI_DAY, -4, CURRENT_TIMESTAMP)}) AS DATE), '20:15', '23:10', 230),
(30270, 3000086, '64-JVS', 'Cancelled', CAST (({fn TIMESTAMPADD( SQL_TSI_DAY, -6, CURRENT_TIMESTAMP)}) AS DATE), '11:00', '16:25', 310),
(30271, 3000088, '35-CFH', 'On-Time', CAST (({fn TIMESTAMPADD( SQL_TSI_DAY, 6, CURRENT_TIMESTAMP)}) AS DATE), '22:15', '2:05', 275),
(30272, 3000090, '64-JVS', 'Cancelled', CAST (({fn TIMESTAMPADD( SQL_TSI_DAY, -3, CURRENT_TIMESTAMP)}) AS DATE), '17:25', '22:40', 199),
(30273, 3000093, '37-XPD', 'Cancelled', CAST (({fn TIMESTAMPADD( SQL_TSI_DAY, -6, CURRENT_TIMESTAMP)}) AS DATE), '16:50', '21:45', 239),
(30274, 3000096, '29-QUG', 'Cancelled', CAST (({fn TIMESTAMPADD( SQL_TSI_DAY, 2, CURRENT_TIMESTAMP)}) AS DATE), '18:25', '21:05', 108),
(30275, 3000099, '94-BDG', 'Arrived', CAST (({fn TIMESTAMPADD( SQL_TSI_DAY, -4, CURRENT_TIMESTAMP)}) AS DATE), '6:25', '8:15', 174),
(30276, 3000100, '15-TAU', 'Cancelled', CAST (({fn TIMESTAMPADD( SQL_TSI_DAY, -6, CURRENT_TIMESTAMP)}) AS DATE), '22:40', '3:15', 115),
(30277, 3000102, '37-XPD', 'On-Time', CAST (({fn TIMESTAMPADD( SQL_TSI_DAY, 6, CURRENT_TIMESTAMP)}) AS DATE), '7:40', '9:55', 330),
(30278, 3000105, '15-TAU', 'Cancelled', CAST (({fn TIMESTAMPADD( SQL_TSI_DAY, 3, CURRENT_TIMESTAMP)}) AS DATE), '20:15', '23:50', 139),
(30279, 3000107, '14-DXH', 'Cancelled', CAST (({fn TIMESTAMPADD( SQL_TSI_DAY, 2, CURRENT_TIMESTAMP)}) AS DATE), '12:50', '16:05', 223),
(30280, 3000109, '35-CFH', 'Cancelled', CAST (({fn TIMESTAMPADD( SQL_TSI_DAY, -6, CURRENT_TIMESTAMP)}) AS DATE), '8:20', '13:55', 234),
(30281, 3000111, '14-DXH', 'On-Time', CAST (({fn TIMESTAMPADD( SQL_TSI_DAY, 4, CURRENT_TIMESTAMP)}) AS DATE), '18:10', '22:20', 325),
(30282, 3000113, '27-NWE', 'Arrived', CAST (({fn TIMESTAMPADD( SQL_TSI_DAY, -4, CURRENT_TIMESTAMP)}) AS DATE), '20:10', '22:10', 99),
(30283, 3000116, '71-KWB', 'On-Time', CAST (({fn TIMESTAMPADD( SQL_TSI_DAY, 6, CURRENT_TIMESTAMP)}) AS DATE), '18:25', '23:00', 260),
(30284, 3000117, '45-CSH', 'Cancelled', CAST (({fn TIMESTAMPADD( SQL_TSI_DAY, -5, CURRENT_TIMESTAMP)}) AS DATE), '17:50', '20:45', 172),
(30285, 3000120, '35-CFH', 'Delayed', CAST (({fn TIMESTAMPADD( SQL_TSI_DAY, 0, CURRENT_TIMESTAMP)}) AS DATE), '14:40', '19:45', 259),
(30286, 3000122, '03-AMU', 'On-Time', CAST (({fn TIMESTAMPADD( SQL_TSI_DAY, 6, CURRENT_TIMESTAMP)}) AS DATE), '13:00', '18:00', 213),
(30287, 3000123, '85-MLW', 'On-Time', CAST (({fn TIMESTAMPADD( SQL_TSI_DAY, 0, CURRENT_TIMESTAMP)}) AS DATE), '23:55', '2:10', 241),
(30288, 3000126, '08-VWL', 'On-Time', CAST (({fn TIMESTAMPADD( SQL_TSI_DAY, 3, CURRENT_TIMESTAMP)}) AS DATE), '9:50', '12:30', 95),
(30289, 3000127, '24-YMW', 'Cancelled', CAST (({fn TIMESTAMPADD( SQL_TSI_DAY, -5, CURRENT_TIMESTAMP)}) AS DATE), '19:20', '23:50', 163),
(30290, 3000128, '46-DBP', 'On-Time', CAST (({fn TIMESTAMPADD( SQL_TSI_DAY, 2, CURRENT_TIMESTAMP)}) AS DATE), '7:30', '9:25', 86),
(30291, 3000131, '04-AQF', 'On-Time', CAST (({fn TIMESTAMPADD( SQL_TSI_DAY, 2, CURRENT_TIMESTAMP)}) AS DATE), '10:20', '13:15', 323),
(30292, 3000134, '65-VXY', 'Arrived', CAST (({fn TIMESTAMPADD( SQL_TSI_DAY, -4, CURRENT_TIMESTAMP)}) AS DATE), '12:45', '17:00', 167),
(30293, 3000135, '48-NEH', 'Arrived', CAST (({fn TIMESTAMPADD( SQL_TSI_DAY, -4, CURRENT_TIMESTAMP)}) AS DATE), '22:50', '1:45', 254),
(30294, 3000138, '35-CFH', 'On-Time', CAST (({fn TIMESTAMPADD( SQL_TSI_DAY, 1, CURRENT_TIMESTAMP)}) AS DATE), '15:55', '17:15', 142),
(30295, 3000139, '45-CSH', 'Cancelled', CAST (({fn TIMESTAMPADD( SQL_TSI_DAY, 1, CURRENT_TIMESTAMP)}) AS DATE), '13:15', '17:10', 186),
(30296, 3000140, '27-NWE', 'Cancelled', CAST (({fn TIMESTAMPADD( SQL_TSI_DAY, 4, CURRENT_TIMESTAMP)}) AS DATE), '17:35', '19:15', 252),
(30297, 3000143, '27-NWE', 'On-Time', CAST (({fn TIMESTAMPADD( SQL_TSI_DAY, 6, CURRENT_TIMESTAMP)}) AS DATE), '9:40', '11:35', 212),
(30298, 3000145, '71-KWB', 'Arrived', CAST (({fn TIMESTAMPADD( SQL_TSI_DAY, -1, CURRENT_TIMESTAMP)}) AS DATE), '12:00', '17:50', 201),
(30299, 3000148, '09-WVY', 'Cancelled', CAST (({fn TIMESTAMPADD( SQL_TSI_DAY, 3, CURRENT_TIMESTAMP)}) AS DATE), '21:15', '2:35', 295),
(30300, 3000149, '04-AQF', 'Cancelled', CAST (({fn TIMESTAMPADD( SQL_TSI_DAY, -6, CURRENT_TIMESTAMP)}) AS DATE), '21:45', '23:30', 135),
(30301, 3000150, '24-YMW', 'Cancelled', CAST (({fn TIMESTAMPADD( SQL_TSI_DAY, -5, CURRENT_TIMESTAMP)}) AS DATE), '6:15', '8:05', 262),
(30302, 3000153, '94-BDG', 'On-Time', CAST (({fn TIMESTAMPADD( SQL_TSI_DAY, 0, CURRENT_TIMESTAMP)}) AS DATE), '16:10', '18:30', 104),
(30303, 3000155, '47-JZD', 'Arrived', CAST (({fn TIMESTAMPADD( SQL_TSI_DAY, -2, CURRENT_TIMESTAMP)}) AS DATE), '12:15', '17:20', 134),
(30304, 3000156, '35-CFH', 'On-Time', CAST (({fn TIMESTAMPADD( SQL_TSI_DAY, 3, CURRENT_TIMESTAMP)}) AS DATE), '10:20', '15:40', 272),
(40305, 4000010, '29-QUG', 'Arrived', CAST (({fn TIMESTAMPADD( SQL_TSI_DAY, -4, CURRENT_TIMESTAMP)}) AS DATE), '14:55', '17:45', 128),
(40306, 4000011, '29-QUG', 'Cancelled', CAST (({fn TIMESTAMPADD( SQL_TSI_DAY, -3, CURRENT_TIMESTAMP)}) AS DATE), '14:10', '16:45', 212),
(40307, 4000013, '71-KWB', 'Arrived', CAST (({fn TIMESTAMPADD( SQL_TSI_DAY, -4, CURRENT_TIMESTAMP)}) AS DATE), '18:40', '22:05', 187),
(40308, 4000015, '94-BDG', 'On-Time', CAST (({fn TIMESTAMPADD( SQL_TSI_DAY, 1, CURRENT_TIMESTAMP)}) AS DATE), '15:20', '20:40', 327),
(40309, 4000018, '48-NEH', 'Arrived', CAST (({fn TIMESTAMPADD( SQL_TSI_DAY, -5, CURRENT_TIMESTAMP)}) AS DATE), '19:55', '22:10', 168),
(40310, 4000019, '45-CSH', 'Arrived', CAST (({fn TIMESTAMPADD( SQL_TSI_DAY, -7, CURRENT_TIMESTAMP)}) AS DATE), '12:55', '17:40', 229),
(40311, 4000021, '09-WVY', 'Cancelled', CAST (({fn TIMESTAMPADD( SQL_TSI_DAY, -6, CURRENT_TIMESTAMP)}) AS DATE), '18:55', '20:35', 207),
(40312, 4000022, '27-NWE', 'Cancelled', CAST (({fn TIMESTAMPADD( SQL_TSI_DAY, 2, CURRENT_TIMESTAMP)}) AS DATE), '23:45', '1:50', 106),
(40313, 4000025, '31-MVH', 'Cancelled', CAST (({fn TIMESTAMPADD( SQL_TSI_DAY, -3, CURRENT_TIMESTAMP)}) AS DATE), '7:25', '11:50', 160),
(40314, 4000028, '08-VWL', 'On-Time', CAST (({fn TIMESTAMPADD( SQL_TSI_DAY, 7, CURRENT_TIMESTAMP)}) AS DATE), '22:05', '3:25', 291),
(40315, 4000031, '29-QUG', 'Arrived', CAST (({fn TIMESTAMPADD( SQL_TSI_DAY, -7, CURRENT_TIMESTAMP)}) AS DATE), '6:20', '9:00', 127),
(40316, 4000033, '09-WVY', 'Cancelled', CAST (({fn TIMESTAMPADD( SQL_TSI_DAY, -7, CURRENT_TIMESTAMP)}) AS DATE), '11:30', '15:20', 97),
(40317, 4000034, '37-XPD', 'Cancelled', CAST (({fn TIMESTAMPADD( SQL_TSI_DAY, -7, CURRENT_TIMESTAMP)}) AS DATE), '14:35', '16:00', 239),
(40318, 4000035, '24-YMW', 'Cancelled', CAST (({fn TIMESTAMPADD( SQL_TSI_DAY, 3, CURRENT_TIMESTAMP)}) AS DATE), '8:25', '11:20', 359),
(40319, 4000036, '81-WFI', 'Cancelled', CAST (({fn TIMESTAMPADD( SQL_TSI_DAY, -2, CURRENT_TIMESTAMP)}) AS DATE), '20:30', '22:55', 248),
(40320, 4000039, '85-MLW', 'Cancelled', CAST (({fn TIMESTAMPADD( SQL_TSI_DAY, -1, CURRENT_TIMESTAMP)}) AS DATE), '6:20', '11:50', 276),
(40321, 4000041, '50-ZPC', 'On-Time', CAST (({fn TIMESTAMPADD( SQL_TSI_DAY, 5, CURRENT_TIMESTAMP)}) AS DATE), '19:35', '22:25', 304),
(40322, 4000044, '85-MLW', 'On-Time', CAST (({fn TIMESTAMPADD( SQL_TSI_DAY, 3, CURRENT_TIMESTAMP)}) AS DATE), '6:25', '10:15', 298),
(40323, 4000046, '29-QUG', 'Cancelled', CAST (({fn TIMESTAMPADD( SQL_TSI_DAY, -7, CURRENT_TIMESTAMP)}) AS DATE), '23:05', '3:40', 217),
(40324, 4000048, '45-CSH', 'On-Time', CAST (({fn TIMESTAMPADD( SQL_TSI_DAY, 2, CURRENT_TIMESTAMP)}) AS DATE), '21:00', '23:50', 196),
(40325, 4000051, '45-CSH', 'Cancelled', CAST (({fn TIMESTAMPADD( SQL_TSI_DAY, -3, CURRENT_TIMESTAMP)}) AS DATE), '14:00', '16:10', 216),
(40326, 4000053, '14-DXH', 'On-Time', CAST (({fn TIMESTAMPADD( SQL_TSI_DAY, 4, CURRENT_TIMESTAMP)}) AS DATE), '22:20', '3:10', 352),
(40327, 4000056, '71-KWB', 'Cancelled', CAST (({fn TIMESTAMPADD( SQL_TSI_DAY, -5, CURRENT_TIMESTAMP)}) AS DATE), '9:05', '14:20', 343),
(40328, 4000058, '71-KWB', 'Cancelled', CAST (({fn TIMESTAMPADD( SQL_TSI_DAY, 3, CURRENT_TIMESTAMP)}) AS DATE), '19:50', '22:45', 97),
(40329, 4000061, '73-OKV', 'Cancelled', CAST (({fn TIMESTAMPADD( SQL_TSI_DAY, 7, CURRENT_TIMESTAMP)}) AS DATE), '22:10', '2:30', 139),
(40330, 4000062, '95-XUO', 'Arrived', CAST (({fn TIMESTAMPADD( SQL_TSI_DAY, -7, CURRENT_TIMESTAMP)}) AS DATE), '14:05', '16:40', 93),
(40331, 4000063, '85-MLW', 'Arrived', CAST (({fn TIMESTAMPADD( SQL_TSI_DAY, -3, CURRENT_TIMESTAMP)}) AS DATE), '7:05', '10:50', 270),
(40332, 4000065, '45-CSH', 'On-Time', CAST (({fn TIMESTAMPADD( SQL_TSI_DAY, 2, CURRENT_TIMESTAMP)}) AS DATE), '11:55', '14:30', 123),
(40333, 4000068, '37-XPD', 'On-Time', CAST (({fn TIMESTAMPADD( SQL_TSI_DAY, 3, CURRENT_TIMESTAMP)}) AS DATE), '16:50', '21:50', 82),
(40334, 4000070, '04-AQF', 'On-Time', CAST (({fn TIMESTAMPADD( SQL_TSI_DAY, 3, CURRENT_TIMESTAMP)}) AS DATE), '20:55', '22:20', 331),
(40335, 4000073, '73-OKV', 'On-Time', CAST (({fn TIMESTAMPADD( SQL_TSI_DAY, 5, CURRENT_TIMESTAMP)}) AS DATE), '23:50', '1:55', 264),
(40336, 4000076, '14-DXH', 'Cancelled', CAST (({fn TIMESTAMPADD( SQL_TSI_DAY, -7, CURRENT_TIMESTAMP)}) AS DATE), '21:55', '0:20', 300),
(40337, 4000077, '08-VWL', 'Cancelled', CAST (({fn TIMESTAMPADD( SQL_TSI_DAY, -6, CURRENT_TIMESTAMP)}) AS DATE), '10:05', '14:35', 234),
(40338, 4000079, '24-YMW', 'On-Time', CAST (({fn TIMESTAMPADD( SQL_TSI_DAY, 6, CURRENT_TIMESTAMP)}) AS DATE), '23:05', '1:15', 188),
(40339, 4000081, '03-AMU', 'On-Time', CAST (({fn TIMESTAMPADD( SQL_TSI_DAY, 2, CURRENT_TIMESTAMP)}) AS DATE), '14:40', '16:35', 336),
(40340, 4000082, '47-JZD', 'Cancelled', CAST (({fn TIMESTAMPADD( SQL_TSI_DAY, -5, CURRENT_TIMESTAMP)}) AS DATE), '16:55', '19:00', 196),
(40341, 4000084, '94-BDG', 'Arrived', CAST (({fn TIMESTAMPADD( SQL_TSI_DAY, -3, CURRENT_TIMESTAMP)}) AS DATE), '20:40', '23:15', 286),
(40342, 4000087, '04-AQF', 'Arrived', CAST (({fn TIMESTAMPADD( SQL_TSI_DAY, -2, CURRENT_TIMESTAMP)}) AS DATE), '22:35', '0:00', 363),
(40343, 4000088, '64-JVS', 'Arrived', CAST (({fn TIMESTAMPADD( SQL_TSI_DAY, -2, CURRENT_TIMESTAMP)}) AS DATE), '15:00', '17:35', 236),
(40344, 4000090, '08-VWL', 'Cancelled', CAST (({fn TIMESTAMPADD( SQL_TSI_DAY, 7, CURRENT_TIMESTAMP)}) AS DATE), '18:55', '23:10', 255),
(40345, 4000091, '35-CFH', 'On-Time', CAST (({fn TIMESTAMPADD( SQL_TSI_DAY, 7, CURRENT_TIMESTAMP)}) AS DATE), '15:00', '19:00', 328),
(40346, 4000094, '09-WVY', 'Arrived', CAST (({fn TIMESTAMPADD( SQL_TSI_DAY, -7, CURRENT_TIMESTAMP)}) AS DATE), '18:00', '21:30', 156),
(40347, 4000097, '45-CSH', 'Arrived', CAST (({fn TIMESTAMPADD( SQL_TSI_DAY, -3, CURRENT_TIMESTAMP)}) AS DATE), '6:20', '11:10', 303),
(40348, 4000098, '09-WVY', 'On-Time', CAST (({fn TIMESTAMPADD( SQL_TSI_DAY, 7, CURRENT_TIMESTAMP)}) AS DATE), '7:00', '9:20', 358),
(40349, 4000100, '94-BDG', 'On-Time', CAST (({fn TIMESTAMPADD( SQL_TSI_DAY, 5, CURRENT_TIMESTAMP)}) AS DATE), '21:05', '0:45', 112),
(40350, 4000102, '47-JZD', 'Arrived', CAST (({fn TIMESTAMPADD( SQL_TSI_DAY, -1, CURRENT_TIMESTAMP)}) AS DATE), '8:10', '12:50', 334),
(40351, 4000104, '46-DBP', 'Cancelled', CAST (({fn TIMESTAMPADD( SQL_TSI_DAY, -2, CURRENT_TIMESTAMP)}) AS DATE), '12:50', '16:40', 175),
(40352, 4000107, '27-NWE', 'Arrived', CAST (({fn TIMESTAMPADD( SQL_TSI_DAY, -4, CURRENT_TIMESTAMP)}) AS DATE), '16:05', '19:10', 137),
(40353, 4000108, '47-JZD', 'Cancelled', CAST (({fn TIMESTAMPADD( SQL_TSI_DAY, -4, CURRENT_TIMESTAMP)}) AS DATE), '14:25', '19:35', 182),
(40354, 4000110, '03-AMU', 'Boarding', CAST (({fn TIMESTAMPADD( SQL_TSI_DAY, 0, CURRENT_TIMESTAMP)}) AS DATE), '23:30', '3:25', 375),
(40355, 4000112, '73-OKV', 'On-Time', CAST (({fn TIMESTAMPADD( SQL_TSI_DAY, 2, CURRENT_TIMESTAMP)}) AS DATE), '11:15', '16:20', 266),
(40356, 4000115, '65-VXY', 'On-Time', CAST (({fn TIMESTAMPADD( SQL_TSI_DAY, 2, CURRENT_TIMESTAMP)}) AS DATE), '6:25', '11:00', 269),
(40357, 4000117, '48-NEH', 'On-Time', CAST (({fn TIMESTAMPADD( SQL_TSI_DAY, 0, CURRENT_TIMESTAMP)}) AS DATE), '18:05', '23:55', 243),
(40358, 4000120, '46-DBP', 'Arrived', CAST (({fn TIMESTAMPADD( SQL_TSI_DAY, -1, CURRENT_TIMESTAMP)}) AS DATE), '13:00', '15:55', 355),
(40359, 4000122, '71-KWB', 'Cancelled', CAST (({fn TIMESTAMPADD( SQL_TSI_DAY, -4, CURRENT_TIMESTAMP)}) AS DATE), '21:45', '2:25', 368),
(40360, 4000124, '95-XUO', 'Cancelled', CAST (({fn TIMESTAMPADD( SQL_TSI_DAY, -7, CURRENT_TIMESTAMP)}) AS DATE), '12:40', '14:15', 274),
(40361, 4000127, '71-KWB', 'Cancelled', CAST (({fn TIMESTAMPADD( SQL_TSI_DAY, -1, CURRENT_TIMESTAMP)}) AS DATE), '23:15', '1:10', 371),
(40362, 4000129, '37-XPD', 'Cancelled', CAST (({fn TIMESTAMPADD( SQL_TSI_DAY, 1, CURRENT_TIMESTAMP)}) AS DATE), '18:40', '20:15', 310),
(40363, 4000130, '31-MVH', 'Cancelled', CAST (({fn TIMESTAMPADD( SQL_TSI_DAY, -4, CURRENT_TIMESTAMP)}) AS DATE), '16:00', '19:15', 302),
(40364, 4000131, '15-TAU', 'On-Time', CAST (({fn TIMESTAMPADD( SQL_TSI_DAY, 2, CURRENT_TIMESTAMP)}) AS DATE), '9:05', '14:00', 129),
(40365, 4000132, '14-DXH', 'In-flight', CAST (({fn TIMESTAMPADD( SQL_TSI_DAY, 0, CURRENT_TIMESTAMP)}) AS DATE), '17:25', '22:15', 299),
(40366, 4000134, '81-WFI', 'On-Time', CAST (({fn TIMESTAMPADD( SQL_TSI_DAY, 1, CURRENT_TIMESTAMP)}) AS DATE), '18:00', '22:55', 122),
(40367, 4000137, '35-CFH', 'On-Time', CAST (({fn TIMESTAMPADD( SQL_TSI_DAY, 7, CURRENT_TIMESTAMP)}) AS DATE), '16:10', '19:20', 103),
(40368, 4000138, '35-CFH', 'Cancelled', CAST (({fn TIMESTAMPADD( SQL_TSI_DAY, -1, CURRENT_TIMESTAMP)}) AS DATE), '8:10', '11:50', 170),
(40369, 4000140, '14-DXH', 'Cancelled', CAST (({fn TIMESTAMPADD( SQL_TSI_DAY, -4, CURRENT_TIMESTAMP)}) AS DATE), '15:10', '20:15', 312),
(40370, 4000141, '09-WVY', 'Arrived', CAST (({fn TIMESTAMPADD( SQL_TSI_DAY, -4, CURRENT_TIMESTAMP)}) AS DATE), '15:35', '20:20', 153),
(40371, 4000142, '15-TAU', 'Arrived', CAST (({fn TIMESTAMPADD( SQL_TSI_DAY, -1, CURRENT_TIMESTAMP)}) AS DATE), '22:05', '3:45', 295),
(40372, 4000144, '65-VXY', 'On-Time', CAST (({fn TIMESTAMPADD( SQL_TSI_DAY, 6, CURRENT_TIMESTAMP)}) AS DATE), '10:20', '15:10', 182),
(40373, 4000146, '04-AQF', 'On-Time', CAST (({fn TIMESTAMPADD( SQL_TSI_DAY, 4, CURRENT_TIMESTAMP)}) AS DATE), '15:25', '18:15', 369),
(40374, 4000148, '50-ZPC', 'Cancelled', CAST (({fn TIMESTAMPADD( SQL_TSI_DAY, -4, CURRENT_TIMESTAMP)}) AS DATE), '12:05', '17:05', 298),
(40375, 4000150, '46-DBP', 'In-flight', CAST (({fn TIMESTAMPADD( SQL_TSI_DAY, 0, CURRENT_TIMESTAMP)}) AS DATE), '23:15', '4:30', 149),
(40376, 4000152, '65-VXY', 'Cancelled', CAST (({fn TIMESTAMPADD( SQL_TSI_DAY, -2, CURRENT_TIMESTAMP)}) AS DATE), '13:45', '15:05', 89),
(40377, 4000154, '48-NEH', 'Cancelled', CAST (({fn TIMESTAMPADD( SQL_TSI_DAY, -7, CURRENT_TIMESTAMP)}) AS DATE), '12:40', '15:25', 260),
(40378, 4000156, '37-XPD', 'On-Time', CAST (({fn TIMESTAMPADD( SQL_TSI_DAY, 1, CURRENT_TIMESTAMP)}) AS DATE), '11:30', '13:05', 157),
(40379, 4000158, '64-JVS', 'Boarding', CAST (({fn TIMESTAMPADD( SQL_TSI_DAY, 0, CURRENT_TIMESTAMP)}) AS DATE), '21:35', '2:05', 367),
(50380, 5000003, '37-XPD', 'Cancelled', CAST (({fn TIMESTAMPADD( SQL_TSI_DAY, -1, CURRENT_TIMESTAMP)}) AS DATE), '17:30', '20:15', 356),
(50381, 5000005, '47-JZD', 'On-Time', CAST (({fn TIMESTAMPADD( SQL_TSI_DAY, 4, CURRENT_TIMESTAMP)}) AS DATE), '8:35', '11:00', 329),
(50382, 5000006, '37-XPD', 'Cancelled', CAST (({fn TIMESTAMPADD( SQL_TSI_DAY, -5, CURRENT_TIMESTAMP)}) AS DATE), '22:05', '3:35', 249),
(50383, 5000008, '48-NEH', 'Cancelled', CAST (({fn TIMESTAMPADD( SQL_TSI_DAY, 1, CURRENT_TIMESTAMP)}) AS DATE), '17:35', '22:00', 106),
(50384, 5000010, '45-CSH', 'Arrived', CAST (({fn TIMESTAMPADD( SQL_TSI_DAY, -2, CURRENT_TIMESTAMP)}) AS DATE), '19:25', '0:05', 311),
(50385, 5000011, '29-QUG', 'On-Time', CAST (({fn TIMESTAMPADD( SQL_TSI_DAY, 6, CURRENT_TIMESTAMP)}) AS DATE), '10:15', '14:10', 200),
(50386, 5000013, '35-CFH', 'Boarding', CAST (({fn TIMESTAMPADD( SQL_TSI_DAY, 0, CURRENT_TIMESTAMP)}) AS DATE), '23:15', '1:35', 268),
(50387, 5000015, '85-MLW', 'Arrived', CAST (({fn TIMESTAMPADD( SQL_TSI_DAY, -2, CURRENT_TIMESTAMP)}) AS DATE), '12:25', '14:10', 277),
(50388, 5000018, '95-XUO', 'Cancelled', CAST (({fn TIMESTAMPADD( SQL_TSI_DAY, -3, CURRENT_TIMESTAMP)}) AS DATE), '10:35', '14:50', 187),
(50389, 5000021, '24-YMW', 'Cancelled', CAST (({fn TIMESTAMPADD( SQL_TSI_DAY, -1, CURRENT_TIMESTAMP)}) AS DATE), '18:20', '21:40', 278),
(50390, 5000024, '24-YMW', 'Boarding', CAST (({fn TIMESTAMPADD( SQL_TSI_DAY, 0, CURRENT_TIMESTAMP)}) AS DATE), '14:55', '18:45', 106),
(50391, 5000026, '95-XUO', 'Cancelled', CAST (({fn TIMESTAMPADD( SQL_TSI_DAY, -7, CURRENT_TIMESTAMP)}) AS DATE), '20:45', '1:40', 365),
(50392, 5000027, '95-XUO', 'On-Time', CAST (({fn TIMESTAMPADD( SQL_TSI_DAY, 3, CURRENT_TIMESTAMP)}) AS DATE), '22:55', '1:45', 272),
(50393, 5000029, '71-KWB', 'On-Time', CAST (({fn TIMESTAMPADD( SQL_TSI_DAY, 2, CURRENT_TIMESTAMP)}) AS DATE), '23:55', '1:20', 116),
(50394, 5000030, '45-CSH', 'Arrived', CAST (({fn TIMESTAMPADD( SQL_TSI_DAY, -2, CURRENT_TIMESTAMP)}) AS DATE), '20:25', '22:50', 335),
(50395, 5000031, '95-XUO', 'On-Time', CAST (({fn TIMESTAMPADD( SQL_TSI_DAY, 2, CURRENT_TIMESTAMP)}) AS DATE), '20:20', '0:55', 335),
(50396, 5000033, '29-QUG', 'On-Time', CAST (({fn TIMESTAMPADD( SQL_TSI_DAY, 2, CURRENT_TIMESTAMP)}) AS DATE), '19:00', '23:00', 275),
(50397, 5000036, '29-QUG', 'On-Time', CAST (({fn TIMESTAMPADD( SQL_TSI_DAY, 6, CURRENT_TIMESTAMP)}) AS DATE), '8:05', '11:15', 105),
(50398, 5000039, '81-WFI', 'On-Time', CAST (({fn TIMESTAMPADD( SQL_TSI_DAY, 6, CURRENT_TIMESTAMP)}) AS DATE), '7:35', '9:50', 229),
(50399, 5000040, '73-OKV', 'Cancelled', CAST (({fn TIMESTAMPADD( SQL_TSI_DAY, 7, CURRENT_TIMESTAMP)}) AS DATE), '17:55', '22:55', 207),
(50400, 5000041, '31-MVH', 'Arrived', CAST (({fn TIMESTAMPADD( SQL_TSI_DAY, -4, CURRENT_TIMESTAMP)}) AS DATE), '6:55', '8:05', 348),
(50401, 5000042, '04-AQF', 'On-Time', CAST (({fn TIMESTAMPADD( SQL_TSI_DAY, 2, CURRENT_TIMESTAMP)}) AS DATE), '17:05', '20:00', 291),
(50402, 5000044, '08-VWL', 'On-Time', CAST (({fn TIMESTAMPADD( SQL_TSI_DAY, 7, CURRENT_TIMESTAMP)}) AS DATE), '22:30', '0:55', 187),
(50403, 5000045, '45-CSH', 'On-Time', CAST (({fn TIMESTAMPADD( SQL_TSI_DAY, 7, CURRENT_TIMESTAMP)}) AS DATE), '8:55', '11:40', 285),
(50404, 5000048, '31-MVH', 'Delayed', CAST (({fn TIMESTAMPADD( SQL_TSI_DAY, 0, CURRENT_TIMESTAMP)}) AS DATE), '17:35', '20:05', 216),
(50405, 5000051, '50-ZPC', 'Cancelled', CAST (({fn TIMESTAMPADD( SQL_TSI_DAY, -2, CURRENT_TIMESTAMP)}) AS DATE), '8:10', '12:30', 377),
(50406, 5000054, '45-CSH', 'Cancelled', CAST (({fn TIMESTAMPADD( SQL_TSI_DAY, 4, CURRENT_TIMESTAMP)}) AS DATE), '11:05', '14:25', 202),
(50407, 5000055, '81-WFI', 'Delayed', CAST (({fn TIMESTAMPADD( SQL_TSI_DAY, 0, CURRENT_TIMESTAMP)}) AS DATE), '11:05', '14:00', 139),
(50408, 5000058, '71-KWB', 'Cancelled', CAST (({fn TIMESTAMPADD( SQL_TSI_DAY, -1, CURRENT_TIMESTAMP)}) AS DATE), '12:25', '17:05', 143),
(50409, 5000059, '73-OKV', 'Arrived', CAST (({fn TIMESTAMPADD( SQL_TSI_DAY, -2, CURRENT_TIMESTAMP)}) AS DATE), '22:35', '3:35', 229),
(50410, 5000062, '03-AMU', 'Cancelled', CAST (({fn TIMESTAMPADD( SQL_TSI_DAY, 4, CURRENT_TIMESTAMP)}) AS DATE), '19:35', '22:35', 134),
(50411, 5000063, '50-ZPC', 'On-Time', CAST (({fn TIMESTAMPADD( SQL_TSI_DAY, 2, CURRENT_TIMESTAMP)}) AS DATE), '9:15', '12:20', 224),
(50412, 5000065, '14-DXH', 'Cancelled', CAST (({fn TIMESTAMPADD( SQL_TSI_DAY, 5, CURRENT_TIMESTAMP)}) AS DATE), '13:30', '18:25', 230),
(50413, 5000067, '50-ZPC', 'Arrived', CAST (({fn TIMESTAMPADD( SQL_TSI_DAY, -1, CURRENT_TIMESTAMP)}) AS DATE), '6:45', '8:55', 183),
(50414, 5000070, '14-DXH', 'Arrived', CAST (({fn TIMESTAMPADD( SQL_TSI_DAY, -4, CURRENT_TIMESTAMP)}) AS DATE), '6:40', '11:05', 165),
(50415, 5000073, '71-KWB', 'On-Time', CAST (({fn TIMESTAMPADD( SQL_TSI_DAY, 7, CURRENT_TIMESTAMP)}) AS DATE), '13:45', '15:55', 282),
(50416, 5000076, '03-AMU', 'On-Time', CAST (({fn TIMESTAMPADD( SQL_TSI_DAY, 3, CURRENT_TIMESTAMP)}) AS DATE), '14:05', '18:15', 165),
(50417, 5000079, '73-OKV', 'On-Time', CAST (({fn TIMESTAMPADD( SQL_TSI_DAY, 1, CURRENT_TIMESTAMP)}) AS DATE), '8:55', '11:10', 343),
(50418, 5000081, '81-WFI', 'Cancelled', CAST (({fn TIMESTAMPADD( SQL_TSI_DAY, 6, CURRENT_TIMESTAMP)}) AS DATE), '9:25', '13:40', 218),
(50419, 5000083, '09-WVY', 'On-Time', CAST (({fn TIMESTAMPADD( SQL_TSI_DAY, 3, CURRENT_TIMESTAMP)}) AS DATE), '16:20', '20:05', 136),
(50420, 5000085, '14-DXH', 'Cancelled', CAST (({fn TIMESTAMPADD( SQL_TSI_DAY, -2, CURRENT_TIMESTAMP)}) AS DATE), '21:50', '1:50', 113),
(50421, 5000087, '45-CSH', 'Cancelled', CAST (({fn TIMESTAMPADD( SQL_TSI_DAY, -1, CURRENT_TIMESTAMP)}) AS DATE), '18:55', '23:00', 250),
(50422, 5000088, '94-BDG', 'On-Time', CAST (({fn TIMESTAMPADD( SQL_TSI_DAY, 5, CURRENT_TIMESTAMP)}) AS DATE), '7:25', '9:10', 350),
(50423, 5000089, '37-XPD', 'Arrived', CAST (({fn TIMESTAMPADD( SQL_TSI_DAY, -3, CURRENT_TIMESTAMP)}) AS DATE), '20:25', '0:10', 191),
(50424, 5000092, '45-CSH', 'Arrived', CAST (({fn TIMESTAMPADD( SQL_TSI_DAY, -6, CURRENT_TIMESTAMP)}) AS DATE), '11:20', '16:40', 98),
(50425, 5000093, '71-KWB', 'Cancelled', CAST (({fn TIMESTAMPADD( SQL_TSI_DAY, -1, CURRENT_TIMESTAMP)}) AS DATE), '8:40', '11:55', 329),
(50426, 5000095, '45-CSH', 'On-Time', CAST (({fn TIMESTAMPADD( SQL_TSI_DAY, 1, CURRENT_TIMESTAMP)}) AS DATE), '14:40', '19:05', 201),
(50427, 5000097, '64-JVS', 'Arrived', CAST (({fn TIMESTAMPADD( SQL_TSI_DAY, -2, CURRENT_TIMESTAMP)}) AS DATE), '6:15', '8:50', 376),
(50428, 5000099, '15-TAU', 'Arrived', CAST (({fn TIMESTAMPADD( SQL_TSI_DAY, -1, CURRENT_TIMESTAMP)}) AS DATE), '14:50', '19:30', 373),
(50429, 5000100, '08-VWL', 'On-Time', CAST (({fn TIMESTAMPADD( SQL_TSI_DAY, 0, CURRENT_TIMESTAMP)}) AS DATE), '17:15', '21:05', 355),
(50430, 5000102, '65-VXY', 'On-Time', CAST (({fn TIMESTAMPADD( SQL_TSI_DAY, 1, CURRENT_TIMESTAMP)}) AS DATE), '6:05', '10:10', 85),
(50431, 5000104, '31-MVH', 'On-Time', CAST (({fn TIMESTAMPADD( SQL_TSI_DAY, 6, CURRENT_TIMESTAMP)}) AS DATE), '12:55', '16:00', 219),
(50432, 5000107, '03-AMU', 'Arrived', CAST (({fn TIMESTAMPADD( SQL_TSI_DAY, -3, CURRENT_TIMESTAMP)}) AS DATE), '7:40', '9:15', 122),
(50433, 5000109, '47-JZD', 'Cancelled', CAST (({fn TIMESTAMPADD( SQL_TSI_DAY, -6, CURRENT_TIMESTAMP)}) AS DATE), '22:55', '2:50', 298),
(50434, 5000110, '47-JZD', 'Cancelled', CAST (({fn TIMESTAMPADD( SQL_TSI_DAY, 3, CURRENT_TIMESTAMP)}) AS DATE), '16:20', '21:00', 225),
(50435, 5000111, '65-VXY', 'Arrived', CAST (({fn TIMESTAMPADD( SQL_TSI_DAY, -3, CURRENT_TIMESTAMP)}) AS DATE), '7:30', '10:10', 212),
(50436, 5000113, '81-WFI', 'Arrived', CAST (({fn TIMESTAMPADD( SQL_TSI_DAY, -6, CURRENT_TIMESTAMP)}) AS DATE), '22:35', '3:45', 350),
(50437, 5000114, '94-BDG', 'Arrived', CAST (({fn TIMESTAMPADD( SQL_TSI_DAY, -4, CURRENT_TIMESTAMP)}) AS DATE), '15:40', '19:35', 209),
(50438, 5000117, '65-VXY', 'Cancelled', CAST (({fn TIMESTAMPADD( SQL_TSI_DAY, -6, CURRENT_TIMESTAMP)}) AS DATE), '22:45', '0:00', 154),
(50439, 5000119, '27-NWE', 'Cancelled', CAST (({fn TIMESTAMPADD( SQL_TSI_DAY, 2, CURRENT_TIMESTAMP)}) AS DATE), '19:30', '0:35', 137),
(50440, 5000122, '71-KWB', 'On-Time', CAST (({fn TIMESTAMPADD( SQL_TSI_DAY, 6, CURRENT_TIMESTAMP)}) AS DATE), '10:20', '14:55', 133),
(50441, 5000124, '03-AMU', 'Cancelled', CAST (({fn TIMESTAMPADD( SQL_TSI_DAY, -1, CURRENT_TIMESTAMP)}) AS DATE), '14:55', '17:30', 202),
(50442, 5000126, '04-AQF', 'On-Time', CAST (({fn TIMESTAMPADD( SQL_TSI_DAY, 4, CURRENT_TIMESTAMP)}) AS DATE), '6:55', '11:35', 108),
(50443, 5000127, '81-WFI', 'On-Time', CAST (({fn TIMESTAMPADD( SQL_TSI_DAY, 1, CURRENT_TIMESTAMP)}) AS DATE), '9:20', '12:30', 129),
(50444, 5000129, '24-YMW', 'Cancelled', CAST (({fn TIMESTAMPADD( SQL_TSI_DAY, -4, CURRENT_TIMESTAMP)}) AS DATE), '13:55', '15:45', 372),
(50445, 5000130, '24-YMW', 'Cancelled', CAST (({fn TIMESTAMPADD( SQL_TSI_DAY, -3, CURRENT_TIMESTAMP)}) AS DATE), '10:35', '12:50', 349),
(50446, 5000132, '64-JVS', 'Arrived', CAST (({fn TIMESTAMPADD( SQL_TSI_DAY, -5, CURRENT_TIMESTAMP)}) AS DATE), '8:15', '13:30', 293),
(50447, 5000133, '50-ZPC', 'On-Time', CAST (({fn TIMESTAMPADD( SQL_TSI_DAY, 4, CURRENT_TIMESTAMP)}) AS DATE), '15:50', '20:45', 226),
(50448, 5000134, '15-TAU', 'Cancelled', CAST (({fn TIMESTAMPADD( SQL_TSI_DAY, -1, CURRENT_TIMESTAMP)}) AS DATE), '23:10', '3:40', 344),
(50449, 5000136, '15-TAU', 'Arrived', CAST (({fn TIMESTAMPADD( SQL_TSI_DAY, -2, CURRENT_TIMESTAMP)}) AS DATE), '19:00', '23:35', 110),
(50450, 5000139, '03-AMU', 'Cancelled', CAST (({fn TIMESTAMPADD( SQL_TSI_DAY, -1, CURRENT_TIMESTAMP)}) AS DATE), '15:45', '18:00', 252),
(50451, 5000142, '65-VXY', 'Cancelled', CAST (({fn TIMESTAMPADD( SQL_TSI_DAY, -6, CURRENT_TIMESTAMP)}) AS DATE), '18:30', '20:15', 363),
(50452, 5000144, '46-DBP', 'On-Time', CAST (({fn TIMESTAMPADD( SQL_TSI_DAY, 1, CURRENT_TIMESTAMP)}) AS DATE), '15:15', '17:50', 140),
(50453, 5000145, '08-VWL', 'Arrived', CAST (({fn TIMESTAMPADD( SQL_TSI_DAY, -6, CURRENT_TIMESTAMP)}) AS DATE), '23:25', '2:20', 242),
(50454, 5000146, '65-VXY', 'On-Time', CAST (({fn TIMESTAMPADD( SQL_TSI_DAY, 1, CURRENT_TIMESTAMP)}) AS DATE), '12:05', '14:00', 214),
(50455, 5000148, '94-BDG', 'On-Time', CAST (({fn TIMESTAMPADD( SQL_TSI_DAY, 2, CURRENT_TIMESTAMP)}) AS DATE), '23:20', '2:40', 121),
(50456, 5000151, '48-NEH', 'Arrived', CAST (({fn TIMESTAMPADD( SQL_TSI_DAY, -6, CURRENT_TIMESTAMP)}) AS DATE), '8:35', '11:50', 249),
(50457, 5000152, '64-JVS', 'On-Time', CAST (({fn TIMESTAMPADD( SQL_TSI_DAY, 5, CURRENT_TIMESTAMP)}) AS DATE), '22:40', '3:35', 130),
(60458, 6000003, '95-XUO', 'Arrived', CAST (({fn TIMESTAMPADD( SQL_TSI_DAY, -5, CURRENT_TIMESTAMP)}) AS DATE), '19:30', '22:15', 144),
(60459, 6000004, '47-JZD', 'On-Time', CAST (({fn TIMESTAMPADD( SQL_TSI_DAY, 2, CURRENT_TIMESTAMP)}) AS DATE), '17:45', '21:55', 173),
(60460, 6000005, '24-YMW', 'Delayed', CAST (({fn TIMESTAMPADD( SQL_TSI_DAY, 0, CURRENT_TIMESTAMP)}) AS DATE), '11:05', '14:45', 192),
(60461, 6000008, '85-MLW', 'Arrived', CAST (({fn TIMESTAMPADD( SQL_TSI_DAY, -3, CURRENT_TIMESTAMP)}) AS DATE), '20:55', '22:50', 245),
(60462, 6000009, '31-MVH', 'On-Time', CAST (({fn TIMESTAMPADD( SQL_TSI_DAY, 5, CURRENT_TIMESTAMP)}) AS DATE), '15:05', '19:25', 289),
(60463, 6000010, '29-QUG', 'Cancelled', CAST (({fn TIMESTAMPADD( SQL_TSI_DAY, -6, CURRENT_TIMESTAMP)}) AS DATE), '11:15', '13:30', 307),
(60464, 6000013, '45-CSH', 'Cancelled', CAST (({fn TIMESTAMPADD( SQL_TSI_DAY, 6, CURRENT_TIMESTAMP)}) AS DATE), '14:50', '17:05', 269),
(60465, 6000014, '15-TAU', 'Cancelled', CAST (({fn TIMESTAMPADD( SQL_TSI_DAY, -4, CURRENT_TIMESTAMP)}) AS DATE), '22:25', '0:30', 285),
(60466, 6000017, '64-JVS', 'Cancelled', CAST (({fn TIMESTAMPADD( SQL_TSI_DAY, 0, CURRENT_TIMESTAMP)}) AS DATE), '12:20', '16:40', 171),
(60467, 6000020, '45-CSH', 'On-Time', CAST (({fn TIMESTAMPADD( SQL_TSI_DAY, 6, CURRENT_TIMESTAMP)}) AS DATE), '20:40', '23:50', 248),
(60468, 6000021, '46-DBP', 'On-Time', CAST (({fn TIMESTAMPADD( SQL_TSI_DAY, 1, CURRENT_TIMESTAMP)}) AS DATE), '20:00', '1:15', 165),
(60469, 6000023, '14-DXH', 'Cancelled', CAST (({fn TIMESTAMPADD( SQL_TSI_DAY, -1, CURRENT_TIMESTAMP)}) AS DATE), '23:55', '1:55', 190),
(60470, 6000024, '27-NWE', 'Cancelled', CAST (({fn TIMESTAMPADD( SQL_TSI_DAY, -1, CURRENT_TIMESTAMP)}) AS DATE), '13:00', '18:00', 298),
(60471, 6000025, '65-VXY', 'Arrived', CAST (({fn TIMESTAMPADD( SQL_TSI_DAY, -2, CURRENT_TIMESTAMP)}) AS DATE), '7:55', '9:00', 288),
(60472, 6000027, '85-MLW', 'On-Time', CAST (({fn TIMESTAMPADD( SQL_TSI_DAY, 2, CURRENT_TIMESTAMP)}) AS DATE), '19:15', '23:10', 205),
(60473, 6000028, '73-OKV', 'Cancelled', CAST (({fn TIMESTAMPADD( SQL_TSI_DAY, -2, CURRENT_TIMESTAMP)}) AS DATE), '11:15', '13:15', 184),
(60474, 6000030, '35-CFH', 'Cancelled', CAST (({fn TIMESTAMPADD( SQL_TSI_DAY, 2, CURRENT_TIMESTAMP)}) AS DATE), '23:05', '1:15', 315),
(60475, 6000032, '27-NWE', 'On-Time', CAST (({fn TIMESTAMPADD( SQL_TSI_DAY, 3, CURRENT_TIMESTAMP)}) AS DATE), '11:25', '15:05', 263),
(60476, 6000033, '24-YMW', 'Arrived', CAST (({fn TIMESTAMPADD( SQL_TSI_DAY, -4, CURRENT_TIMESTAMP)}) AS DATE), '23:20', '4:30', 276),
(60477, 6000035, '15-TAU', 'Arrived', CAST (({fn TIMESTAMPADD( SQL_TSI_DAY, -5, CURRENT_TIMESTAMP)}) AS DATE), '21:10', '2:15', 204),
(60478, 6000037, '64-JVS', 'Cancelled', CAST (({fn TIMESTAMPADD( SQL_TSI_DAY, -1, CURRENT_TIMESTAMP)}) AS DATE), '23:05', '2:10', 342),
(60479, 6000039, '15-TAU', 'On-Time', CAST (({fn TIMESTAMPADD( SQL_TSI_DAY, 5, CURRENT_TIMESTAMP)}) AS DATE), '18:55', '23:20', 211),
(60480, 6000040, '46-DBP', 'Arrived', CAST (({fn TIMESTAMPADD( SQL_TSI_DAY, -1, CURRENT_TIMESTAMP)}) AS DATE), '21:15', '1:00', 375),
(60481, 6000042, '73-OKV', 'Cancelled', CAST (({fn TIMESTAMPADD( SQL_TSI_DAY, -2, CURRENT_TIMESTAMP)}) AS DATE), '11:05', '16:40', 138),
(60482, 6000043, '35-CFH', 'On-Time', CAST (({fn TIMESTAMPADD( SQL_TSI_DAY, 6, CURRENT_TIMESTAMP)}) AS DATE), '19:55', '0:30', 235),
(60483, 6000045, '45-CSH', 'On-Time', CAST (({fn TIMESTAMPADD( SQL_TSI_DAY, 1, CURRENT_TIMESTAMP)}) AS DATE), '14:30', '19:35', 367),
(60484, 6000046, '37-XPD', 'Cancelled', CAST (({fn TIMESTAMPADD( SQL_TSI_DAY, 0, CURRENT_TIMESTAMP)}) AS DATE), '12:35', '16:45', 283),
(60485, 6000048, '35-CFH', 'Arrived', CAST (({fn TIMESTAMPADD( SQL_TSI_DAY, -4, CURRENT_TIMESTAMP)}) AS DATE), '8:10', '12:35', 275),
(60486, 6000049, '46-DBP', 'Arrived', CAST (({fn TIMESTAMPADD( SQL_TSI_DAY, -3, CURRENT_TIMESTAMP)}) AS DATE), '13:05', '18:45', 271),
(60487, 6000052, '64-JVS', 'On-Time', CAST (({fn TIMESTAMPADD( SQL_TSI_DAY, 5, CURRENT_TIMESTAMP)}) AS DATE), '15:30', '17:20', 84),
(60488, 6000053, '50-ZPC', 'Arrived', CAST (({fn TIMESTAMPADD( SQL_TSI_DAY, -1, CURRENT_TIMESTAMP)}) AS DATE), '21:30', '0:45', 348),
(60489, 6000054, '37-XPD', 'On-Time', CAST (({fn TIMESTAMPADD( SQL_TSI_DAY, 5, CURRENT_TIMESTAMP)}) AS DATE), '16:15', '21:50', 236),
(60490, 6000055, '95-XUO', 'In-flight', CAST (({fn TIMESTAMPADD( SQL_TSI_DAY, 0, CURRENT_TIMESTAMP)}) AS DATE), '19:05', '0:30', 103),
(60491, 6000058, '27-NWE', 'Cancelled', CAST (({fn TIMESTAMPADD( SQL_TSI_DAY, 0, CURRENT_TIMESTAMP)}) AS DATE), '19:00', '23:30', 91),
(60492, 6000060, '81-WFI', 'Arrived', CAST (({fn TIMESTAMPADD( SQL_TSI_DAY, -6, CURRENT_TIMESTAMP)}) AS DATE), '12:00', '15:45', 299),
(60493, 6000061, '04-AQF', 'On-Time', CAST (({fn TIMESTAMPADD( SQL_TSI_DAY, 7, CURRENT_TIMESTAMP)}) AS DATE), '13:35', '17:15', 144),
(60494, 6000064, '48-NEH', 'Cancelled', CAST (({fn TIMESTAMPADD( SQL_TSI_DAY, -3, CURRENT_TIMESTAMP)}) AS DATE), '9:10', '13:20', 126),
(60495, 6000066, '45-CSH', 'Cancelled', CAST (({fn TIMESTAMPADD( SQL_TSI_DAY, -3, CURRENT_TIMESTAMP)}) AS DATE), '11:35', '15:15', 228),
(60496, 6000069, '14-DXH', 'Cancelled', CAST (({fn TIMESTAMPADD( SQL_TSI_DAY, -2, CURRENT_TIMESTAMP)}) AS DATE), '21:00', '2:50', 193),
(60497, 6000071, '27-NWE', 'Cancelled', CAST (({fn TIMESTAMPADD( SQL_TSI_DAY, -1, CURRENT_TIMESTAMP)}) AS DATE), '18:05', '23:00', 305),
(60498, 6000072, '47-JZD', 'Arrived', CAST (({fn TIMESTAMPADD( SQL_TSI_DAY, -3, CURRENT_TIMESTAMP)}) AS DATE), '11:40', '14:40', 142),
(60499, 6000074, '48-NEH', 'Arrived', CAST (({fn TIMESTAMPADD( SQL_TSI_DAY, -3, CURRENT_TIMESTAMP)}) AS DATE), '11:45', '15:25', 288),
(60500, 6000077, '27-NWE', 'Arrived', CAST (({fn TIMESTAMPADD( SQL_TSI_DAY, -2, CURRENT_TIMESTAMP)}) AS DATE), '18:50', '22:00', 317),
(60501, 6000079, '04-AQF', 'Arrived', CAST (({fn TIMESTAMPADD( SQL_TSI_DAY, -7, CURRENT_TIMESTAMP)}) AS DATE), '7:05', '12:35', 143),
(60502, 6000080, '03-AMU', 'On-Time', CAST (({fn TIMESTAMPADD( SQL_TSI_DAY, 1, CURRENT_TIMESTAMP)}) AS DATE), '11:55', '13:35', 343),
(60503, 6000082, '48-NEH', 'On-Time', CAST (({fn TIMESTAMPADD( SQL_TSI_DAY, 4, CURRENT_TIMESTAMP)}) AS DATE), '7:20', '9:45', 271),
(60504, 6000083, '73-OKV', 'On-Time', CAST (({fn TIMESTAMPADD( SQL_TSI_DAY, 3, CURRENT_TIMESTAMP)}) AS DATE), '23:20', '3:50', 140),
(60505, 6000086, '04-AQF', 'On-Time', CAST (({fn TIMESTAMPADD( SQL_TSI_DAY, 5, CURRENT_TIMESTAMP)}) AS DATE), '8:40', '10:15', 334),
(60506, 6000089, '09-WVY', 'Arrived', CAST (({fn TIMESTAMPADD( SQL_TSI_DAY, -4, CURRENT_TIMESTAMP)}) AS DATE), '10:30', '15:40', 130),
(60507, 6000091, '73-OKV', 'In-flight', CAST (({fn TIMESTAMPADD( SQL_TSI_DAY, 0, CURRENT_TIMESTAMP)}) AS DATE), '17:25', '20:00', 169),
(60508, 6000092, '95-XUO', 'Arrived', CAST (({fn TIMESTAMPADD( SQL_TSI_DAY, -5, CURRENT_TIMESTAMP)}) AS DATE), '9:00', '14:15', 131),
(60509, 6000095, '47-JZD', 'Cancelled', CAST (({fn TIMESTAMPADD( SQL_TSI_DAY, -5, CURRENT_TIMESTAMP)}) AS DATE), '12:35', '15:05', 355),
(60510, 6000097, '65-VXY', 'Arrived', CAST (({fn TIMESTAMPADD( SQL_TSI_DAY, -2, CURRENT_TIMESTAMP)}) AS DATE), '7:35', '9:20', 227),
(60511, 6000098, '81-WFI', 'On-Time', CAST (({fn TIMESTAMPADD( SQL_TSI_DAY, 6, CURRENT_TIMESTAMP)}) AS DATE), '19:45', '21:00', 200),
(60512, 6000099, '31-MVH', 'Arrived', CAST (({fn TIMESTAMPADD( SQL_TSI_DAY, -3, CURRENT_TIMESTAMP)}) AS DATE), '6:25', '8:55', 115),
(60513, 6000102, '08-VWL', 'Cancelled', CAST (({fn TIMESTAMPADD( SQL_TSI_DAY, -6, CURRENT_TIMESTAMP)}) AS DATE), '6:55', '10:15', 126),
(60514, 6000103, '27-NWE', 'On-Time', CAST (({fn TIMESTAMPADD( SQL_TSI_DAY, 5, CURRENT_TIMESTAMP)}) AS DATE), '20:45', '22:10', 122),
(60515, 6000106, '95-XUO', 'On-Time', CAST (({fn TIMESTAMPADD( SQL_TSI_DAY, 3, CURRENT_TIMESTAMP)}) AS DATE), '13:30', '17:30', 87),
(60516, 6000108, '15-TAU', 'On-Time', CAST (({fn TIMESTAMPADD( SQL_TSI_DAY, 4, CURRENT_TIMESTAMP)}) AS DATE), '8:25', '10:20', 335),
(60517, 6000109, '37-XPD', 'Arrived', CAST (({fn TIMESTAMPADD( SQL_TSI_DAY, -4, CURRENT_TIMESTAMP)}) AS DATE), '23:10', '3:10', 177),
(60518, 6000111, '81-WFI', 'Cancelled', CAST (({fn TIMESTAMPADD( SQL_TSI_DAY, -2, CURRENT_TIMESTAMP)}) AS DATE), '13:25', '16:10', 80),
(60519, 6000114, '24-YMW', 'On-Time', CAST (({fn TIMESTAMPADD( SQL_TSI_DAY, 2, CURRENT_TIMESTAMP)}) AS DATE), '13:00', '15:55', 288),
(60520, 6000117, '73-OKV', 'Cancelled', CAST (({fn TIMESTAMPADD( SQL_TSI_DAY, -2, CURRENT_TIMESTAMP)}) AS DATE), '6:55', '11:20', 356),
(60521, 6000119, '15-TAU', 'On-Time', CAST (({fn TIMESTAMPADD( SQL_TSI_DAY, 4, CURRENT_TIMESTAMP)}) AS DATE), '18:15', '23:15', 182),
(60522, 6000120, '46-DBP', 'Arrived', CAST (({fn TIMESTAMPADD( SQL_TSI_DAY, -3, CURRENT_TIMESTAMP)}) AS DATE), '19:10', '22:20', 214),
(60523, 6000121, '24-YMW', 'Delayed', CAST (({fn TIMESTAMPADD( SQL_TSI_DAY, 0, CURRENT_TIMESTAMP)}) AS DATE), '15:50', '18:00', 186),
(60524, 6000124, '15-TAU', 'On-Time', CAST (({fn TIMESTAMPADD( SQL_TSI_DAY, 2, CURRENT_TIMESTAMP)}) AS DATE), '11:50', '14:45', 311),
(60525, 6000127, '64-JVS', 'Arrived', CAST (({fn TIMESTAMPADD( SQL_TSI_DAY, -4, CURRENT_TIMESTAMP)}) AS DATE), '14:20', '18:15', 304),
(60526, 6000129, '73-OKV', 'Arrived', CAST (({fn TIMESTAMPADD( SQL_TSI_DAY, -4, CURRENT_TIMESTAMP)}) AS DATE), '11:05', '15:50', 104),
(60527, 6000130, '47-JZD', 'Cancelled', CAST (({fn TIMESTAMPADD( SQL_TSI_DAY, 7, CURRENT_TIMESTAMP)}) AS DATE), '7:10', '11:35', 162),
(60528, 6000132, '94-BDG', 'On-Time', CAST (({fn TIMESTAMPADD( SQL_TSI_DAY, 4, CURRENT_TIMESTAMP)}) AS DATE), '10:45', '13:40', 281),
(60529, 6000134, '24-YMW', 'On-Time', CAST (({fn TIMESTAMPADD( SQL_TSI_DAY, 5, CURRENT_TIMESTAMP)}) AS DATE), '7:30', '11:00', 238),
(70530, 7000001, '94-BDG', 'On-Time', CAST (({fn TIMESTAMPADD( SQL_TSI_DAY, 3, CURRENT_TIMESTAMP)}) AS DATE), '13:25', '17:00', 122),
(70531, 7000003, '81-WFI', 'Cancelled', CAST (({fn TIMESTAMPADD( SQL_TSI_DAY, -7, CURRENT_TIMESTAMP)}) AS DATE), '15:25', '19:30', 253),
(70532, 7000006, '81-WFI', 'Arrived', CAST (({fn TIMESTAMPADD( SQL_TSI_DAY, -7, CURRENT_TIMESTAMP)}) AS DATE), '22:30', '3:50', 133),
(70533, 7000008, '73-OKV', 'On-Time', CAST (({fn TIMESTAMPADD( SQL_TSI_DAY, 3, CURRENT_TIMESTAMP)}) AS DATE), '22:15', '3:35', 361),
(70534, 7000009, '95-XUO', 'Cancelled', CAST (({fn TIMESTAMPADD( SQL_TSI_DAY, 3, CURRENT_TIMESTAMP)}) AS DATE), '8:25', '12:35', 117),
(70535, 7000012, '24-YMW', 'Arrived', CAST (({fn TIMESTAMPADD( SQL_TSI_DAY, -7, CURRENT_TIMESTAMP)}) AS DATE), '14:25', '17:10', 87),
(70536, 7000015, '94-BDG', 'On-Time', CAST (({fn TIMESTAMPADD( SQL_TSI_DAY, 5, CURRENT_TIMESTAMP)}) AS DATE), '20:55', '1:45', 248),
(70537, 7000016, '03-AMU', 'On-Time', CAST (({fn TIMESTAMPADD( SQL_TSI_DAY, 2, CURRENT_TIMESTAMP)}) AS DATE), '19:40', '23:25', 345),
(70538, 7000019, '81-WFI', 'In-flight', CAST (({fn TIMESTAMPADD( SQL_TSI_DAY, 0, CURRENT_TIMESTAMP)}) AS DATE), '19:00', '22:50', 350),
(70539, 7000022, '29-QUG', 'On-Time', CAST (({fn TIMESTAMPADD( SQL_TSI_DAY, 2, CURRENT_TIMESTAMP)}) AS DATE), '11:20', '14:30', 364),
(70540, 7000023, '14-DXH', 'Cancelled', CAST (({fn TIMESTAMPADD( SQL_TSI_DAY, 2, CURRENT_TIMESTAMP)}) AS DATE), '16:05', '20:25', 83),
(70541, 7000025, '71-KWB', 'On-Time', CAST (({fn TIMESTAMPADD( SQL_TSI_DAY, 5, CURRENT_TIMESTAMP)}) AS DATE), '12:45', '15:10', 115),
(70542, 7000026, '81-WFI', 'On-Time', CAST (({fn TIMESTAMPADD( SQL_TSI_DAY, 2, CURRENT_TIMESTAMP)}) AS DATE), '22:35', '3:00', 368),
(70543, 7000027, '09-WVY', 'Arrived', CAST (({fn TIMESTAMPADD( SQL_TSI_DAY, -1, CURRENT_TIMESTAMP)}) AS DATE), '11:05', '13:40', 114),
(70544, 7000029, '46-DBP', 'Arrived', CAST (({fn TIMESTAMPADD( SQL_TSI_DAY, -3, CURRENT_TIMESTAMP)}) AS DATE), '8:15', '12:30', 159),
(70545, 7000031, '09-WVY', 'On-Time', CAST (({fn TIMESTAMPADD( SQL_TSI_DAY, 3, CURRENT_TIMESTAMP)}) AS DATE), '19:55', '21:15', 119),
(70546, 7000032, '03-AMU', 'Arrived', CAST (({fn TIMESTAMPADD( SQL_TSI_DAY, -4, CURRENT_TIMESTAMP)}) AS DATE), '18:10', '21:30', 166),
(70547, 7000033, '46-DBP', 'Cancelled', CAST (({fn TIMESTAMPADD( SQL_TSI_DAY, -1, CURRENT_TIMESTAMP)}) AS DATE), '8:25', '13:10', 208),
(70548, 7000036, '94-BDG', 'Cancelled', CAST (({fn TIMESTAMPADD( SQL_TSI_DAY, -4, CURRENT_TIMESTAMP)}) AS DATE), '10:45', '13:35', 119),
(70549, 7000039, '50-ZPC', 'On-Time', CAST (({fn TIMESTAMPADD( SQL_TSI_DAY, 6, CURRENT_TIMESTAMP)}) AS DATE), '23:40', '2:50', 119),
(70550, 7000040, '35-CFH', 'On-Time', CAST (({fn TIMESTAMPADD( SQL_TSI_DAY, 0, CURRENT_TIMESTAMP)}) AS DATE), '21:00', '2:00', 246),
(70551, 7000042, '73-OKV', 'Arrived', CAST (({fn TIMESTAMPADD( SQL_TSI_DAY, -5, CURRENT_TIMESTAMP)}) AS DATE), '8:25', '11:00', 88),
(70552, 7000044, '81-WFI', 'On-Time', CAST (({fn TIMESTAMPADD( SQL_TSI_DAY, 2, CURRENT_TIMESTAMP)}) AS DATE), '6:30', '10:05', 212),
(70553, 7000047, '45-CSH', 'Cancelled', CAST (({fn TIMESTAMPADD( SQL_TSI_DAY, -5, CURRENT_TIMESTAMP)}) AS DATE), '19:45', '0:00', 153),
(70554, 7000049, '15-TAU', 'On-Time', CAST (({fn TIMESTAMPADD( SQL_TSI_DAY, 5, CURRENT_TIMESTAMP)}) AS DATE), '22:45', '3:20', 126),
(70555, 7000051, '24-YMW', 'Cancelled', CAST (({fn TIMESTAMPADD( SQL_TSI_DAY, 2, CURRENT_TIMESTAMP)}) AS DATE), '7:00', '11:25', 337),
(70556, 7000053, '04-AQF', 'On-Time', CAST (({fn TIMESTAMPADD( SQL_TSI_DAY, 4, CURRENT_TIMESTAMP)}) AS DATE), '14:25', '19:10', 152),
(70557, 7000055, '37-XPD', 'On-Time', CAST (({fn TIMESTAMPADD( SQL_TSI_DAY, 7, CURRENT_TIMESTAMP)}) AS DATE), '6:55', '8:45', 352),
(70558, 7000058, '64-JVS', 'Cancelled', CAST (({fn TIMESTAMPADD( SQL_TSI_DAY, -3, CURRENT_TIMESTAMP)}) AS DATE), '9:45', '13:30', 265),
(70559, 7000059, '94-BDG', 'On-Time', CAST (({fn TIMESTAMPADD( SQL_TSI_DAY, 6, CURRENT_TIMESTAMP)}) AS DATE), '17:40', '22:35', 88),
(70560, 7000062, '37-XPD', 'On-Time', CAST (({fn TIMESTAMPADD( SQL_TSI_DAY, 2, CURRENT_TIMESTAMP)}) AS DATE), '19:50', '22:45', 309),
(70561, 7000065, '24-YMW', 'On-Time', CAST (({fn TIMESTAMPADD( SQL_TSI_DAY, 0, CURRENT_TIMESTAMP)}) AS DATE), '8:15', '13:30', 119),
(70562, 7000068, '50-ZPC', 'Arrived', CAST (({fn TIMESTAMPADD( SQL_TSI_DAY, -4, CURRENT_TIMESTAMP)}) AS DATE), '8:20', '12:00', 114),
(70563, 7000070, '81-WFI', 'On-Time', CAST (({fn TIMESTAMPADD( SQL_TSI_DAY, 2, CURRENT_TIMESTAMP)}) AS DATE), '19:25', '0:35', 142),
(70564, 7000073, '73-OKV', 'Cancelled', CAST (({fn TIMESTAMPADD( SQL_TSI_DAY, -5, CURRENT_TIMESTAMP)}) AS DATE), '12:55', '17:50', 229),
(70565, 7000076, '08-VWL', 'Arrived', CAST (({fn TIMESTAMPADD( SQL_TSI_DAY, -3, CURRENT_TIMESTAMP)}) AS DATE), '7:25', '12:55', 247),
(70566, 7000077, '94-BDG', 'On-Time', CAST (({fn TIMESTAMPADD( SQL_TSI_DAY, 4, CURRENT_TIMESTAMP)}) AS DATE), '19:10', '0:00', 359),
(70567, 7000080, '29-QUG', 'On-Time', CAST (({fn TIMESTAMPADD( SQL_TSI_DAY, 2, CURRENT_TIMESTAMP)}) AS DATE), '13:55', '18:15', 175),
(70568, 7000083, '73-OKV', 'Cancelled', CAST (({fn TIMESTAMPADD( SQL_TSI_DAY, 3, CURRENT_TIMESTAMP)}) AS DATE), '10:30', '12:20', 129),
(70569, 7000086, '48-NEH', 'On-Time', CAST (({fn TIMESTAMPADD( SQL_TSI_DAY, 2, CURRENT_TIMESTAMP)}) AS DATE), '20:55', '1:50', 276),
(70570, 7000087, '27-NWE', 'On-Time', CAST (({fn TIMESTAMPADD( SQL_TSI_DAY, 4, CURRENT_TIMESTAMP)}) AS DATE), '19:00', '0:40', 354),
(70571, 7000090, '73-OKV', 'On-Time', CAST (({fn TIMESTAMPADD( SQL_TSI_DAY, 4, CURRENT_TIMESTAMP)}) AS DATE), '13:30', '15:20', 379),
(70572, 7000091, '24-YMW', 'Cancelled', CAST (({fn TIMESTAMPADD( SQL_TSI_DAY, -4, CURRENT_TIMESTAMP)}) AS DATE), '23:50', '1:30', 184),
(70573, 7000093, '04-AQF', 'Cancelled', CAST (({fn TIMESTAMPADD( SQL_TSI_DAY, -1, CURRENT_TIMESTAMP)}) AS DATE), '6:45', '11:10', 279),
(70574, 7000094, '08-VWL', 'Cancelled', CAST (({fn TIMESTAMPADD( SQL_TSI_DAY, -1, CURRENT_TIMESTAMP)}) AS DATE), '21:00', '2:35', 291),
(70575, 7000096, '08-VWL', 'Cancelled', CAST (({fn TIMESTAMPADD( SQL_TSI_DAY, -1, CURRENT_TIMESTAMP)}) AS DATE), '9:35', '12:20', 208),
(70576, 7000099, '31-MVH', 'On-Time', CAST (({fn TIMESTAMPADD( SQL_TSI_DAY, 7, CURRENT_TIMESTAMP)}) AS DATE), '21:10', '1:55', 287),
(70577, 7000101, '15-TAU', 'Arrived', CAST (({fn TIMESTAMPADD( SQL_TSI_DAY, -7, CURRENT_TIMESTAMP)}) AS DATE), '7:20', '12:00', 325),
(70578, 7000102, '03-AMU', 'On-Time', CAST (({fn TIMESTAMPADD( SQL_TSI_DAY, 3, CURRENT_TIMESTAMP)}) AS DATE), '22:50', '0:20', 206),
(70579, 7000104, '08-VWL', 'On-Time', CAST (({fn TIMESTAMPADD( SQL_TSI_DAY, 6, CURRENT_TIMESTAMP)}) AS DATE), '23:00', '1:45', 345),
(70580, 7000105, '14-DXH', 'Cancelled', CAST (({fn TIMESTAMPADD( SQL_TSI_DAY, -3, CURRENT_TIMESTAMP)}) AS DATE), '13:30', '15:20', 336),
(70581, 7000106, '37-XPD', 'On-Time', CAST (({fn TIMESTAMPADD( SQL_TSI_DAY, 3, CURRENT_TIMESTAMP)}) AS DATE), '16:15', '18:05', 333),
(70582, 7000107, '04-AQF', 'Arrived', CAST (({fn TIMESTAMPADD( SQL_TSI_DAY, -5, CURRENT_TIMESTAMP)}) AS DATE), '10:05', '13:35', 312),
(70583, 7000110, '94-BDG', 'Cancelled', CAST (({fn TIMESTAMPADD( SQL_TSI_DAY, -5, CURRENT_TIMESTAMP)}) AS DATE), '22:15', '2:15', 376),
(70584, 7000113, '35-CFH', 'Arrived', CAST (({fn TIMESTAMPADD( SQL_TSI_DAY, -4, CURRENT_TIMESTAMP)}) AS DATE), '18:05', '20:00', 301),
(70585, 7000115, '95-XUO', 'On-Time', CAST (({fn TIMESTAMPADD( SQL_TSI_DAY, 1, CURRENT_TIMESTAMP)}) AS DATE), '17:40', '21:30', 109),
(70586, 7000116, '50-ZPC', 'On-Time', CAST (({fn TIMESTAMPADD( SQL_TSI_DAY, 6, CURRENT_TIMESTAMP)}) AS DATE), '21:55', '2:55', 142),
(70587, 7000118, '09-WVY', 'Cancelled', CAST (({fn TIMESTAMPADD( SQL_TSI_DAY, -2, CURRENT_TIMESTAMP)}) AS DATE), '9:50', '13:30', 264),
(70588, 7000119, '27-NWE', 'Arrived', CAST (({fn TIMESTAMPADD( SQL_TSI_DAY, -5, CURRENT_TIMESTAMP)}) AS DATE), '7:40', '11:10', 348),
(70589, 7000120, '15-TAU', 'Arrived', CAST (({fn TIMESTAMPADD( SQL_TSI_DAY, -5, CURRENT_TIMESTAMP)}) AS DATE), '7:50', '9:40', 364),
(80590, 8000001, '50-ZPC', 'On-Time', CAST (({fn TIMESTAMPADD( SQL_TSI_DAY, 6, CURRENT_TIMESTAMP)}) AS DATE), '23:15', '2:20', 84),
(80591, 8000003, '65-VXY', 'Cancelled', CAST (({fn TIMESTAMPADD( SQL_TSI_DAY, -4, CURRENT_TIMESTAMP)}) AS DATE), '23:05', '4:30', 362),
(80592, 8000004, '27-NWE', 'Boarding', CAST (({fn TIMESTAMPADD( SQL_TSI_DAY, 0, CURRENT_TIMESTAMP)}) AS DATE), '11:55', '15:25', 286),
(80593, 8000006, '15-TAU', 'On-Time', CAST (({fn TIMESTAMPADD( SQL_TSI_DAY, 2, CURRENT_TIMESTAMP)}) AS DATE), '8:15', '12:35', 312),
(80594, 8000009, '09-WVY', 'Cancelled', CAST (({fn TIMESTAMPADD( SQL_TSI_DAY, 2, CURRENT_TIMESTAMP)}) AS DATE), '8:00', '13:10', 138),
(80595, 8000010, '14-DXH', 'Cancelled', CAST (({fn TIMESTAMPADD( SQL_TSI_DAY, -6, CURRENT_TIMESTAMP)}) AS DATE), '6:20', '10:55', 375),
(80596, 8000013, '29-QUG', 'Cancelled', CAST (({fn TIMESTAMPADD( SQL_TSI_DAY, 2, CURRENT_TIMESTAMP)}) AS DATE), '14:55', '17:45', 94),
(80597, 8000016, '03-AMU', 'On-Time', CAST (({fn TIMESTAMPADD( SQL_TSI_DAY, 5, CURRENT_TIMESTAMP)}) AS DATE), '15:30', '18:35', 173),
(80598, 8000018, '04-AQF', 'Cancelled', CAST (({fn TIMESTAMPADD( SQL_TSI_DAY, -6, CURRENT_TIMESTAMP)}) AS DATE), '22:00', '1:40', 238),
(80599, 8000021, '73-OKV', 'Cancelled', CAST (({fn TIMESTAMPADD( SQL_TSI_DAY, -6, CURRENT_TIMESTAMP)}) AS DATE), '14:10', '18:20', 295),
(80600, 8000024, '03-AMU', 'Delayed', CAST (({fn TIMESTAMPADD( SQL_TSI_DAY, 0, CURRENT_TIMESTAMP)}) AS DATE), '17:45', '19:50', 170),
(80601, 8000026, '48-NEH', 'Cancelled', CAST (({fn TIMESTAMPADD( SQL_TSI_DAY, 3, CURRENT_TIMESTAMP)}) AS DATE), '13:45', '18:00', 168),
(80602, 8000029, '94-BDG', 'Cancelled', CAST (({fn TIMESTAMPADD( SQL_TSI_DAY, 2, CURRENT_TIMESTAMP)}) AS DATE), '14:05', '16:35', 306),
(80603, 8000031, '14-DXH', 'Cancelled', CAST (({fn TIMESTAMPADD( SQL_TSI_DAY, -7, CURRENT_TIMESTAMP)}) AS DATE), '10:15', '12:45', 175),
(80604, 8000034, '03-AMU', 'On-Time', CAST (({fn TIMESTAMPADD( SQL_TSI_DAY, 4, CURRENT_TIMESTAMP)}) AS DATE), '18:45', '21:15', 89),
(80605, 8000036, '04-AQF', 'On-Time', CAST (({fn TIMESTAMPADD( SQL_TSI_DAY, 2, CURRENT_TIMESTAMP)}) AS DATE), '11:15', '13:20', 208),
(80606, 8000038, '81-WFI', 'On-Time', CAST (({fn TIMESTAMPADD( SQL_TSI_DAY, 5, CURRENT_TIMESTAMP)}) AS DATE), '14:05', '16:45', 325),
(80607, 8000041, '81-WFI', 'Cancelled', CAST (({fn TIMESTAMPADD( SQL_TSI_DAY, 7, CURRENT_TIMESTAMP)}) AS DATE), '7:30', '11:30', 151),
(80608, 8000044, '29-QUG', 'Cancelled', CAST (({fn TIMESTAMPADD( SQL_TSI_DAY, -7, CURRENT_TIMESTAMP)}) AS DATE), '8:50', '10:00', 165),
(80609, 8000045, '03-AMU', 'On-Time', CAST (({fn TIMESTAMPADD( SQL_TSI_DAY, 1, CURRENT_TIMESTAMP)}) AS DATE), '9:05', '13:50', 346),
(80610, 8000046, '08-VWL', 'Cancelled', CAST (({fn TIMESTAMPADD( SQL_TSI_DAY, -7, CURRENT_TIMESTAMP)}) AS DATE), '6:20', '11:15', 83),
(80611, 8000049, '03-AMU', 'On-Time', CAST (({fn TIMESTAMPADD( SQL_TSI_DAY, 2, CURRENT_TIMESTAMP)}) AS DATE), '10:50', '12:50', 315),
(80612, 8000050, '85-MLW', 'On-Time', CAST (({fn TIMESTAMPADD( SQL_TSI_DAY, 1, CURRENT_TIMESTAMP)}) AS DATE), '16:25', '18:50', 169),
(80613, 8000053, '73-OKV', 'Arrived', CAST (({fn TIMESTAMPADD( SQL_TSI_DAY, -6, CURRENT_TIMESTAMP)}) AS DATE), '13:15', '18:20', 200),
(80614, 8000055, '37-XPD', 'Cancelled', CAST (({fn TIMESTAMPADD( SQL_TSI_DAY, -1, CURRENT_TIMESTAMP)}) AS DATE), '22:35', '2:40', 127),
(80615, 8000056, '29-QUG', 'On-Time', CAST (({fn TIMESTAMPADD( SQL_TSI_DAY, 4, CURRENT_TIMESTAMP)}) AS DATE), '7:15', '11:15', 101),
(80616, 8000059, '08-VWL', 'Cancelled', CAST (({fn TIMESTAMPADD( SQL_TSI_DAY, -3, CURRENT_TIMESTAMP)}) AS DATE), '15:10', '17:00', 286),
(80617, 8000060, '29-QUG', 'Cancelled', CAST (({fn TIMESTAMPADD( SQL_TSI_DAY, -5, CURRENT_TIMESTAMP)}) AS DATE), '7:25', '10:40', 257),
(80618, 8000063, '14-DXH', 'Cancelled', CAST (({fn TIMESTAMPADD( SQL_TSI_DAY, -2, CURRENT_TIMESTAMP)}) AS DATE), '8:45', '10:45', 123),
(80619, 8000065, '37-XPD', 'Arrived', CAST (({fn TIMESTAMPADD( SQL_TSI_DAY, -3, CURRENT_TIMESTAMP)}) AS DATE), '21:10', '2:25', 168),
(80620, 8000067, '03-AMU', 'On-Time', CAST (({fn TIMESTAMPADD( SQL_TSI_DAY, 7, CURRENT_TIMESTAMP)}) AS DATE), '6:15', '9:55', 86),
(80621, 8000068, '46-DBP', 'On-Time', CAST (({fn TIMESTAMPADD( SQL_TSI_DAY, 2, CURRENT_TIMESTAMP)}) AS DATE), '21:05', '2:45', 85),
(80622, 8000071, '03-AMU', 'On-Time', CAST (({fn TIMESTAMPADD( SQL_TSI_DAY, 0, CURRENT_TIMESTAMP)}) AS DATE), '20:35', '0:15', 163),
(80623, 8000073, '24-YMW', 'Cancelled', CAST (({fn TIMESTAMPADD( SQL_TSI_DAY, -1, CURRENT_TIMESTAMP)}) AS DATE), '20:30', '22:35', 285),
(80624, 8000075, '65-VXY', 'Cancelled', CAST (({fn TIMESTAMPADD( SQL_TSI_DAY, -4, CURRENT_TIMESTAMP)}) AS DATE), '10:25', '12:35', 263),
(80625, 8000078, '35-CFH', 'Arrived', CAST (({fn TIMESTAMPADD( SQL_TSI_DAY, -3, CURRENT_TIMESTAMP)}) AS DATE), '13:05', '17:40', 195),
(80626, 8000079, '45-CSH', 'On-Time', CAST (({fn TIMESTAMPADD( SQL_TSI_DAY, 2, CURRENT_TIMESTAMP)}) AS DATE), '11:10', '16:45', 291),
(80627, 8000082, '27-NWE', 'Arrived', CAST (({fn TIMESTAMPADD( SQL_TSI_DAY, -1, CURRENT_TIMESTAMP)}) AS DATE), '22:00', '3:15', 113),
(80628, 8000084, '47-JZD', 'On-Time', CAST (({fn TIMESTAMPADD( SQL_TSI_DAY, 3, CURRENT_TIMESTAMP)}) AS DATE), '19:45', '21:25', 104),
(80629, 8000086, '29-QUG', 'Cancelled', CAST (({fn TIMESTAMPADD( SQL_TSI_DAY, -4, CURRENT_TIMESTAMP)}) AS DATE), '17:25', '20:30', 125),
(80630, 8000088, '09-WVY', 'Cancelled', CAST (({fn TIMESTAMPADD( SQL_TSI_DAY, -5, CURRENT_TIMESTAMP)}) AS DATE), '21:50', '1:00', 85),
(80631, 8000089, '50-ZPC', 'Arrived', CAST (({fn TIMESTAMPADD( SQL_TSI_DAY, -1, CURRENT_TIMESTAMP)}) AS DATE), '6:45', '9:20', 301),
(80632, 8000091, '81-WFI', 'Arrived', CAST (({fn TIMESTAMPADD( SQL_TSI_DAY, -2, CURRENT_TIMESTAMP)}) AS DATE), '17:55', '20:25', 95),
(80633, 8000092, '14-DXH', 'On-Time', CAST (({fn TIMESTAMPADD( SQL_TSI_DAY, 5, CURRENT_TIMESTAMP)}) AS DATE), '9:45', '13:05', 132),
(80634, 8000095, '85-MLW', 'On-Time', CAST (({fn TIMESTAMPADD( SQL_TSI_DAY, 2, CURRENT_TIMESTAMP)}) AS DATE), '23:30', '1:45', 303),
(80635, 8000098, '94-BDG', 'Cancelled', CAST (({fn TIMESTAMPADD( SQL_TSI_DAY, 6, CURRENT_TIMESTAMP)}) AS DATE), '19:30', '22:45', 375),
(80636, 8000101, '48-NEH', 'On-Time', CAST (({fn TIMESTAMPADD( SQL_TSI_DAY, 4, CURRENT_TIMESTAMP)}) AS DATE), '13:10', '15:50', 111),
(80637, 8000103, '85-MLW', 'On-Time', CAST (({fn TIMESTAMPADD( SQL_TSI_DAY, 6, CURRENT_TIMESTAMP)}) AS DATE), '6:30', '11:10', 241),
(80638, 8000104, '50-ZPC', 'On-Time', CAST (({fn TIMESTAMPADD( SQL_TSI_DAY, 7, CURRENT_TIMESTAMP)}) AS DATE), '9:55', '14:35', 368),
(80639, 8000105, '04-AQF', 'On-Time', CAST (({fn TIMESTAMPADD( SQL_TSI_DAY, 6, CURRENT_TIMESTAMP)}) AS DATE), '12:50', '14:40', 354),
(80640, 8000108, '31-MVH', 'On-Time', CAST (({fn TIMESTAMPADD( SQL_TSI_DAY, 7, CURRENT_TIMESTAMP)}) AS DATE), '23:45', '3:50', 102),
(80641, 8000109, '48-NEH', 'Arrived', CAST (({fn TIMESTAMPADD( SQL_TSI_DAY, -5, CURRENT_TIMESTAMP)}) AS DATE), '21:50', '0:55', 361),
(80642, 8000111, '94-BDG', 'Cancelled', CAST (({fn TIMESTAMPADD( SQL_TSI_DAY, -5, CURRENT_TIMESTAMP)}) AS DATE), '17:10', '21:55', 232),
(80643, 8000113, '71-KWB', 'On-Time', CAST (({fn TIMESTAMPADD( SQL_TSI_DAY, 1, CURRENT_TIMESTAMP)}) AS DATE), '22:15', '2:15', 370),
(80644, 8000116, '29-QUG', 'On-Time', CAST (({fn TIMESTAMPADD( SQL_TSI_DAY, 2, CURRENT_TIMESTAMP)}) AS DATE), '8:40', '10:45', 283),
(80645, 8000119, '03-AMU', 'On-Time', CAST (({fn TIMESTAMPADD( SQL_TSI_DAY, 7, CURRENT_TIMESTAMP)}) AS DATE), '6:45', '9:30', 207),
(80646, 8000120, '95-XUO', 'Cancelled', CAST (({fn TIMESTAMPADD( SQL_TSI_DAY, -3, CURRENT_TIMESTAMP)}) AS DATE), '16:55', '20:50', 178),
(80647, 8000123, '73-OKV', 'Boarding', CAST (({fn TIMESTAMPADD( SQL_TSI_DAY, 0, CURRENT_TIMESTAMP)}) AS DATE), '12:05', '17:20', 142),
(80648, 8000125, '14-DXH', 'On-Time', CAST (({fn TIMESTAMPADD( SQL_TSI_DAY, 5, CURRENT_TIMESTAMP)}) AS DATE), '18:10', '22:00', 176),
(80649, 8000127, '50-ZPC', 'Arrived', CAST (({fn TIMESTAMPADD( SQL_TSI_DAY, -5, CURRENT_TIMESTAMP)}) AS DATE), '9:55', '12:40', 337),
(80650, 8000128, '14-DXH', 'Arrived', CAST (({fn TIMESTAMPADD( SQL_TSI_DAY, -5, CURRENT_TIMESTAMP)}) AS DATE), '6:40', '11:05', 288),
(80651, 8000131, '46-DBP', 'Cancelled', CAST (({fn TIMESTAMPADD( SQL_TSI_DAY, -1, CURRENT_TIMESTAMP)}) AS DATE), '10:55', '12:30', 93),
(80652, 8000134, '08-VWL', 'Cancelled', CAST (({fn TIMESTAMPADD( SQL_TSI_DAY, -1, CURRENT_TIMESTAMP)}) AS DATE), '18:00', '20:05', 108),
(80653, 8000136, '31-MVH', 'Arrived', CAST (({fn TIMESTAMPADD( SQL_TSI_DAY, -5, CURRENT_TIMESTAMP)}) AS DATE), '8:40', '12:55', 259),
(80654, 8000138, '71-KWB', 'Cancelled', CAST (({fn TIMESTAMPADD( SQL_TSI_DAY, -5, CURRENT_TIMESTAMP)}) AS DATE), '12:05', '14:55', 146),
(80655, 8000141, '95-XUO', 'Cancelled', CAST (({fn TIMESTAMPADD( SQL_TSI_DAY, -4, CURRENT_TIMESTAMP)}) AS DATE), '14:20', '18:50', 293),
(80656, 8000142, '31-MVH', 'Cancelled', CAST (({fn TIMESTAMPADD( SQL_TSI_DAY, 2, CURRENT_TIMESTAMP)}) AS DATE), '13:05', '15:05', 229),
(80657, 8000145, '04-AQF', 'Arrived', CAST (({fn TIMESTAMPADD( SQL_TSI_DAY, -2, CURRENT_TIMESTAMP)}) AS DATE), '8:00', '12:20', 321),
(80658, 8000146, '64-JVS', 'On-Time', CAST (({fn TIMESTAMPADD( SQL_TSI_DAY, 6, CURRENT_TIMESTAMP)}) AS DATE), '6:10', '10:40', 285),
(80659, 8000148, '64-JVS', 'On-Time', CAST (({fn TIMESTAMPADD( SQL_TSI_DAY, 5, CURRENT_TIMESTAMP)}) AS DATE), '12:05', '15:10', 88),
(80660, 8000151, '46-DBP', 'Arrived', CAST (({fn TIMESTAMPADD( SQL_TSI_DAY, -6, CURRENT_TIMESTAMP)}) AS DATE), '7:20', '10:10', 318),
(80661, 8000154, '29-QUG', 'Cancelled', CAST (({fn TIMESTAMPADD( SQL_TSI_DAY, -3, CURRENT_TIMESTAMP)}) AS DATE), '13:05', '18:40', 260),
(80662, 8000157, '71-KWB', 'Arrived', CAST (({fn TIMESTAMPADD( SQL_TSI_DAY, -1, CURRENT_TIMESTAMP)}) AS DATE), '12:00', '17:05', 112),
(80663, 8000158, '08-VWL', 'On-Time', CAST (({fn TIMESTAMPADD( SQL_TSI_DAY, 3, CURRENT_TIMESTAMP)}) AS DATE), '6:55', '8:55', 266),
(80664, 8000161, '27-NWE', 'On-Time', CAST (({fn TIMESTAMPADD( SQL_TSI_DAY, 6, CURRENT_TIMESTAMP)}) AS DATE), '8:45', '13:30', 317),
(80665, 8000164, '35-CFH', 'On-Time', CAST (({fn TIMESTAMPADD( SQL_TSI_DAY, 2, CURRENT_TIMESTAMP)}) AS DATE), '22:45', '2:05', 213),
(80666, 8000165, '15-TAU', 'On-Time', CAST (({fn TIMESTAMPADD( SQL_TSI_DAY, 5, CURRENT_TIMESTAMP)}) AS DATE), '9:00', '11:40', 329),
(80667, 8000167, '04-AQF', 'Cancelled', CAST (({fn TIMESTAMPADD( SQL_TSI_DAY, -2, CURRENT_TIMESTAMP)}) AS DATE), '9:15', '14:50', 144),
(80668, 8000168, '35-CFH', 'Cancelled', CAST (({fn TIMESTAMPADD( SQL_TSI_DAY, -3, CURRENT_TIMESTAMP)}) AS DATE), '18:35', '20:20', 325),
(80669, 8000170, '81-WFI', 'Arrived', CAST (({fn TIMESTAMPADD( SQL_TSI_DAY, -1, CURRENT_TIMESTAMP)}) AS DATE), '23:55', '3:25', 135),
(80670, 8000171, '95-XUO', 'On-Time', CAST (({fn TIMESTAMPADD( SQL_TSI_DAY, 0, CURRENT_TIMESTAMP)}) AS DATE), '15:30', '18:55', 320),
(90671, 9000006, '64-JVS', 'On-Time', CAST (({fn TIMESTAMPADD( SQL_TSI_DAY, 4, CURRENT_TIMESTAMP)}) AS DATE), '17:00', '22:15', 190),
(90672, 9000007, '94-BDG', 'Cancelled', CAST (({fn TIMESTAMPADD( SQL_TSI_DAY, 3, CURRENT_TIMESTAMP)}) AS DATE), '11:40', '14:05', 92),
(90673, 9000008, '48-NEH', 'Cancelled', CAST (({fn TIMESTAMPADD( SQL_TSI_DAY, 4, CURRENT_TIMESTAMP)}) AS DATE), '8:50', '12:55', 88),
(90674, 9000010, '08-VWL', 'Cancelled', CAST (({fn TIMESTAMPADD( SQL_TSI_DAY, -3, CURRENT_TIMESTAMP)}) AS DATE), '21:25', '0:55', 338),
(90675, 9000012, '24-YMW', 'On-Time', CAST (({fn TIMESTAMPADD( SQL_TSI_DAY, 3, CURRENT_TIMESTAMP)}) AS DATE), '23:10', '3:55', 208),
(90676, 9000014, '35-CFH', 'On-Time', CAST (({fn TIMESTAMPADD( SQL_TSI_DAY, 6, CURRENT_TIMESTAMP)}) AS DATE), '6:50', '10:15', 181),
(90677, 9000015, '47-JZD', 'Arrived', CAST (({fn TIMESTAMPADD( SQL_TSI_DAY, -2, CURRENT_TIMESTAMP)}) AS DATE), '7:10', '10:25', 295),
(90678, 9000016, '45-CSH', 'On-Time', CAST (({fn TIMESTAMPADD( SQL_TSI_DAY, 6, CURRENT_TIMESTAMP)}) AS DATE), '18:55', '22:15', 206),
(90679, 9000017, '81-WFI', 'Boarding', CAST (({fn TIMESTAMPADD( SQL_TSI_DAY, 0, CURRENT_TIMESTAMP)}) AS DATE), '22:55', '2:30', 340),
(90680, 9000018, '47-JZD', 'Arrived', CAST (({fn TIMESTAMPADD( SQL_TSI_DAY, -6, CURRENT_TIMESTAMP)}) AS DATE), '19:00', '23:25', 371),
(90681, 9000020, '09-WVY', 'Cancelled', CAST (({fn TIMESTAMPADD( SQL_TSI_DAY, 4, CURRENT_TIMESTAMP)}) AS DATE), '15:30', '18:15', 290),
(90682, 9000021, '95-XUO', 'On-Time', CAST (({fn TIMESTAMPADD( SQL_TSI_DAY, 0, CURRENT_TIMESTAMP)}) AS DATE), '16:35', '18:55', 170),
(90683, 9000024, '85-MLW', 'Arrived', CAST (({fn TIMESTAMPADD( SQL_TSI_DAY, -7, CURRENT_TIMESTAMP)}) AS DATE), '8:55', '13:10', 358),
(90684, 9000025, '09-WVY', 'On-Time', CAST (({fn TIMESTAMPADD( SQL_TSI_DAY, 4, CURRENT_TIMESTAMP)}) AS DATE), '9:30', '13:35', 118),
(90685, 9000027, '71-KWB', 'On-Time', CAST (({fn TIMESTAMPADD( SQL_TSI_DAY, 3, CURRENT_TIMESTAMP)}) AS DATE), '18:40', '20:10', 309),
(90686, 9000028, '94-BDG', 'On-Time', CAST (({fn TIMESTAMPADD( SQL_TSI_DAY, 1, CURRENT_TIMESTAMP)}) AS DATE), '11:55', '14:10', 162),
(90687, 9000031, '31-MVH', 'On-Time', CAST (({fn TIMESTAMPADD( SQL_TSI_DAY, 3, CURRENT_TIMESTAMP)}) AS DATE), '13:30', '15:55', 369),
(90688, 9000034, '81-WFI', 'On-Time', CAST (({fn TIMESTAMPADD( SQL_TSI_DAY, 0, CURRENT_TIMESTAMP)}) AS DATE), '9:25', '14:55', 364),
(90689, 9000037, '35-CFH', 'Cancelled', CAST (({fn TIMESTAMPADD( SQL_TSI_DAY, 6, CURRENT_TIMESTAMP)}) AS DATE), '19:30', '22:45', 212),
(90690, 9000040, '03-AMU', 'On-Time', CAST (({fn TIMESTAMPADD( SQL_TSI_DAY, 4, CURRENT_TIMESTAMP)}) AS DATE), '15:35', '18:00', 211),
(90691, 9000042, '71-KWB', 'Arrived', CAST (({fn TIMESTAMPADD( SQL_TSI_DAY, -7, CURRENT_TIMESTAMP)}) AS DATE), '14:40', '17:40', 323),
(90692, 9000044, '35-CFH', 'On-Time', CAST (({fn TIMESTAMPADD( SQL_TSI_DAY, 2, CURRENT_TIMESTAMP)}) AS DATE), '14:00', '17:55', 176),
(90693, 9000046, '81-WFI', 'Cancelled', CAST (({fn TIMESTAMPADD( SQL_TSI_DAY, -3, CURRENT_TIMESTAMP)}) AS DATE), '11:20', '14:45', 252),
(90694, 9000049, '71-KWB', 'Cancelled', CAST (({fn TIMESTAMPADD( SQL_TSI_DAY, -1, CURRENT_TIMESTAMP)}) AS DATE), '21:35', '23:55', 148),
(90695, 9000052, '81-WFI', 'On-Time', CAST (({fn TIMESTAMPADD( SQL_TSI_DAY, 3, CURRENT_TIMESTAMP)}) AS DATE), '18:55', '20:15', 220),
(90696, 9000054, '37-XPD', 'Arrived', CAST (({fn TIMESTAMPADD( SQL_TSI_DAY, -7, CURRENT_TIMESTAMP)}) AS DATE), '22:55', '2:20', 196),
(90697, 9000056, '37-XPD', 'On-Time', CAST (({fn TIMESTAMPADD( SQL_TSI_DAY, 3, CURRENT_TIMESTAMP)}) AS DATE), '18:35', '23:35', 178),
(90698, 9000059, '85-MLW', 'On-Time', CAST (({fn TIMESTAMPADD( SQL_TSI_DAY, 7, CURRENT_TIMESTAMP)}) AS DATE), '14:55', '18:40', 303),
(90699, 9000062, '31-MVH', 'Cancelled', CAST (({fn TIMESTAMPADD( SQL_TSI_DAY, -5, CURRENT_TIMESTAMP)}) AS DATE), '14:35', '18:15', 253),
(90700, 9000065, '24-YMW', 'Cancelled', CAST (({fn TIMESTAMPADD( SQL_TSI_DAY, -5, CURRENT_TIMESTAMP)}) AS DATE), '22:15', '2:05', 163),
(90701, 9000068, '46-DBP', 'Cancelled', CAST (({fn TIMESTAMPADD( SQL_TSI_DAY, -7, CURRENT_TIMESTAMP)}) AS DATE), '16:40', '19:30', 81),
(90702, 9000071, '94-BDG', 'Arrived', CAST (({fn TIMESTAMPADD( SQL_TSI_DAY, -3, CURRENT_TIMESTAMP)}) AS DATE), '14:30', '16:55', 248),
(90703, 9000073, '15-TAU', 'Cancelled', CAST (({fn TIMESTAMPADD( SQL_TSI_DAY, -3, CURRENT_TIMESTAMP)}) AS DATE), '6:40', '11:00', 326),
(90704, 9000075, '09-WVY', 'Arrived', CAST (({fn TIMESTAMPADD( SQL_TSI_DAY, -3, CURRENT_TIMESTAMP)}) AS DATE), '8:40', '10:45', 127),
(90705, 9000078, '50-ZPC', 'Arrived', CAST (({fn TIMESTAMPADD( SQL_TSI_DAY, -2, CURRENT_TIMESTAMP)}) AS DATE), '19:20', '22:15', 175),
(90706, 9000080, '31-MVH', 'Cancelled', CAST (({fn TIMESTAMPADD( SQL_TSI_DAY, 7, CURRENT_TIMESTAMP)}) AS DATE), '21:35', '2:00', 332),
(90707, 9000083, '27-NWE', 'Arrived', CAST (({fn TIMESTAMPADD( SQL_TSI_DAY, -6, CURRENT_TIMESTAMP)}) AS DATE), '6:50', '11:40', 324),
(90708, 9000084, '03-AMU', 'On-Time', CAST (({fn TIMESTAMPADD( SQL_TSI_DAY, 3, CURRENT_TIMESTAMP)}) AS DATE), '14:35', '16:10', 148),
(90709, 9000086, '65-VXY', 'Arrived', CAST (({fn TIMESTAMPADD( SQL_TSI_DAY, -1, CURRENT_TIMESTAMP)}) AS DATE), '18:00', '20:15', 172),
(90710, 9000088, '04-AQF', 'On-Time', CAST (({fn TIMESTAMPADD( SQL_TSI_DAY, 1, CURRENT_TIMESTAMP)}) AS DATE), '19:40', '22:30', 98),
(90711, 9000089, '14-DXH', 'Arrived', CAST (({fn TIMESTAMPADD( SQL_TSI_DAY, -2, CURRENT_TIMESTAMP)}) AS DATE), '16:15', '19:35', 123),
(90712, 9000090, '64-JVS', 'Cancelled', CAST (({fn TIMESTAMPADD( SQL_TSI_DAY, -7, CURRENT_TIMESTAMP)}) AS DATE), '20:55', '22:00', 157),
(90713, 9000092, '71-KWB', 'On-Time', CAST (({fn TIMESTAMPADD( SQL_TSI_DAY, 0, CURRENT_TIMESTAMP)}) AS DATE), '12:00', '16:35', 88),
(90714, 9000094, '08-VWL', 'Boarding', CAST (({fn TIMESTAMPADD( SQL_TSI_DAY, 0, CURRENT_TIMESTAMP)}) AS DATE), '12:05', '16:40', 316),
(90715, 9000096, '81-WFI', 'Cancelled', CAST (({fn TIMESTAMPADD( SQL_TSI_DAY, -2, CURRENT_TIMESTAMP)}) AS DATE), '20:25', '1:10', 191),
(90716, 9000097, '09-WVY', 'Cancelled', CAST (({fn TIMESTAMPADD( SQL_TSI_DAY, 2, CURRENT_TIMESTAMP)}) AS DATE), '19:30', '22:40', 81),
(90717, 9000100, '85-MLW', 'On-Time', CAST (({fn TIMESTAMPADD( SQL_TSI_DAY, 7, CURRENT_TIMESTAMP)}) AS DATE), '17:05', '20:00', 311),
(90718, 9000103, '95-XUO', 'On-Time', CAST (({fn TIMESTAMPADD( SQL_TSI_DAY, 7, CURRENT_TIMESTAMP)}) AS DATE), '23:20', '2:20', 374),
(90719, 9000106, '24-YMW', 'On-Time', CAST (({fn TIMESTAMPADD( SQL_TSI_DAY, 3, CURRENT_TIMESTAMP)}) AS DATE), '15:10', '17:10', 334),
(90720, 9000109, '24-YMW', 'Arrived', CAST (({fn TIMESTAMPADD( SQL_TSI_DAY, -4, CURRENT_TIMESTAMP)}) AS DATE), '20:45', '22:40', 239),
(90721, 9000111, '94-BDG', 'On-Time', CAST (({fn TIMESTAMPADD( SQL_TSI_DAY, 4, CURRENT_TIMESTAMP)}) AS DATE), '19:15', '22:20', 272),
(90722, 9000114, '47-JZD', 'On-Time', CAST (({fn TIMESTAMPADD( SQL_TSI_DAY, 1, CURRENT_TIMESTAMP)}) AS DATE), '21:50', '1:15', 185),
(90723, 9000115, '31-MVH', 'On-Time', CAST (({fn TIMESTAMPADD( SQL_TSI_DAY, 3, CURRENT_TIMESTAMP)}) AS DATE), '9:20', '13:20', 163),
(90724, 9000118, '47-JZD', 'On-Time', CAST (({fn TIMESTAMPADD( SQL_TSI_DAY, 2, CURRENT_TIMESTAMP)}) AS DATE), '13:30', '15:45', 163),
(90725, 9000121, '15-TAU', 'Cancelled', CAST (({fn TIMESTAMPADD( SQL_TSI_DAY, -7, CURRENT_TIMESTAMP)}) AS DATE), '17:00', '19:00', 253),
(90726, 9000122, '29-QUG', 'In-flight', CAST (({fn TIMESTAMPADD( SQL_TSI_DAY, 0, CURRENT_TIMESTAMP)}) AS DATE), '12:45', '17:45', 257),
(90727, 9000125, '48-NEH', 'On-Time', CAST (({fn TIMESTAMPADD( SQL_TSI_DAY, 5, CURRENT_TIMESTAMP)}) AS DATE), '23:40', '3:40', 211),
(90728, 9000126, '08-VWL', 'Cancelled', CAST (({fn TIMESTAMPADD( SQL_TSI_DAY, -1, CURRENT_TIMESTAMP)}) AS DATE), '18:30', '20:20', 279),
(90729, 9000129, '29-QUG', 'Arrived', CAST (({fn TIMESTAMPADD( SQL_TSI_DAY, -4, CURRENT_TIMESTAMP)}) AS DATE), '6:10', '8:10', 187),
(90730, 9000132, '14-DXH', 'Cancelled', CAST (({fn TIMESTAMPADD( SQL_TSI_DAY, -2, CURRENT_TIMESTAMP)}) AS DATE), '13:00', '17:40', 286),
(90731, 9000134, '29-QUG', 'Cancelled', CAST (({fn TIMESTAMPADD( SQL_TSI_DAY, 6, CURRENT_TIMESTAMP)}) AS DATE), '20:45', '23:50', 175),
(90732, 9000135, '64-JVS', 'On-Time', CAST (({fn TIMESTAMPADD( SQL_TSI_DAY, 2, CURRENT_TIMESTAMP)}) AS DATE), '22:15', '1:10', 274),
(90733, 9000138, '27-NWE', 'On-Time', CAST (({fn TIMESTAMPADD( SQL_TSI_DAY, 6, CURRENT_TIMESTAMP)}) AS DATE), '10:10', '15:25', 96),
(90734, 9000139, '85-MLW', 'On-Time', CAST (({fn TIMESTAMPADD( SQL_TSI_DAY, 6, CURRENT_TIMESTAMP)}) AS DATE), '19:50', '22:40', 333),
(90735, 9000140, '45-CSH', 'On-Time', CAST (({fn TIMESTAMPADD( SQL_TSI_DAY, 2, CURRENT_TIMESTAMP)}) AS DATE), '9:35', '13:10', 251),
(90736, 9000141, '45-CSH', 'Cancelled', CAST (({fn TIMESTAMPADD( SQL_TSI_DAY, -7, CURRENT_TIMESTAMP)}) AS DATE), '10:10', '13:35', 338),
(90737, 9000143, '47-JZD', 'Cancelled', CAST (({fn TIMESTAMPADD( SQL_TSI_DAY, 0, CURRENT_TIMESTAMP)}) AS DATE), '19:45', '23:50', 219);


INSERT INTO chargableinstance (flightInstanceID)
VALUES
(00003),
(00004),
(00005),
(00006),
(00007),
(00008),
(00010),
(00011),
(00012),
(00016),
(00017),
(00019),
(00021),
(00023),
(00024),
(00025),
(00028),
(00029),
(00030),
(00032),
(00033),
(00034),
(00035),
(00037),
(00038),
(00041),
(00043),
(10073),
(10074),
(10077),
(10078),
(10080),
(10082),
(10083),
(10084),
(10085),
(10087),
(10088),
(10089),
(10090),
(10091),
(10092),
(10095),
(10098),
(10102),
(10104),
(10105),
(10108),
(10109),
(10112),
(10113),
(10114),
(10115),
(10116),
(10119),
(10120),
(20155),
(20156),
(20157),
(20158),
(20159),
(20160),
(20162),
(20163),
(20165),
(20166),
(20167),
(20171),
(20172),
(20175),
(20180),
(20183),
(20186),
(20189),
(20190),
(20191),
(20192),
(30227),
(30228),
(30229),
(30231),
(30234),
(30239),
(30240),
(30241),
(30244),
(30245),
(30247),
(30249),
(30250),
(30254),
(30255),
(30258),
(30259),
(30261),
(30262),
(30264),
(30265),
(30266),
(40305),
(40308),
(40309),
(40310),
(40314),
(40316),
(40317),
(40320),
(40321),
(40324),
(40325),
(40327),
(40328),
(40330),
(40331),
(40334),
(40338),
(40339),
(40340),
(40341),
(40343),
(40344),
(40345),
(40346),
(40348),
(40350),
(40351),
(50380),
(50382),
(50383),
(50384),
(50385),
(50386),
(50387),
(50390),
(50391),
(50392),
(50396),
(50397),
(50402),
(50405),
(50406),
(50408),
(50409),
(50410),
(50411),
(50412),
(50418),
(50419),
(60458),
(60459),
(60461),
(60463),
(60465),
(60466),
(60468),
(60469),
(60471),
(60472),
(60478),
(60479),
(60481),
(60482),
(60484),
(60485),
(60486),
(60489),
(60490),
(60492),
(60493),
(60494),
(60495),
(70530),
(70531),
(70532),
(70534),
(70536),
(70538),
(70539),
(70540),
(70541),
(70543),
(70546),
(70548),
(70551),
(70552),
(70554),
(70556),
(70558),
(70560),
(70561),
(70562),
(70563),
(80590),
(80591),
(80592),
(80593),
(80594),
(80595),
(80598),
(80599),
(80600),
(80602),
(80603),
(80606),
(80607),
(80608),
(80609),
(80612),
(80613),
(80615),
(80620),
(80621),
(80624),
(80625),
(80627),
(80628),
(80630),
(80632),
(80633),
(80636),
(80639),
(80641),
(80642),
(90671),
(90673),
(90674),
(90676),
(90678),
(90679),
(90680),
(90684),
(90685),
(90686),
(90688),
(90689),
(90690),
(90693),
(90699),
(90701),
(90703),
(90704),
(90705),
(90707),
(90708);

INSERT INTO localinstance (flightInstanceID)
VALUES
(00003),
(00004),
(00006),
(00007),
(00008),
(00012),
(00028),
(00029),
(00032),
(00033),
(00034),
(00038),
(00041),
(00043),
(10077),
(10078),
(10082),
(10083),
(10084),
(10085),
(10087),
(10088),
(10090),
(10095),
(10102),
(10104),
(10108),
(10116),
(10119),
(20155),
(20156),
(20157),
(20158),
(20159),
(20160),
(20162),
(20171),
(20175),
(20180),
(20186),
(20189),
(20190),
(20192),
(30227),
(30231),
(30234),
(30244),
(30250),
(30254),
(30259),
(30264),
(30266),
(40305),
(40314),
(40317),
(40320),
(40328),
(40331),
(40334),
(40340),
(40343),
(40344),
(40346),
(40348),
(40350),
(50386),
(50391),
(50396),
(50397),
(50409),
(50410),
(50419),
(60458),
(60463),
(60468),
(60472),
(60479),
(60481),
(60484),
(60485),
(60486),
(60493),
(60495),
(70532),
(70534),
(70536),
(70540),
(70543),
(70546),
(70561),
(70563),
(80590),
(80591),
(80592),
(80594),
(80600),
(80602),
(80606),
(80608),
(80609),
(80613),
(80620),
(80625),
(80628),
(80630),
(80632),
(80633),
(80636),
(80639),
(80641),
(90673),
(90680),
(90684),
(90685),
(90686),
(90688),
(90693),
(90699),
(90701),
(90703),
(90704),
(90705);

INSERT INTO internationalinstance (flightInstanceID)
VALUES
(00001),
(00002),
(00009),
(00013),
(00014),
(00015),
(00018),
(00020),
(00022),
(00026),
(00027),
(00031),
(00036),
(00039),
(00040),
(00042),
(00044),
(00045),
(00046),
(00047),
(00048),
(00049),
(00050),
(00051),
(00052),
(00053),
(00054),
(00055),
(00056),
(00057),
(00058),
(00059),
(00060),
(00061),
(00062),
(00063),
(00064),
(00065),
(00066),
(00067),
(00068),
(00069),
(00070),
(00071),
(00072),
(10075),
(10076),
(10079),
(10081),
(10086),
(10093),
(10094),
(10096),
(10097),
(10099),
(10100),
(10101),
(10103),
(10106),
(10107),
(10110),
(10111),
(10117),
(10118),
(10121),
(10122),
(10123),
(10124),
(10125),
(10126),
(10127),
(10128),
(10129),
(10130),
(10131),
(10132),
(10133),
(10134),
(10135),
(10136),
(10137),
(10138),
(10139),
(10140),
(10141),
(10142),
(10143),
(10144),
(10145),
(10146),
(10147),
(10148),
(10149),
(10150),
(10151),
(10152),
(10153),
(10154),
(20161),
(20164),
(20168),
(20169),
(20170),
(20173),
(20174),
(20176),
(20177),
(20178),
(20179),
(20181),
(20182),
(20184),
(20185),
(20187),
(20188),
(20193),
(20194),
(20195),
(20196),
(20197),
(20198),
(20199),
(20200),
(20201),
(20202),
(20203),
(20204),
(20205),
(20206),
(20207),
(20208),
(20209),
(20210),
(20211),
(20212),
(20213),
(20214),
(20215),
(20216),
(20217),
(20218),
(20219),
(20220),
(20221),
(20222),
(20223),
(20224),
(20225),
(20226),
(30230),
(30232),
(30233),
(30235),
(30236),
(30237),
(30238),
(30242),
(30243),
(30246),
(30248),
(30251),
(30252),
(30253),
(30256),
(30257),
(30260),
(30263),
(30267),
(30268),
(30269),
(30270),
(30271),
(30272),
(30273),
(30274),
(30275),
(30276),
(30277),
(30278),
(30279),
(30280),
(30281),
(30282),
(30283),
(30284),
(30285),
(30286),
(30287),
(30288),
(30289),
(30290),
(30291),
(30292),
(30293),
(30294),
(30295),
(30296),
(30297),
(30298),
(30299),
(30300),
(30301),
(30302),
(30303),
(30304),
(40306),
(40307),
(40311),
(40312),
(40313),
(40315),
(40318),
(40319),
(40322),
(40323),
(40326),
(40329),
(40332),
(40333),
(40335),
(40336),
(40337),
(40342),
(40347),
(40349),
(40352),
(40353),
(40354),
(40355),
(40356),
(40357),
(40358),
(40359),
(40360),
(40361),
(40362),
(40363),
(40364),
(40365),
(40366),
(40367),
(40368),
(40369),
(40370),
(40371),
(40372),
(40373),
(40374),
(40375),
(40376),
(40377),
(40378),
(40379),
(50381),
(50388),
(50389),
(50393),
(50394),
(50395),
(50398),
(50399),
(50400),
(50401),
(50403),
(50404),
(50407),
(50413),
(50414),
(50415),
(50416),
(50417),
(50420),
(50421),
(50422),
(50423),
(50424),
(50425),
(50426),
(50427),
(50428),
(50429),
(50430),
(50431),
(50432),
(50433),
(50434),
(50435),
(50436),
(50437),
(50438),
(50439),
(50440),
(50441),
(50442),
(50443),
(50444),
(50445),
(50446),
(50447),
(50448),
(50449),
(50450),
(50451),
(50452),
(50453),
(50454),
(50455),
(50456),
(50457),
(60460),
(60462),
(60464),
(60467),
(60470),
(60473),
(60474),
(60475),
(60476),
(60477),
(60480),
(60483),
(60487),
(60488),
(60491),
(60496),
(60497),
(60498),
(60499),
(60500),
(60501),
(60502),
(60503),
(60504),
(60505),
(60506),
(60507),
(60508),
(60509),
(60510),
(60511),
(60512),
(60513),
(60514),
(60515),
(60516),
(60517),
(60518),
(60519),
(60520),
(60521),
(60522),
(60523),
(60524),
(60525),
(60526),
(60527),
(60528),
(60529),
(70533),
(70535),
(70537),
(70542),
(70544),
(70545),
(70547),
(70549),
(70550),
(70553),
(70555),
(70557),
(70559),
(70564),
(70565),
(70566),
(70567),
(70568),
(70569),
(70570),
(70571),
(70572),
(70573),
(70574),
(70575),
(70576),
(70577),
(70578),
(70579),
(70580),
(70581),
(70582),
(70583),
(70584),
(70585),
(70586),
(70587),
(70588),
(70589),
(80596),
(80597),
(80601),
(80604),
(80605),
(80610),
(80611),
(80614),
(80616),
(80617),
(80618),
(80619),
(80622),
(80623),
(80626),
(80629),
(80631),
(80634),
(80635),
(80637),
(80638),
(80640),
(80643),
(80644),
(80645),
(80646),
(80647),
(80648),
(80649),
(80650),
(80651),
(80652),
(80653),
(80654),
(80655),
(80656),
(80657),
(80658),
(80659),
(80660),
(80661),
(80662),
(80663),
(80664),
(80665),
(80666),
(80667),
(80668),
(80669),
(80670),
(90672),
(90675),
(90677),
(90681),
(90682),
(90683),
(90687),
(90691),
(90692),
(90694),
(90695),
(90696),
(90697),
(90698),
(90700),
(90702),
(90706),
(90709),
(90710),
(90711),
(90712),
(90713),
(90714),
(90715),
(90716),
(90717),
(90718),
(90719),
(90720),
(90721),
(90722),
(90723),
(90724),
(90725),
(90726),
(90727),
(90728),
(90729),
(90730),
(90731),
(90732),
(90733),
(90734),
(90735),
(90736),
(90737);

INSERT INTO domesticinstance (flightInstanceID)
VALUES
(00005),
(00010),
(00011),
(00016),
(00017),
(00019),
(00021),
(00023),
(00024),
(00025),
(00030),
(00035),
(00037),
(10073),
(10074),
(10080),
(10089),
(10091),
(10092),
(10098),
(10105),
(10109),
(10112),
(10113),
(10114),
(10115),
(10120),
(20163),
(20165),
(20166),
(20167),
(20172),
(20183),
(20191),
(30228),
(30229),
(30239),
(30240),
(30241),
(30245),
(30247),
(30249),
(30255),
(30258),
(30261),
(30262),
(30265),
(40308),
(40309),
(40310),
(40316),
(40321),
(40324),
(40325),
(40327),
(40330),
(40338),
(40339),
(40341),
(40345),
(40351),
(50380),
(50382),
(50383),
(50384),
(50385),
(50387),
(50390),
(50392),
(50402),
(50405),
(50406),
(50408),
(50411),
(50412),
(50418),
(60459),
(60461),
(60465),
(60466),
(60469),
(60471),
(60478),
(60482),
(60489),
(60490),
(60492),
(60494),
(70530),
(70531),
(70538),
(70539),
(70541),
(70548),
(70551),
(70552),
(70554),
(70556),
(70558),
(70560),
(70562),
(80593),
(80595),
(80598),
(80599),
(80603),
(80607),
(80612),
(80615),
(80621),
(80624),
(80627),
(80642),
(90671),
(90674),
(90676),
(90678),
(90679),
(90689),
(90690),
(90707),
(90708);

insert into INCIDENTREPORT (INCIDENTID, FLIGHTINSTANCEID, REPORTERFAANO, REPORTEDFAANO, INCIDENTTYPE, REPORTTIME, DESCRIPTION)
values  
        (1, 90722, 10, 3, 5, '13:11:00', 'Flight Attendant gave proper assistance to Elderly'),
        (2, 90700, 24, 3, 2, '14:55:00', 'Flight Attendant was giving awful attitude to passenger'),
        (3, 30258, 7, 15, 3, '02:50:00', 'Flight Attendant was giving awful attitude to passenger'),
        (4, 60524, 22, 6, 3, '21:43:00', 'Flight attendant conducted CPR on individual'),
        (5, 30233, 12, 19, 1, '23:50:00', 'Flight Attendant helped many customers'),
        (6, 30251, 11, 9, 5, '02:39:00', 'Flight Attendant was not conducting his duty'),
        (7, 80649, 17, 25, 5, '16:11:00', 'Flight Attendant gave proper assistance to Elderly'),
        (8, 70549, 16, 3, 3, '00:23:00', 'Flight Attendant was not conducting his duty'),
        (9, 20165, 25, 15, 5, '07:17:00', 'Flight Attendant gave proper assistance to Elderly'),
        (10, 40372, 20, 21, 5, '12:56:00', 'Flight Attendant helped many customers'),
        (11, 90730, 20, 3, 3, '18:32:00', 'Flight attendant conducted CPR on individual'),
        (12, 10117, 12, 16, 4, '23:38:00', 'Flight Attendant gave proper assistance to Elderly'),
        (13, 30287, 10, 1, 1, '01:39:00', 'Flight Attendant was not conducting his duty'),
        (14, 90698, 16, 2, 1, '14:39:00', 'Flight attendant conducted CPR on individual'),
        (15, 20203, 20, 23, 4, '12:41:00', 'Flight Attendant was giving awful attitude to passenger'),
        (16, 20198, 5, 12, 5, '15:56:00', 'Flight Attendant helped many customers'),
        (17, 70543, 9, 9, 3, '17:14:00', 'Flight attendant conducted CPR on individual'),
        (18, 27, 6, 20, 5, '04:04:00', 'Flight Attendant helped many customers'),
        (19, 30268, 5, 16, 4, '14:00:00', 'Flight Attendant was not conducting his duty'),
        (20, 30230, 5, 13, 5, '03:27:00', 'Flight Attendant gave proper assistance to Elderly'),
        (21, 50411, 15, 8, 4, '03:28:00', 'Flight Attendant helped many customers'),
        (22, 30264, 6, 23, 5, '08:51:00', 'Flight attendant conducted CPR on individual'),
        (23, 60500, 22, 12, 4, '07:09:00', 'Flight Attendant was giving awful attitude to passenger'),
        (24, 60497, 6, 18, 5, '05:05:00', 'Flight Attendant helped many customers'),
        (25, 80624, 15, 9, 3, '01:54:00', 'Flight attendant conducted CPR on individual'),
        (26, 4, 1, 9, 1, '16:46:00', 'Flight Attendant was not conducting his duty'),
        (27, 10132, 22, 21, 3, '18:00:00', 'Flight attendant conducted CPR on individual'),
        (28, 10118, 7, 14, 3, '07:29:00', 'Flight attendant conducted CPR on individual'),
        (29, 20189, 24, 6, 1, '14:05:00', 'Flight Attendant helped many customers'),
        (30, 40310, 16, 24, 2, '08:49:00', 'Flight attendant conducted CPR on individual'),
        (31, 41, 5, 25, 3, '11:01:00', 'Flight Attendant gave proper assistance to Elderly'),
        (32, 80655, 7, 1, 1, '17:36:00', 'Flight Attendant was giving awful attitude to passenger'),
        (33, 10139, 19, 3, 1, '15:30:00', 'Flight Attendant helped many customers'),
        (34, 40318, 12, 23, 4, '10:06:00', 'Flight Attendant was not conducting his duty'),
        (35, 60466, 6, 15, 3, '14:12:00', 'Flight Attendant was giving awful attitude to passenger'),
        (36, 80619, 16, 4, 4, '04:38:00', 'Flight attendant conducted CPR on individual'),
        (37, 50402, 10, 18, 1, '09:51:00', 'Flight Attendant helped many customers'),
        (38, 30236, 1, 19, 2, '04:48:00', 'Flight attendant conducted CPR on individual'),
        (39, 90673, 14, 22, 1, '15:20:00', 'Flight Attendant was giving awful attitude to passenger'),
        (40, 10134, 23, 22, 5, '17:59:00', 'Flight Attendant was not conducting his duty'),
        (41, 50450, 14, 24, 4, '04:40:00', 'Flight Attendant gave proper assistance to Elderly'),
        (42, 30238, 9, 9, 5, '16:29:00', 'Flight Attendant helped many customers'),
        (43, 60528, 1, 25, 5, '05:10:00', 'Flight Attendant was giving awful attitude to passenger'),
        (44, 30273, 4, 13, 1, '18:24:00', 'Flight Attendant gave proper assistance to Elderly'),
        (45, 70552, 4, 11, 4, '17:36:00', 'Flight Attendant was giving awful attitude to passenger'),
        (46, 40333, 3, 9, 4, '07:07:00', 'Flight Attendant was giving awful attitude to passenger'),
        (47, 70571, 21, 16, 4, '11:19:00', 'Flight Attendant was giving awful attitude to passenger'),
        (48, 22, 19, 12, 5, '03:00:00', 'Flight Attendant gave proper assistance to Elderly'),
        (49, 60505, 11, 20, 1, '07:55:00', 'Flight Attendant gave proper assistance to Elderly'),
        (50, 69, 17, 5, 5, '08:29:00', 'Flight Attendant helped many customers');

delete from personnelreport;
insert into PERSONNELREPORT (INCIDENTID, SENTIMENT, REPORTEDFAANO)
values  
        (1, 'Okay', 18),
        (2, 'Okay', 20),
        (3, 'Great', 12),
        (4, 'Great', 24),
        (5, 'Okay', 19),
        (6, 'Good', 13),
        (7, 'Terrible', 19),
        (8, 'Good', 9),
        (9, 'Good', 1),
        (10, 'Below Average', 13),
        (11, 'Okay', 15),
        (12, 'Okay', 9),
        (13, 'Below Average', 15),
        (14, 'Terrible', 9),
        (15, 'Good', 13),
        (16, 'Terrible', 22),
        (17, 'Great', 16),
        (18, 'Good', 21),
        (19, 'Good', 16),
        (20, 'Terrible', 9),
        (21, 'Below Average', 25),
        (22, 'Great', 18),
        (23, 'Below Average', 20),
        (24, 'Terrible', 23),
        (25, 'Below Average', 12),
        (26, 'Good', 16),
        (27, 'Okay', 3),
        (28, 'Good', 1),
        (29, 'Good', 15),
        (30, 'Good', 5),
        (31, 'Great', 23),
        (32, 'Terrible', 4),
        (33, 'Below Average', 18),
        (34, 'Okay', 14),
        (35, 'Great', 3),
        (36, 'Below Average', 20),
        (37, 'Good', 16),
        (38, 'Terrible', 6),
        (39, 'Below Average', 16),
        (40, 'Good', 3),
        (41, 'Below Average', 3),
        (42, 'Good', 9),
        (43, 'Below Average', 8),
        (44, 'Okay', 24),
        (45, 'Below Average', 18),
        (46, 'Great', 14),
        (47, 'Okay', 21),
        (48, 'Okay', 8),
        (49, 'Good', 9),
        (50, 'Okay', 12);

insert into AMENITYCHARGABLEINSTANCE (AMENITYCODE, FLIGHTINSTANCEID)
values  
        (1, 3),
        (2, 4),
        (3, 5),
        (4, 6),
        (5, 7),
        (6, 8),
        (7, 10),
        (8, 11),
        (9, 12),
        (10, 16),
        (1, 17),
        (2, 19),
        (3, 21),
        (4, 23),
        (5, 24),
        (6, 25),
        (7, 28),
        (8, 29),
        (9, 30),
        (10, 32),
        (1, 33),
        (2, 34),
        (3, 35),
        (4, 37),
        (5, 38),
        (6, 41),
        (7, 43),
        (8, 10073),
        (9, 10074),
        (10, 10077),
        (1, 10078),
        (2, 10080),
        (3, 10082),
        (4, 10083),
        (5, 10084),
        (6, 10085),
        (7, 10087),
        (8, 10088),
        (9, 10089),
        (10, 10090),
        (1, 10091),
        (2, 10092),
        (3, 10095),
        (4, 10098),
        (5, 10102),
        (6, 10104),
        (7, 10105),
        (8, 10108),
        (9, 10109),
        (10, 10112),
        (1, 10113),
        (2, 10114),
        (3, 10115),
        (4, 10116),
        (5, 10119),
        (6, 10120),
        (7, 20155),
        (8, 20156),
        (9, 20157),
        (10, 20158),
        (1, 20159),
        (2, 20160),
        (3, 20162),
        (4, 20163),
        (5, 20165),
        (6, 20166),
        (7, 20167),
        (8, 20171),
        (9, 20172),
        (10, 20175),
        (1, 20180),
        (2, 20183),
        (3, 20186),
        (4, 20189),
        (5, 20190),
        (6, 20191),
        (7, 20192),
        (8, 30227),
        (9, 30228),
        (10, 30229),
        (1, 30231),
        (2, 30234),
        (3, 30239),
        (4, 30240),
        (5, 30241),
        (6, 30244),
        (7, 30245),
        (8, 30247),
        (9, 30249),
        (10, 30250),
        (1, 30254),
        (2, 30255),
        (3, 30258),
        (4, 30259),
        (5, 30261),
        (6, 30262),
        (7, 30264),
        (8, 30265),
        (9, 30266),
        (10, 40305),
        (1, 40308),
        (2, 40309),
        (3, 40310),
        (4, 40314),
        (5, 40316),
        (6, 40317),
        (7, 40320),
        (8, 40321),
        (9, 40324),
        (10, 40325),
        (1, 40327),
        (2, 40328),
        (3, 40330),
        (4, 40331),
        (5, 40334),
        (6, 40338),
        (7, 40339),
        (8, 40340),
        (9, 40341),
        (10, 40343),
        (1, 40344),
        (2, 40345),
        (3, 40346),
        (4, 40348),
        (5, 40350),
        (6, 40351),
        (7, 50380),
        (8, 50382),
        (9, 50383),
        (10, 50384),
        (1, 50385),
        (2, 50386),
        (3, 50387),
        (4, 50390),
        (5, 50391),
        (6, 50392),
        (7, 50396),
        (8, 50397),
        (9, 50402),
        (10, 50405),
        (1, 50406),
        (2, 50408),
        (3, 50409),
        (4, 50410),
        (5, 50411),
        (6, 50412),
        (7, 50418),
        (8, 50419),
        (9, 60458),
        (10, 60459),
        (1, 60461),
        (2, 60463),
        (3, 60465),
        (4, 60466),
        (5, 60468),
        (6, 60469),
        (7, 60471),
        (8, 60472),
        (9, 60478),
        (10, 60479),
        (1, 60481),
        (2, 60482),
        (3, 60484),
        (4, 60485),
        (5, 60486),
        (6, 60489),
        (7, 60490),
        (8, 60492),
        (9, 60493),
        (10, 60494),
        (1, 60495),
        (2, 70530),
        (3, 70531),
        (4, 70532),
        (5, 70534),
        (6, 70536),
        (7, 70538),
        (8, 70539),
        (9, 70540),
        (10, 70541),
        (1, 70543),
        (2, 70546),
        (3, 70548),
        (4, 70551),
        (5, 70552),
        (6, 70554),
        (7, 70556),
        (8, 70558),
        (9, 70560),
        (10, 70561),
        (1, 70562),
        (2, 70563),
        (3, 80590),
        (4, 80591),
        (5, 80592),
        (6, 80593),
        (7, 80594),
        (8, 80595),
        (9, 80598),
        (10, 80599),
        (1, 80600),
        (2, 80602),
        (3, 80603),
        (4, 80606),
        (5, 80607),
        (6, 80608),
        (7, 80609),
        (8, 80612),
        (9, 80613),
        (10, 80615),
        (1, 80620),
        (2, 80621),
        (3, 80624),
        (4, 80625),
        (5, 80627),
        (6, 80628),
        (7, 80630),
        (8, 80632),
        (9, 80633),
        (10, 80636),
        (1, 80639),
        (2, 80641),
        (3, 80642),
        (4, 90671),
        (5, 90673),
        (6, 90674),
        (7, 90676),
        (8, 90678),
        (9, 90679),
        (10, 90680),
        (1, 90684),
        (2, 90685),
        (3, 90686),
        (4, 90688),
        (5, 90689),
        (6, 90690),
        (7, 90693),
        (8, 90699),
        (9, 90701),
        (10, 90703),
        (1, 90704),
        (2, 90705),
        (3, 90707),
        (4, 90708),
        (7, 3),
        (8, 4),
        (9, 5),
        (10, 6),
        (1, 7),
        (2, 8),
        (3, 10),
        (4, 11),
        (5, 12),
        (6, 16),
        (7, 17),
        (8, 19),
        (9, 21),
        (10, 23),
        (1, 24),
        (2, 25),
        (3, 28),
        (4, 29),
        (5, 30),
        (6, 32),
        (7, 33),
        (8, 34),
        (9, 35),
        (10, 37),
        (1, 38),
        (2, 41),
        (3, 43),
        (4, 10073),
        (5, 10074),
        (6, 10077),
        (7, 10078),
        (8, 10080),
        (9, 10082),
        (10, 10083),
        (1, 10084),
        (2, 10085),
        (3, 10087),
        (4, 10088),
        (5, 10089),
        (6, 10090),
        (7, 10091),
        (8, 10092),
        (9, 10095),
        (10, 10098),
        (1, 10102),
        (2, 10104),
        (3, 10105),
        (4, 10108),
        (5, 10109),
        (6, 10112),
        (7, 10113),
        (8, 10114),
        (9, 10115),
        (10, 10116),
        (1, 10119),
        (2, 10120),
        (3, 20155),
        (4, 20156),
        (5, 20157),
        (6, 20158),
        (7, 20159),
        (8, 20160),
        (9, 20162),
        (10, 20163),
        (1, 20165),
        (2, 20166),
        (3, 20167),
        (4, 20171),
        (5, 20172),
        (6, 20175),
        (7, 20180),
        (8, 20183),
        (9, 20186),
        (10, 20189),
        (1, 20190),
        (2, 20191),
        (3, 20192),
        (4, 30227),
        (5, 30228),
        (6, 30229),
        (7, 30231),
        (8, 30234),
        (9, 30239),
        (10, 30240),
        (1, 30241),
        (2, 30244),
        (3, 30245),
        (4, 30247),
        (5, 30249),
        (6, 30250),
        (7, 30254),
        (8, 30255),
        (9, 30258),
        (10, 30259),
        (1, 30261),
        (2, 30262),
        (3, 30264),
        (4, 30265),
        (5, 30266),
        (6, 40305),
        (7, 40308),
        (8, 40309),
        (9, 40310),
        (10, 40314),
        (1, 40316),
        (2, 40317),
        (3, 40320),
        (4, 40321),
        (5, 40324),
        (6, 40325),
        (7, 40327),
        (8, 40328),
        (9, 40330),
        (10, 40331),
        (1, 40334),
        (2, 40338),
        (3, 40339),
        (4, 40340),
        (5, 40341),
        (6, 40343),
        (7, 40344),
        (8, 40345),
        (9, 40346),
        (10, 40348),
        (1, 40350),
        (2, 40351),
        (3, 50380),
        (4, 50382),
        (5, 50383),
        (6, 50384),
        (7, 50385),
        (8, 50386),
        (9, 50387),
        (10, 50390),
        (1, 50391),
        (2, 50392),
        (3, 50396),
        (4, 50397),
        (5, 50402),
        (6, 50405),
        (7, 50406),
        (8, 50408),
        (9, 50409),
        (10, 50410),
        (1, 50411),
        (2, 50412),
        (3, 50418),
        (4, 50419),
        (5, 60458),
        (6, 60459),
        (7, 60461),
        (8, 60463),
        (9, 60465),
        (10, 60466),
        (1, 60468),
        (2, 60469),
        (3, 60471),
        (4, 60472),
        (5, 60478),
        (6, 60479),
        (7, 60481),
        (8, 60482),
        (9, 60484),
        (10, 60485),
        (1, 60486),
        (2, 60489),
        (3, 60490),
        (4, 60492),
        (5, 60493),
        (6, 60494),
        (7, 60495),
        (8, 70530),
        (9, 70531),
        (10, 70532),
        (1, 70534),
        (2, 70536),
        (3, 70538),
        (4, 70539),
        (5, 70540),
        (6, 70541),
        (7, 70543),
        (8, 70546),
        (9, 70548),
        (10, 70551),
        (1, 70552),
        (2, 70554),
        (3, 70556),
        (4, 70558),
        (5, 70560),
        (6, 70561),
        (7, 70562),
        (8, 70563),
        (9, 80590),
        (10, 80591),
        (1, 80592),
        (2, 80593),
        (3, 80594),
        (4, 80595),
        (5, 80598),
        (6, 80599),
        (7, 80600),
        (8, 80602),
        (9, 80603),
        (10, 80606),
        (1, 80607),
        (2, 80608),
        (3, 80609),
        (4, 80612),
        (5, 80613),
        (6, 80615),
        (7, 80620),
        (8, 80621),
        (9, 80624),
        (10, 80625),
        (1, 80627),
        (2, 80628),
        (3, 80630),
        (4, 80632),
        (5, 80633),
        (6, 80636),
        (7, 80639),
        (8, 80641),
        (9, 80642),
        (10, 90671),
        (1, 90673),
        (2, 90674),
        (3, 90676),
        (4, 90678),
        (5, 90679),
        (6, 90680),
        (7, 90684),
        (8, 90685),
        (9, 90686),
        (10, 90688),
        (1, 90689),
        (2, 90690),
        (3, 90693),
        (4, 90699),
        (5, 90701),
        (6, 90703),
        (7, 90704),
        (8, 90705),
        (9, 90707),
        (10, 90708);

delete from flightcrew_crewmember;

INSERT INTO flightcrew_crewmember (crewID, faaNum, presentRole)
VALUES
(000, 3620488, 'pilot'),
(000, 452441, 'copilot'),
(000, 8111137, 'navigator'),
(000, 4125206, 'flight attendant'),
(000, 1861309, 'flight attendant'),
(000, 655380, 'flight attendant'),
(000, 4217559, 'flight attendant'),
(000, 1326977, 'flight attendant'),
(001, 5107118, 'pilot'),
(001, 7776251, 'copilot'),
(001, 8111137, 'navigator'),
(001, 4125206, 'flight attendant'),
(001, 1861309, 'flight attendant'),
(001, 655380, 'flight attendant'),
(001, 4217559, 'flight attendant'),
(001, 1326977, 'flight attendant'),
(002, 5107118, 'pilot'),
(002, 452441, 'copilot'),
(002, 3381451, 'navigator'),
(002, 4125206, 'flight attendant'),
(002, 1861309, 'flight attendant'),
(002, 655380, 'flight attendant'),
(003, 5107118, 'pilot'),
(003, 3681834, 'copilot'),
(003, 8111137, 'navigator'),
(003, 4125206, 'flight attendant'),
(003, 1861309, 'flight attendant'),
(003, 655380, 'flight attendant'),
(003, 4217559, 'flight attendant'),
(004, 3620488, 'pilot'),
(004, 847529, 'copilot'),
(004, 8111137, 'navigator'),
(004, 4125206, 'flight attendant'),
(004, 1861309, 'flight attendant'),
(005, 5640382, 'pilot'),
(005, 7776251, 'copilot'),
(005, 1839763, 'navigator'),
(005, 4125206, 'flight attendant'),
(005, 1861309, 'flight attendant'),
(005, 655380, 'flight attendant'),
(006, 5107118, 'pilot'),
(006, 7776251, 'copilot'),
(006, 3381451, 'navigator'),
(006, 4125206, 'flight attendant'),
(006, 1861309, 'flight attendant'),
(007, 5107118, 'pilot'),
(007, 847529, 'copilot'),
(007, 1839763, 'navigator'),
(007, 4125206, 'flight attendant'),
(007, 1861309, 'flight attendant'),
(007, 655380, 'flight attendant'),
(007, 4217559, 'flight attendant'),
(007, 1326977, 'flight attendant'),
(008, 5640382, 'pilot'),
(008, 7776251, 'copilot'),
(008, 1839763, 'navigator'),
(008, 4125206, 'flight attendant'),
(008, 1861309, 'flight attendant'),
(008, 655380, 'flight attendant'),
(008, 4217559, 'flight attendant'),
(008, 1326977, 'flight attendant'),
(009, 3061029, 'pilot'),
(009, 452441, 'copilot'),
(009, 1839763, 'navigator'),
(009, 4125206, 'flight attendant'),
(009, 1861309, 'flight attendant'),
(009, 655380, 'flight attendant'),
(009, 4217559, 'flight attendant'),
(010, 3620488, 'pilot'),
(010, 847529, 'copilot'),
(010, 1839763, 'navigator'),
(010, 4125206, 'flight attendant'),
(010, 1861309, 'flight attendant'),
(010, 655380, 'flight attendant'),
(011, 3061029, 'pilot'),
(011, 3681834, 'copilot'),
(011, 2710263, 'navigator'),
(011, 4125206, 'flight attendant'),
(011, 1861309, 'flight attendant'),
(012, 5107118, 'pilot'),
(012, 7776251, 'copilot'),
(012, 1839763, 'navigator'),
(012, 4125206, 'flight attendant'),
(012, 1861309, 'flight attendant'),
(013, 5640382, 'pilot'),
(013, 847529, 'copilot'),
(013, 3381451, 'navigator'),
(013, 4125206, 'flight attendant'),
(013, 1861309, 'flight attendant'),
(014, 5640382, 'pilot'),
(014, 452441, 'copilot'),
(014, 3381451, 'navigator'),
(014, 4125206, 'flight attendant'),
(014, 1861309, 'flight attendant'),
(014, 655380, 'flight attendant'),
(014, 4217559, 'flight attendant'),
(015, 6232635, 'pilot'),
(015, 7776251, 'copilot'),
(015, 3381451, 'navigator'),
(015, 4125206, 'flight attendant'),
(015, 1861309, 'flight attendant'),
(015, 655380, 'flight attendant'),
(015, 4217559, 'flight attendant'),
(016, 3620488, 'pilot'),
(016, 847529, 'copilot'),
(016, 3381451, 'navigator'),
(016, 4125206, 'flight attendant'),
(016, 1861309, 'flight attendant'),
(016, 655380, 'flight attendant'),
(016, 4217559, 'flight attendant'),
(016, 1326977, 'flight attendant'),
(017, 6232635, 'pilot'),
(017, 3681834, 'copilot'),
(017, 2710263, 'navigator'),
(017, 4125206, 'flight attendant'),
(017, 1861309, 'flight attendant'),
(017, 655380, 'flight attendant'),
(017, 4217559, 'flight attendant'),
(018, 5107118, 'pilot'),
(018, 847529, 'copilot'),
(018, 1839763, 'navigator'),
(018, 4125206, 'flight attendant'),
(018, 1861309, 'flight attendant'),
(018, 655380, 'flight attendant'),
(019, 3620488, 'pilot'),
(019, 847529, 'copilot'),
(019, 2710263, 'navigator'),
(019, 4125206, 'flight attendant'),
(019, 1861309, 'flight attendant'),
(019, 655380, 'flight attendant'),
(020, 3620488, 'pilot'),
(020, 3681834, 'copilot'),
(020, 3381451, 'navigator'),
(020, 4125206, 'flight attendant'),
(020, 1861309, 'flight attendant'),
(020, 655380, 'flight attendant'),
(020, 4217559, 'flight attendant'),
(021, 5107118, 'pilot'),
(021, 3681834, 'copilot'),
(021, 2710263, 'navigator'),
(021, 4125206, 'flight attendant'),
(021, 1861309, 'flight attendant'),
(021, 655380, 'flight attendant'),
(021, 4217559, 'flight attendant'),
(022, 5640382, 'pilot'),
(022, 3681834, 'copilot'),
(022, 1839763, 'navigator'),
(022, 4125206, 'flight attendant'),
(022, 1861309, 'flight attendant'),
(022, 655380, 'flight attendant'),
(023, 5640382, 'pilot'),
(023, 3681834, 'copilot'),
(023, 2710263, 'navigator'),
(023, 4125206, 'flight attendant'),
(023, 1861309, 'flight attendant'),
(023, 655380, 'flight attendant'),
(023, 4217559, 'flight attendant'),
(024, 3620488, 'pilot'),
(024, 452441, 'copilot'),
(024, 1839763, 'navigator'),
(024, 4125206, 'flight attendant'),
(024, 1861309, 'flight attendant'),
(024, 655380, 'flight attendant'),
(024, 4217559, 'flight attendant'),
(025, 5107118, 'pilot'),
(025, 3681834, 'copilot'),
(025, 8111137, 'navigator'),
(025, 4125206, 'flight attendant'),
(025, 1861309, 'flight attendant'),
(026, 6232635, 'pilot'),
(026, 7776251, 'copilot'),
(026, 3381451, 'navigator'),
(026, 4125206, 'flight attendant'),
(026, 1861309, 'flight attendant'),
(026, 655380, 'flight attendant'),
(026, 4217559, 'flight attendant'),
(027, 5640382, 'pilot'),
(027, 3681834, 'copilot'),
(027, 2710263, 'navigator'),
(027, 4125206, 'flight attendant'),
(027, 1861309, 'flight attendant'),
(028, 5107118, 'pilot'),
(028, 847529, 'copilot'),
(028, 3381451, 'navigator'),
(028, 4125206, 'flight attendant'),
(028, 1861309, 'flight attendant'),
(028, 655380, 'flight attendant'),
(029, 3061029, 'pilot'),
(029, 7776251, 'copilot'),
(029, 3381451, 'navigator'),
(029, 4125206, 'flight attendant'),
(029, 1861309, 'flight attendant'),
(029, 655380, 'flight attendant'),
(029, 4217559, 'flight attendant'),
(030, 6232635, 'pilot'),
(030, 847529, 'copilot'),
(030, 1839763, 'navigator'),
(030, 4125206, 'flight attendant'),
(030, 1861309, 'flight attendant'),
(030, 655380, 'flight attendant'),
(030, 4217559, 'flight attendant'),
(031, 6232635, 'pilot'),
(031, 847529, 'copilot'),
(031, 1839763, 'navigator'),
(031, 4125206, 'flight attendant'),
(031, 1861309, 'flight attendant'),
(031, 655380, 'flight attendant'),
(031, 4217559, 'flight attendant'),
(031, 1326977, 'flight attendant'),
(032, 5640382, 'pilot'),
(032, 7776251, 'copilot'),
(032, 1839763, 'navigator'),
(032, 4125206, 'flight attendant'),
(032, 1861309, 'flight attendant'),
(032, 655380, 'flight attendant'),
(032, 4217559, 'flight attendant'),
(033, 3620488, 'pilot'),
(033, 3681834, 'copilot'),
(033, 2710263, 'navigator'),
(033, 4125206, 'flight attendant'),
(033, 1861309, 'flight attendant'),
(033, 655380, 'flight attendant'),
(034, 3061029, 'pilot'),
(034, 847529, 'copilot'),
(034, 2710263, 'navigator'),
(034, 4125206, 'flight attendant'),
(034, 1861309, 'flight attendant'),
(034, 655380, 'flight attendant'),
(035, 3620488, 'pilot'),
(035, 7776251, 'copilot'),
(035, 8111137, 'navigator'),
(035, 4125206, 'flight attendant'),
(035, 1861309, 'flight attendant'),
(035, 655380, 'flight attendant'),
(035, 4217559, 'flight attendant'),
(036, 3620488, 'pilot'),
(036, 452441, 'copilot'),
(036, 3381451, 'navigator'),
(036, 4125206, 'flight attendant'),
(036, 1861309, 'flight attendant'),
(037, 5640382, 'pilot'),
(037, 452441, 'copilot'),
(037, 1839763, 'navigator'),
(037, 4125206, 'flight attendant'),
(037, 1861309, 'flight attendant'),
(037, 655380, 'flight attendant'),
(038, 3061029, 'pilot'),
(038, 847529, 'copilot'),
(038, 2710263, 'navigator'),
(038, 4125206, 'flight attendant'),
(038, 1861309, 'flight attendant'),
(039, 3620488, 'pilot'),
(039, 847529, 'copilot'),
(039, 8111137, 'navigator'),
(039, 4125206, 'flight attendant'),
(039, 1861309, 'flight attendant'),
(039, 655380, 'flight attendant'),
(039, 4217559, 'flight attendant'),
(039, 1326977, 'flight attendant'),
(040, 6232635, 'pilot'),
(040, 3681834, 'copilot'),
(040, 2710263, 'navigator'),
(040, 4125206, 'flight attendant'),
(040, 1861309, 'flight attendant'),
(041, 3620488, 'pilot'),
(041, 3681834, 'copilot'),
(041, 2710263, 'navigator'),
(041, 4125206, 'flight attendant'),
(041, 1861309, 'flight attendant'),
(041, 655380, 'flight attendant'),
(042, 6232635, 'pilot'),
(042, 452441, 'copilot'),
(042, 2710263, 'navigator'),
(042, 4125206, 'flight attendant'),
(042, 1861309, 'flight attendant'),
(042, 655380, 'flight attendant'),
(042, 4217559, 'flight attendant'),
(042, 1326977, 'flight attendant'),
(043, 3620488, 'pilot'),
(043, 452441, 'copilot'),
(043, 8111137, 'navigator'),
(043, 4125206, 'flight attendant'),
(043, 1861309, 'flight attendant'),
(044, 3061029, 'pilot'),
(044, 452441, 'copilot'),
(044, 2710263, 'navigator'),
(044, 4125206, 'flight attendant'),
(044, 1861309, 'flight attendant'),
(044, 655380, 'flight attendant'),
(044, 4217559, 'flight attendant'),
(045, 3061029, 'pilot'),
(045, 452441, 'copilot'),
(045, 2710263, 'navigator'),
(045, 4125206, 'flight attendant'),
(045, 1861309, 'flight attendant'),
(045, 655380, 'flight attendant'),
(046, 5640382, 'pilot'),
(046, 847529, 'copilot'),
(046, 2710263, 'navigator'),
(046, 4125206, 'flight attendant'),
(046, 1861309, 'flight attendant'),
(046, 655380, 'flight attendant'),
(047, 6232635, 'pilot'),
(047, 847529, 'copilot'),
(047, 3381451, 'navigator'),
(047, 4125206, 'flight attendant'),
(047, 1861309, 'flight attendant'),
(048, 5640382, 'pilot'),
(048, 847529, 'copilot'),
(048, 2710263, 'navigator'),
(048, 4125206, 'flight attendant'),
(048, 1861309, 'flight attendant'),
(048, 655380, 'flight attendant'),
(049, 6232635, 'pilot'),
(049, 7776251, 'copilot'),
(049, 8111137, 'navigator'),
(049, 4125206, 'flight attendant'),
(049, 1861309, 'flight attendant'),
(050, 5107118, 'pilot'),
(050, 7776251, 'copilot'),
(050, 3381451, 'navigator'),
(050, 4125206, 'flight attendant'),
(050, 1861309, 'flight attendant'),
(051, 3620488, 'pilot'),
(051, 452441, 'copilot'),
(051, 3381451, 'navigator'),
(051, 4125206, 'flight attendant'),
(051, 1861309, 'flight attendant'),
(051, 655380, 'flight attendant'),
(052, 5107118, 'pilot'),
(052, 7776251, 'copilot'),
(052, 8111137, 'navigator'),
(052, 4125206, 'flight attendant'),
(052, 1861309, 'flight attendant'),
(053, 5640382, 'pilot'),
(053, 847529, 'copilot'),
(053, 8111137, 'navigator'),
(053, 4125206, 'flight attendant'),
(053, 1861309, 'flight attendant'),
(054, 3061029, 'pilot'),
(054, 7776251, 'copilot'),
(054, 1839763, 'navigator'),
(054, 4125206, 'flight attendant'),
(054, 1861309, 'flight attendant'),
(054, 655380, 'flight attendant'),
(054, 4217559, 'flight attendant'),
(054, 1326977, 'flight attendant'),
(055, 5640382, 'pilot'),
(055, 3681834, 'copilot'),
(055, 1839763, 'navigator'),
(055, 4125206, 'flight attendant'),
(055, 1861309, 'flight attendant'),
(055, 655380, 'flight attendant'),
(055, 4217559, 'flight attendant'),
(056, 5640382, 'pilot'),
(056, 7776251, 'copilot'),
(056, 3381451, 'navigator'),
(056, 4125206, 'flight attendant'),
(056, 1861309, 'flight attendant'),
(056, 655380, 'flight attendant'),
(056, 4217559, 'flight attendant'),
(056, 1326977, 'flight attendant'),
(057, 3061029, 'pilot'),
(057, 7776251, 'copilot'),
(057, 2710263, 'navigator'),
(057, 4125206, 'flight attendant'),
(057, 1861309, 'flight attendant'),
(057, 655380, 'flight attendant'),
(058, 3620488, 'pilot'),
(058, 3681834, 'copilot'),
(058, 8111137, 'navigator'),
(058, 4125206, 'flight attendant'),
(058, 1861309, 'flight attendant'),
(058, 655380, 'flight attendant'),
(058, 4217559, 'flight attendant'),
(059, 3061029, 'pilot'),
(059, 847529, 'copilot'),
(059, 1839763, 'navigator'),
(059, 4125206, 'flight attendant'),
(059, 1861309, 'flight attendant'),
(059, 655380, 'flight attendant'),
(059, 4217559, 'flight attendant'),
(060, 3620488, 'pilot'),
(060, 7776251, 'copilot'),
(060, 2710263, 'navigator'),
(060, 4125206, 'flight attendant'),
(060, 1861309, 'flight attendant'),
(061, 3061029, 'pilot'),
(061, 452441, 'copilot'),
(061, 2710263, 'navigator'),
(061, 4125206, 'flight attendant'),
(061, 1861309, 'flight attendant'),
(061, 655380, 'flight attendant'),
(061, 4217559, 'flight attendant'),
(062, 3620488, 'pilot'),
(062, 452441, 'copilot'),
(062, 1839763, 'navigator'),
(062, 4125206, 'flight attendant'),
(062, 1861309, 'flight attendant'),
(063, 5640382, 'pilot'),
(063, 847529, 'copilot'),
(063, 3381451, 'navigator'),
(063, 4125206, 'flight attendant'),
(063, 1861309, 'flight attendant'),
(064, 3620488, 'pilot'),
(064, 452441, 'copilot'),
(064, 3381451, 'navigator'),
(064, 4125206, 'flight attendant'),
(064, 1861309, 'flight attendant'),
(064, 655380, 'flight attendant'),
(065, 3620488, 'pilot'),
(065, 3681834, 'copilot'),
(065, 1839763, 'navigator'),
(065, 4125206, 'flight attendant'),
(065, 1861309, 'flight attendant'),
(066, 3620488, 'pilot'),
(066, 3681834, 'copilot'),
(066, 2710263, 'navigator'),
(066, 4125206, 'flight attendant'),
(066, 1861309, 'flight attendant'),
(066, 655380, 'flight attendant'),
(066, 4217559, 'flight attendant'),
(067, 3061029, 'pilot'),
(067, 452441, 'copilot'),
(067, 8111137, 'navigator'),
(067, 4125206, 'flight attendant'),
(067, 1861309, 'flight attendant'),
(068, 5107118, 'pilot'),
(068, 3681834, 'copilot'),
(068, 2710263, 'navigator'),
(068, 4125206, 'flight attendant'),
(068, 1861309, 'flight attendant'),
(068, 655380, 'flight attendant'),
(068, 4217559, 'flight attendant'),
(068, 1326977, 'flight attendant'),
(069, 5107118, 'pilot'),
(069, 3681834, 'copilot'),
(069, 3381451, 'navigator'),
(069, 4125206, 'flight attendant'),
(069, 1861309, 'flight attendant'),
(069, 655380, 'flight attendant'),
(069, 4217559, 'flight attendant'),
(070, 3620488, 'pilot'),
(070, 7776251, 'copilot'),
(070, 3381451, 'navigator'),
(070, 4125206, 'flight attendant'),
(070, 1861309, 'flight attendant'),
(071, 5640382, 'pilot'),
(071, 847529, 'copilot'),
(071, 1839763, 'navigator'),
(071, 4125206, 'flight attendant'),
(071, 1861309, 'flight attendant'),
(071, 655380, 'flight attendant'),
(071, 4217559, 'flight attendant'),
(072, 3620488, 'pilot'),
(072, 452441, 'copilot'),
(072, 3381451, 'navigator'),
(072, 4125206, 'flight attendant'),
(072, 1861309, 'flight attendant'),
(072, 655380, 'flight attendant'),
(072, 4217559, 'flight attendant'),
(072, 1326977, 'flight attendant'),
(073, 6232635, 'pilot'),
(073, 7776251, 'copilot'),
(073, 2710263, 'navigator'),
(073, 4125206, 'flight attendant'),
(073, 1861309, 'flight attendant'),
(073, 655380, 'flight attendant'),
(074, 5640382, 'pilot'),
(074, 452441, 'copilot'),
(074, 3381451, 'navigator'),
(074, 4125206, 'flight attendant'),
(074, 1861309, 'flight attendant'),
(075, 5107118, 'pilot'),
(075, 3681834, 'copilot'),
(075, 8111137, 'navigator'),
(075, 4125206, 'flight attendant'),
(075, 1861309, 'flight attendant'),
(075, 655380, 'flight attendant'),
(076, 3620488, 'pilot'),
(076, 3681834, 'copilot'),
(076, 1839763, 'navigator'),
(076, 4125206, 'flight attendant'),
(076, 1861309, 'flight attendant'),
(077, 3061029, 'pilot'),
(077, 3681834, 'copilot'),
(077, 2710263, 'navigator'),
(077, 4125206, 'flight attendant'),
(077, 1861309, 'flight attendant'),
(077, 655380, 'flight attendant'),
(077, 4217559, 'flight attendant'),
(077, 1326977, 'flight attendant'),
(078, 3620488, 'pilot'),
(078, 452441, 'copilot'),
(078, 2710263, 'navigator'),
(078, 4125206, 'flight attendant'),
(078, 1861309, 'flight attendant'),
(078, 655380, 'flight attendant'),
(079, 5640382, 'pilot'),
(079, 452441, 'copilot'),
(079, 1839763, 'navigator'),
(079, 4125206, 'flight attendant'),
(079, 1861309, 'flight attendant'),
(080, 3061029, 'pilot'),
(080, 847529, 'copilot'),
(080, 3381451, 'navigator'),
(080, 4125206, 'flight attendant'),
(080, 1861309, 'flight attendant'),
(080, 655380, 'flight attendant'),
(080, 4217559, 'flight attendant'),
(081, 5107118, 'pilot'),
(081, 847529, 'copilot'),
(081, 2710263, 'navigator'),
(081, 4125206, 'flight attendant'),
(081, 1861309, 'flight attendant'),
(081, 655380, 'flight attendant'),
(082, 6232635, 'pilot'),
(082, 7776251, 'copilot'),
(082, 3381451, 'navigator'),
(082, 4125206, 'flight attendant'),
(082, 1861309, 'flight attendant'),
(082, 655380, 'flight attendant'),
(082, 4217559, 'flight attendant'),
(083, 3061029, 'pilot'),
(083, 7776251, 'copilot'),
(083, 3381451, 'navigator'),
(083, 4125206, 'flight attendant'),
(083, 1861309, 'flight attendant'),
(084, 6232635, 'pilot'),
(084, 7776251, 'copilot'),
(084, 8111137, 'navigator'),
(084, 4125206, 'flight attendant'),
(084, 1861309, 'flight attendant'),
(085, 5640382, 'pilot'),
(085, 847529, 'copilot'),
(085, 3381451, 'navigator'),
(085, 4125206, 'flight attendant'),
(085, 1861309, 'flight attendant'),
(085, 655380, 'flight attendant'),
(085, 4217559, 'flight attendant'),
(085, 1326977, 'flight attendant'),
(086, 3620488, 'pilot'),
(086, 847529, 'copilot'),
(086, 3381451, 'navigator'),
(086, 4125206, 'flight attendant'),
(086, 1861309, 'flight attendant'),
(086, 655380, 'flight attendant'),
(086, 4217559, 'flight attendant'),
(087, 5107118, 'pilot'),
(087, 847529, 'copilot'),
(087, 3381451, 'navigator'),
(087, 4125206, 'flight attendant'),
(087, 1861309, 'flight attendant'),
(087, 655380, 'flight attendant'),
(088, 3620488, 'pilot'),
(088, 7776251, 'copilot'),
(088, 8111137, 'navigator'),
(088, 4125206, 'flight attendant'),
(088, 1861309, 'flight attendant'),
(088, 655380, 'flight attendant'),
(088, 4217559, 'flight attendant'),
(088, 1326977, 'flight attendant'),
(089, 3620488, 'pilot'),
(089, 7776251, 'copilot'),
(089, 3381451, 'navigator'),
(089, 4125206, 'flight attendant'),
(089, 1861309, 'flight attendant'),
(090, 3061029, 'pilot'),
(090, 847529, 'copilot'),
(090, 8111137, 'navigator'),
(090, 4125206, 'flight attendant'),
(090, 1861309, 'flight attendant'),
(090, 655380, 'flight attendant'),
(090, 4217559, 'flight attendant'),
(091, 5107118, 'pilot'),
(091, 847529, 'copilot'),
(091, 3381451, 'navigator'),
(091, 4125206, 'flight attendant'),
(091, 1861309, 'flight attendant'),
(091, 655380, 'flight attendant'),
(092, 5640382, 'pilot'),
(092, 847529, 'copilot'),
(092, 8111137, 'navigator'),
(092, 4125206, 'flight attendant'),
(092, 1861309, 'flight attendant'),
(092, 655380, 'flight attendant'),
(093, 3620488, 'pilot'),
(093, 847529, 'copilot'),
(093, 1839763, 'navigator'),
(093, 4125206, 'flight attendant'),
(093, 1861309, 'flight attendant'),
(093, 655380, 'flight attendant'),
(093, 4217559, 'flight attendant'),
(094, 6232635, 'pilot'),
(094, 452441, 'copilot'),
(094, 3381451, 'navigator'),
(094, 4125206, 'flight attendant'),
(094, 1861309, 'flight attendant'),
(094, 655380, 'flight attendant'),
(094, 4217559, 'flight attendant'),
(094, 1326977, 'flight attendant'),
(095, 6232635, 'pilot'),
(095, 452441, 'copilot'),
(095, 2710263, 'navigator'),
(095, 4125206, 'flight attendant'),
(095, 1861309, 'flight attendant'),
(095, 655380, 'flight attendant'),
(095, 4217559, 'flight attendant'),
(095, 1326977, 'flight attendant'),
(096, 5640382, 'pilot'),
(096, 7776251, 'copilot'),
(096, 3381451, 'navigator'),
(096, 4125206, 'flight attendant'),
(096, 1861309, 'flight attendant'),
(097, 5107118, 'pilot'),
(097, 7776251, 'copilot'),
(097, 2710263, 'navigator'),
(097, 4125206, 'flight attendant'),
(097, 1861309, 'flight attendant'),
(098, 5640382, 'pilot'),
(098, 3681834, 'copilot'),
(098, 1839763, 'navigator'),
(098, 4125206, 'flight attendant'),
(098, 1861309, 'flight attendant'),
(098, 655380, 'flight attendant'),
(098, 4217559, 'flight attendant'),
(099, 3620488, 'pilot'),
(099, 847529, 'copilot'),
(099, 3381451, 'navigator'),
(099, 4125206, 'flight attendant'),
(099, 1861309, 'flight attendant'),
(099, 655380, 'flight attendant'),
(099, 4217559, 'flight attendant'),
(099, 1326977, 'flight attendant'),
(100, 3061029, 'pilot'),
(100, 3681834, 'copilot'),
(100, 1839763, 'navigator'),
(100, 4125206, 'flight attendant'),
(100, 1861309, 'flight attendant'),
(100, 655380, 'flight attendant'),
(100, 4217559, 'flight attendant'),
(100, 1326977, 'flight attendant'),
(101, 6232635, 'pilot'),
(101, 452441, 'copilot'),
(101, 2710263, 'navigator'),
(101, 4125206, 'flight attendant'),
(101, 1861309, 'flight attendant'),
(102, 3061029, 'pilot'),
(102, 7776251, 'copilot'),
(102, 8111137, 'navigator'),
(102, 4125206, 'flight attendant'),
(102, 1861309, 'flight attendant'),
(102, 655380, 'flight attendant'),
(102, 4217559, 'flight attendant'),
(102, 1326977, 'flight attendant'),
(103, 5640382, 'pilot'),
(103, 847529, 'copilot'),
(103, 8111137, 'navigator'),
(103, 4125206, 'flight attendant'),
(103, 1861309, 'flight attendant'),
(104, 5640382, 'pilot'),
(104, 3681834, 'copilot'),
(104, 1839763, 'navigator'),
(104, 4125206, 'flight attendant'),
(104, 1861309, 'flight attendant'),
(104, 655380, 'flight attendant'),
(105, 5107118, 'pilot'),
(105, 7776251, 'copilot'),
(105, 2710263, 'navigator'),
(105, 4125206, 'flight attendant'),
(105, 1861309, 'flight attendant'),
(105, 655380, 'flight attendant'),
(105, 4217559, 'flight attendant'),
(106, 5107118, 'pilot'),
(106, 452441, 'copilot'),
(106, 2710263, 'navigator'),
(106, 4125206, 'flight attendant'),
(106, 1861309, 'flight attendant'),
(107, 3061029, 'pilot'),
(107, 847529, 'copilot'),
(107, 1839763, 'navigator'),
(107, 4125206, 'flight attendant'),
(107, 1861309, 'flight attendant'),
(107, 655380, 'flight attendant'),
(107, 4217559, 'flight attendant'),
(108, 5107118, 'pilot'),
(108, 7776251, 'copilot'),
(108, 3381451, 'navigator'),
(108, 4125206, 'flight attendant'),
(108, 1861309, 'flight attendant'),
(109, 3061029, 'pilot'),
(109, 3681834, 'copilot'),
(109, 3381451, 'navigator'),
(109, 4125206, 'flight attendant'),
(109, 1861309, 'flight attendant'),
(110, 5640382, 'pilot'),
(110, 7776251, 'copilot'),
(110, 3381451, 'navigator'),
(110, 4125206, 'flight attendant'),
(110, 1861309, 'flight attendant'),
(110, 655380, 'flight attendant'),
(111, 6232635, 'pilot'),
(111, 847529, 'copilot'),
(111, 1839763, 'navigator'),
(111, 4125206, 'flight attendant'),
(111, 1861309, 'flight attendant'),
(111, 655380, 'flight attendant'),
(112, 6232635, 'pilot'),
(112, 452441, 'copilot'),
(112, 8111137, 'navigator'),
(112, 4125206, 'flight attendant'),
(112, 1861309, 'flight attendant'),
(112, 655380, 'flight attendant'),
(112, 4217559, 'flight attendant'),
(113, 3061029, 'pilot'),
(113, 3681834, 'copilot'),
(113, 2710263, 'navigator'),
(113, 4125206, 'flight attendant'),
(113, 1861309, 'flight attendant'),
(114, 5107118, 'pilot'),
(114, 452441, 'copilot'),
(114, 8111137, 'navigator'),
(114, 4125206, 'flight attendant'),
(114, 1861309, 'flight attendant'),
(114, 655380, 'flight attendant'),
(114, 4217559, 'flight attendant'),
(115, 3061029, 'pilot'),
(115, 7776251, 'copilot'),
(115, 1839763, 'navigator'),
(115, 4125206, 'flight attendant'),
(115, 1861309, 'flight attendant'),
(115, 655380, 'flight attendant'),
(116, 5107118, 'pilot'),
(116, 7776251, 'copilot'),
(116, 1839763, 'navigator'),
(116, 4125206, 'flight attendant'),
(116, 1861309, 'flight attendant'),
(117, 6232635, 'pilot'),
(117, 7776251, 'copilot'),
(117, 1839763, 'navigator'),
(117, 4125206, 'flight attendant'),
(117, 1861309, 'flight attendant'),
(118, 5640382, 'pilot'),
(118, 7776251, 'copilot'),
(118, 1839763, 'navigator'),
(118, 4125206, 'flight attendant'),
(118, 1861309, 'flight attendant'),
(118, 655380, 'flight attendant'),
(119, 3620488, 'pilot'),
(119, 847529, 'copilot'),
(119, 2710263, 'navigator'),
(119, 4125206, 'flight attendant'),
(119, 1861309, 'flight attendant'),
(119, 655380, 'flight attendant'),
(120, 5640382, 'pilot'),
(120, 7776251, 'copilot'),
(120, 8111137, 'navigator'),
(120, 4125206, 'flight attendant'),
(120, 1861309, 'flight attendant'),
(121, 3620488, 'pilot'),
(121, 847529, 'copilot'),
(121, 1839763, 'navigator'),
(121, 4125206, 'flight attendant'),
(121, 1861309, 'flight attendant'),
(121, 655380, 'flight attendant'),
(121, 4217559, 'flight attendant'),
(122, 5640382, 'pilot'),
(122, 847529, 'copilot'),
(122, 3381451, 'navigator'),
(122, 4125206, 'flight attendant'),
(122, 1861309, 'flight attendant'),
(123, 6232635, 'pilot'),
(123, 7776251, 'copilot'),
(123, 2710263, 'navigator'),
(123, 4125206, 'flight attendant'),
(123, 1861309, 'flight attendant'),
(124, 3061029, 'pilot'),
(124, 7776251, 'copilot'),
(124, 3381451, 'navigator'),
(124, 4125206, 'flight attendant'),
(124, 1861309, 'flight attendant'),
(124, 655380, 'flight attendant'),
(124, 4217559, 'flight attendant'),
(125, 3061029, 'pilot'),
(125, 7776251, 'copilot'),
(125, 3381451, 'navigator'),
(125, 4125206, 'flight attendant'),
(125, 1861309, 'flight attendant'),
(126, 3620488, 'pilot'),
(126, 452441, 'copilot'),
(126, 1839763, 'navigator'),
(126, 4125206, 'flight attendant'),
(126, 1861309, 'flight attendant'),
(126, 655380, 'flight attendant'),
(126, 4217559, 'flight attendant'),
(126, 1326977, 'flight attendant'),
(127, 6232635, 'pilot'),
(127, 3681834, 'copilot'),
(127, 8111137, 'navigator'),
(127, 4125206, 'flight attendant'),
(127, 1861309, 'flight attendant'),
(127, 655380, 'flight attendant'),
(127, 4217559, 'flight attendant'),
(128, 3061029, 'pilot'),
(128, 452441, 'copilot'),
(128, 1839763, 'navigator'),
(128, 4125206, 'flight attendant'),
(128, 1861309, 'flight attendant'),
(128, 655380, 'flight attendant'),
(128, 4217559, 'flight attendant'),
(128, 1326977, 'flight attendant'),
(129, 5640382, 'pilot'),
(129, 452441, 'copilot'),
(129, 3381451, 'navigator'),
(129, 4125206, 'flight attendant'),
(129, 1861309, 'flight attendant'),
(130, 6232635, 'pilot'),
(130, 452441, 'copilot'),
(130, 3381451, 'navigator'),
(130, 4125206, 'flight attendant'),
(130, 1861309, 'flight attendant'),
(130, 655380, 'flight attendant'),
(131, 3061029, 'pilot'),
(131, 7776251, 'copilot'),
(131, 8111137, 'navigator'),
(131, 4125206, 'flight attendant'),
(131, 1861309, 'flight attendant'),
(131, 655380, 'flight attendant'),
(132, 5107118, 'pilot'),
(132, 847529, 'copilot'),
(132, 3381451, 'navigator'),
(132, 4125206, 'flight attendant'),
(132, 1861309, 'flight attendant'),
(133, 5107118, 'pilot'),
(133, 3681834, 'copilot'),
(133, 8111137, 'navigator'),
(133, 4125206, 'flight attendant'),
(133, 1861309, 'flight attendant'),
(133, 655380, 'flight attendant'),
(134, 6232635, 'pilot'),
(134, 847529, 'copilot'),
(134, 8111137, 'navigator'),
(134, 4125206, 'flight attendant'),
(134, 1861309, 'flight attendant'),
(134, 655380, 'flight attendant'),
(134, 4217559, 'flight attendant'),
(134, 1326977, 'flight attendant'),
(135, 5640382, 'pilot'),
(135, 847529, 'copilot'),
(135, 1839763, 'navigator'),
(135, 4125206, 'flight attendant'),
(135, 1861309, 'flight attendant'),
(135, 655380, 'flight attendant'),
(135, 4217559, 'flight attendant'),
(135, 1326977, 'flight attendant'),
(136, 3620488, 'pilot'),
(136, 3681834, 'copilot'),
(136, 3381451, 'navigator'),
(136, 4125206, 'flight attendant'),
(136, 1861309, 'flight attendant'),
(136, 655380, 'flight attendant'),
(136, 4217559, 'flight attendant'),
(136, 1326977, 'flight attendant'),
(137, 6232635, 'pilot'),
(137, 847529, 'copilot'),
(137, 1839763, 'navigator'),
(137, 4125206, 'flight attendant'),
(137, 1861309, 'flight attendant'),
(137, 655380, 'flight attendant'),
(137, 4217559, 'flight attendant'),
(138, 6232635, 'pilot'),
(138, 7776251, 'copilot'),
(138, 2710263, 'navigator'),
(138, 4125206, 'flight attendant'),
(138, 1861309, 'flight attendant'),
(139, 5107118, 'pilot'),
(139, 847529, 'copilot'),
(139, 3381451, 'navigator'),
(139, 4125206, 'flight attendant'),
(139, 1861309, 'flight attendant'),
(139, 655380, 'flight attendant'),
(139, 4217559, 'flight attendant'),
(139, 1326977, 'flight attendant'),
(140, 3620488, 'pilot'),
(140, 847529, 'copilot'),
(140, 8111137, 'navigator'),
(140, 4125206, 'flight attendant'),
(140, 1861309, 'flight attendant'),
(140, 655380, 'flight attendant'),
(140, 4217559, 'flight attendant'),
(140, 1326977, 'flight attendant'),
(141, 3620488, 'pilot'),
(141, 452441, 'copilot'),
(141, 2710263, 'navigator'),
(141, 4125206, 'flight attendant'),
(141, 1861309, 'flight attendant'),
(141, 655380, 'flight attendant'),
(141, 4217559, 'flight attendant'),
(141, 1326977, 'flight attendant'),
(142, 5107118, 'pilot'),
(142, 847529, 'copilot'),
(142, 8111137, 'navigator'),
(142, 4125206, 'flight attendant'),
(142, 1861309, 'flight attendant'),
(142, 655380, 'flight attendant'),
(142, 4217559, 'flight attendant'),
(143, 3061029, 'pilot'),
(143, 3681834, 'copilot'),
(143, 8111137, 'navigator'),
(143, 4125206, 'flight attendant'),
(143, 1861309, 'flight attendant'),
(143, 655380, 'flight attendant'),
(143, 4217559, 'flight attendant'),
(144, 5107118, 'pilot'),
(144, 452441, 'copilot'),
(144, 2710263, 'navigator'),
(144, 4125206, 'flight attendant'),
(144, 1861309, 'flight attendant'),
(145, 6232635, 'pilot'),
(145, 452441, 'copilot'),
(145, 2710263, 'navigator'),
(145, 4125206, 'flight attendant'),
(145, 1861309, 'flight attendant'),
(146, 5640382, 'pilot'),
(146, 847529, 'copilot'),
(146, 3381451, 'navigator'),
(146, 4125206, 'flight attendant'),
(146, 1861309, 'flight attendant'),
(147, 3061029, 'pilot'),
(147, 7776251, 'copilot'),
(147, 2710263, 'navigator'),
(147, 4125206, 'flight attendant'),
(147, 1861309, 'flight attendant'),
(148, 5640382, 'pilot'),
(148, 7776251, 'copilot'),
(148, 3381451, 'navigator'),
(148, 4125206, 'flight attendant'),
(148, 1861309, 'flight attendant'),
(148, 655380, 'flight attendant'),
(149, 3620488, 'pilot'),
(149, 847529, 'copilot'),
(149, 2710263, 'navigator'),
(149, 4125206, 'flight attendant'),
(149, 1861309, 'flight attendant'),
(149, 655380, 'flight attendant'),
(149, 4217559, 'flight attendant'),
(150, 3061029, 'pilot'),
(150, 3681834, 'copilot'),
(150, 3381451, 'navigator'),
(150, 4125206, 'flight attendant'),
(150, 1861309, 'flight attendant'),
(150, 655380, 'flight attendant'),
(151, 6232635, 'pilot'),
(151, 847529, 'copilot'),
(151, 1839763, 'navigator'),
(151, 4125206, 'flight attendant'),
(151, 1861309, 'flight attendant'),
(151, 655380, 'flight attendant'),
(152, 5640382, 'pilot'),
(152, 3681834, 'copilot'),
(152, 2710263, 'navigator'),
(152, 4125206, 'flight attendant'),
(152, 1861309, 'flight attendant'),
(153, 5107118, 'pilot'),
(153, 7776251, 'copilot'),
(153, 3381451, 'navigator'),
(153, 4125206, 'flight attendant'),
(153, 1861309, 'flight attendant'),
(153, 655380, 'flight attendant'),
(154, 5107118, 'pilot'),
(154, 7776251, 'copilot'),
(154, 3381451, 'navigator'),
(154, 4125206, 'flight attendant'),
(154, 1861309, 'flight attendant'),
(154, 655380, 'flight attendant'),
(154, 4217559, 'flight attendant'),
(155, 3061029, 'pilot'),
(155, 452441, 'copilot'),
(155, 8111137, 'navigator'),
(155, 4125206, 'flight attendant'),
(155, 1861309, 'flight attendant'),
(155, 655380, 'flight attendant'),
(155, 4217559, 'flight attendant'),
(155, 1326977, 'flight attendant'),
(156, 5640382, 'pilot'),
(156, 7776251, 'copilot'),
(156, 8111137, 'navigator'),
(156, 4125206, 'flight attendant'),
(156, 1861309, 'flight attendant'),
(156, 655380, 'flight attendant'),
(156, 4217559, 'flight attendant'),
(157, 6232635, 'pilot'),
(157, 847529, 'copilot'),
(157, 1839763, 'navigator'),
(157, 4125206, 'flight attendant'),
(157, 1861309, 'flight attendant'),
(158, 5640382, 'pilot'),
(158, 7776251, 'copilot'),
(158, 2710263, 'navigator'),
(158, 4125206, 'flight attendant'),
(158, 1861309, 'flight attendant'),
(158, 655380, 'flight attendant'),
(158, 4217559, 'flight attendant'),
(158, 1326977, 'flight attendant'),
(159, 6232635, 'pilot'),
(159, 7776251, 'copilot'),
(159, 3381451, 'navigator'),
(159, 4125206, 'flight attendant'),
(159, 1861309, 'flight attendant'),
(160, 3061029, 'pilot'),
(160, 3681834, 'copilot'),
(160, 1839763, 'navigator'),
(160, 4125206, 'flight attendant'),
(160, 1861309, 'flight attendant'),
(160, 655380, 'flight attendant'),
(160, 4217559, 'flight attendant'),
(161, 6232635, 'pilot'),
(161, 847529, 'copilot'),
(161, 2710263, 'navigator'),
(161, 4125206, 'flight attendant'),
(161, 1861309, 'flight attendant'),
(162, 5107118, 'pilot'),
(162, 7776251, 'copilot'),
(162, 8111137, 'navigator'),
(162, 4125206, 'flight attendant'),
(162, 1861309, 'flight attendant'),
(162, 655380, 'flight attendant'),
(162, 4217559, 'flight attendant'),
(163, 5640382, 'pilot'),
(163, 3681834, 'copilot'),
(163, 8111137, 'navigator'),
(163, 4125206, 'flight attendant'),
(163, 1861309, 'flight attendant'),
(163, 655380, 'flight attendant'),
(163, 4217559, 'flight attendant'),
(164, 3620488, 'pilot'),
(164, 847529, 'copilot'),
(164, 8111137, 'navigator'),
(164, 4125206, 'flight attendant'),
(164, 1861309, 'flight attendant'),
(165, 3061029, 'pilot'),
(165, 847529, 'copilot'),
(165, 2710263, 'navigator'),
(165, 4125206, 'flight attendant'),
(165, 1861309, 'flight attendant'),
(165, 655380, 'flight attendant'),
(166, 3620488, 'pilot'),
(166, 452441, 'copilot'),
(166, 3381451, 'navigator'),
(166, 4125206, 'flight attendant'),
(166, 1861309, 'flight attendant'),
(167, 6232635, 'pilot'),
(167, 847529, 'copilot'),
(167, 3381451, 'navigator'),
(167, 4125206, 'flight attendant'),
(167, 1861309, 'flight attendant'),
(167, 655380, 'flight attendant'),
(168, 5640382, 'pilot'),
(168, 3681834, 'copilot'),
(168, 3381451, 'navigator'),
(168, 4125206, 'flight attendant'),
(168, 1861309, 'flight attendant'),
(168, 655380, 'flight attendant'),
(169, 5640382, 'pilot'),
(169, 847529, 'copilot'),
(169, 1839763, 'navigator'),
(169, 4125206, 'flight attendant'),
(169, 1861309, 'flight attendant'),
(169, 655380, 'flight attendant'),
(170, 5107118, 'pilot'),
(170, 847529, 'copilot'),
(170, 8111137, 'navigator'),
(170, 4125206, 'flight attendant'),
(170, 1861309, 'flight attendant'),
(170, 655380, 'flight attendant'),
(170, 4217559, 'flight attendant'),
(170, 1326977, 'flight attendant'),
(171, 6232635, 'pilot'),
(171, 7776251, 'copilot'),
(171, 8111137, 'navigator'),
(171, 4125206, 'flight attendant'),
(171, 1861309, 'flight attendant'),
(171, 655380, 'flight attendant'),
(172, 5640382, 'pilot'),
(172, 847529, 'copilot'),
(172, 1839763, 'navigator'),
(172, 4125206, 'flight attendant'),
(172, 1861309, 'flight attendant'),
(173, 3620488, 'pilot'),
(173, 847529, 'copilot'),
(173, 1839763, 'navigator'),
(173, 4125206, 'flight attendant'),
(173, 1861309, 'flight attendant'),
(174, 5107118, 'pilot'),
(174, 847529, 'copilot'),
(174, 3381451, 'navigator'),
(174, 4125206, 'flight attendant'),
(174, 1861309, 'flight attendant'),
(174, 655380, 'flight attendant'),
(175, 5107118, 'pilot'),
(175, 452441, 'copilot'),
(175, 3381451, 'navigator'),
(175, 4125206, 'flight attendant'),
(175, 1861309, 'flight attendant'),
(175, 655380, 'flight attendant'),
(175, 4217559, 'flight attendant'),
(175, 1326977, 'flight attendant'),
(176, 5640382, 'pilot'),
(176, 452441, 'copilot'),
(176, 2710263, 'navigator'),
(176, 4125206, 'flight attendant'),
(176, 1861309, 'flight attendant'),
(176, 655380, 'flight attendant'),
(176, 4217559, 'flight attendant'),
(176, 1326977, 'flight attendant'),
(177, 5107118, 'pilot'),
(177, 7776251, 'copilot'),
(177, 8111137, 'navigator'),
(177, 4125206, 'flight attendant'),
(177, 1861309, 'flight attendant'),
(177, 655380, 'flight attendant'),
(178, 5640382, 'pilot'),
(178, 452441, 'copilot'),
(178, 8111137, 'navigator'),
(178, 4125206, 'flight attendant'),
(178, 1861309, 'flight attendant'),
(179, 3061029, 'pilot'),
(179, 3681834, 'copilot'),
(179, 2710263, 'navigator'),
(179, 4125206, 'flight attendant'),
(179, 1861309, 'flight attendant'),
(179, 655380, 'flight attendant'),
(179, 4217559, 'flight attendant'),
(179, 1326977, 'flight attendant'),
(180, 6232635, 'pilot'),
(180, 847529, 'copilot'),
(180, 8111137, 'navigator'),
(180, 4125206, 'flight attendant'),
(180, 1861309, 'flight attendant'),
(180, 655380, 'flight attendant'),
(181, 3061029, 'pilot'),
(181, 847529, 'copilot'),
(181, 8111137, 'navigator'),
(181, 4125206, 'flight attendant'),
(181, 1861309, 'flight attendant'),
(181, 655380, 'flight attendant'),
(181, 4217559, 'flight attendant'),
(182, 3061029, 'pilot'),
(182, 847529, 'copilot'),
(182, 2710263, 'navigator'),
(182, 4125206, 'flight attendant'),
(182, 1861309, 'flight attendant'),
(182, 655380, 'flight attendant'),
(183, 3620488, 'pilot'),
(183, 3681834, 'copilot'),
(183, 3381451, 'navigator'),
(183, 4125206, 'flight attendant'),
(183, 1861309, 'flight attendant'),
(183, 655380, 'flight attendant'),
(184, 3620488, 'pilot'),
(184, 3681834, 'copilot'),
(184, 1839763, 'navigator'),
(184, 4125206, 'flight attendant'),
(184, 1861309, 'flight attendant'),
(184, 655380, 'flight attendant'),
(184, 4217559, 'flight attendant'),
(184, 1326977, 'flight attendant'),
(185, 3620488, 'pilot'),
(185, 452441, 'copilot'),
(185, 8111137, 'navigator'),
(185, 4125206, 'flight attendant'),
(185, 1861309, 'flight attendant'),
(186, 5640382, 'pilot'),
(186, 3681834, 'copilot'),
(186, 3381451, 'navigator'),
(186, 4125206, 'flight attendant'),
(186, 1861309, 'flight attendant'),
(186, 655380, 'flight attendant'),
(186, 4217559, 'flight attendant'),
(187, 6232635, 'pilot'),
(187, 3681834, 'copilot'),
(187, 8111137, 'navigator'),
(187, 4125206, 'flight attendant'),
(187, 1861309, 'flight attendant'),
(187, 655380, 'flight attendant'),
(187, 4217559, 'flight attendant'),
(188, 6232635, 'pilot'),
(188, 847529, 'copilot'),
(188, 8111137, 'navigator'),
(188, 4125206, 'flight attendant'),
(188, 1861309, 'flight attendant'),
(189, 3620488, 'pilot'),
(189, 847529, 'copilot'),
(189, 8111137, 'navigator'),
(189, 4125206, 'flight attendant'),
(189, 1861309, 'flight attendant'),
(189, 655380, 'flight attendant'),
(190, 5640382, 'pilot'),
(190, 847529, 'copilot'),
(190, 3381451, 'navigator'),
(190, 4125206, 'flight attendant'),
(190, 1861309, 'flight attendant'),
(190, 655380, 'flight attendant'),
(190, 4217559, 'flight attendant'),
(190, 1326977, 'flight attendant'),
(191, 3620488, 'pilot'),
(191, 7776251, 'copilot'),
(191, 1839763, 'navigator'),
(191, 4125206, 'flight attendant'),
(191, 1861309, 'flight attendant'),
(191, 655380, 'flight attendant'),
(192, 5107118, 'pilot'),
(192, 452441, 'copilot'),
(192, 3381451, 'navigator'),
(192, 4125206, 'flight attendant'),
(192, 1861309, 'flight attendant'),
(192, 655380, 'flight attendant'),
(192, 4217559, 'flight attendant'),
(193, 6232635, 'pilot'),
(193, 452441, 'copilot'),
(193, 8111137, 'navigator'),
(193, 4125206, 'flight attendant'),
(193, 1861309, 'flight attendant'),
(194, 3620488, 'pilot'),
(194, 847529, 'copilot'),
(194, 3381451, 'navigator'),
(194, 4125206, 'flight attendant'),
(194, 1861309, 'flight attendant'),
(194, 655380, 'flight attendant'),
(194, 4217559, 'flight attendant'),
(194, 1326977, 'flight attendant'),
(195, 3061029, 'pilot'),
(195, 452441, 'copilot'),
(195, 1839763, 'navigator'),
(195, 4125206, 'flight attendant'),
(195, 1861309, 'flight attendant'),
(195, 655380, 'flight attendant'),
(195, 4217559, 'flight attendant'),
(195, 1326977, 'flight attendant'),
(196, 5640382, 'pilot'),
(196, 3681834, 'copilot'),
(196, 2710263, 'navigator'),
(196, 4125206, 'flight attendant'),
(196, 1861309, 'flight attendant'),
(197, 6232635, 'pilot'),
(197, 7776251, 'copilot'),
(197, 3381451, 'navigator'),
(197, 4125206, 'flight attendant'),
(197, 1861309, 'flight attendant'),
(197, 655380, 'flight attendant'),
(198, 3620488, 'pilot'),
(198, 452441, 'copilot'),
(198, 3381451, 'navigator'),
(198, 4125206, 'flight attendant'),
(198, 1861309, 'flight attendant'),
(198, 655380, 'flight attendant'),
(198, 4217559, 'flight attendant'),
(199, 5107118, 'pilot'),
(199, 7776251, 'copilot'),
(199, 2710263, 'navigator'),
(199, 4125206, 'flight attendant'),
(199, 1861309, 'flight attendant'),
(199, 655380, 'flight attendant'),
(200, 3061029, 'pilot'),
(200, 452441, 'copilot'),
(200, 1839763, 'navigator'),
(200, 4125206, 'flight attendant'),
(200, 1861309, 'flight attendant'),
(200, 655380, 'flight attendant'),
(200, 4217559, 'flight attendant'),
(200, 1326977, 'flight attendant'),
(201, 6232635, 'pilot'),
(201, 3681834, 'copilot'),
(201, 3381451, 'navigator'),
(201, 4125206, 'flight attendant'),
(201, 1861309, 'flight attendant'),
(201, 655380, 'flight attendant'),
(202, 5640382, 'pilot'),
(202, 7776251, 'copilot'),
(202, 8111137, 'navigator'),
(202, 4125206, 'flight attendant'),
(202, 1861309, 'flight attendant'),
(202, 655380, 'flight attendant'),
(202, 4217559, 'flight attendant'),
(202, 1326977, 'flight attendant'),
(203, 3061029, 'pilot'),
(203, 452441, 'copilot'),
(203, 2710263, 'navigator'),
(203, 4125206, 'flight attendant'),
(203, 1861309, 'flight attendant'),
(203, 655380, 'flight attendant'),
(203, 4217559, 'flight attendant'),
(204, 5107118, 'pilot'),
(204, 3681834, 'copilot'),
(204, 8111137, 'navigator'),
(204, 4125206, 'flight attendant'),
(204, 1861309, 'flight attendant'),
(204, 655380, 'flight attendant'),
(205, 5640382, 'pilot'),
(205, 452441, 'copilot'),
(205, 8111137, 'navigator'),
(205, 4125206, 'flight attendant'),
(205, 1861309, 'flight attendant'),
(205, 655380, 'flight attendant'),
(205, 4217559, 'flight attendant'),
(206, 5640382, 'pilot'),
(206, 847529, 'copilot'),
(206, 2710263, 'navigator'),
(206, 4125206, 'flight attendant'),
(206, 1861309, 'flight attendant'),
(207, 5640382, 'pilot'),
(207, 3681834, 'copilot'),
(207, 1839763, 'navigator'),
(207, 4125206, 'flight attendant'),
(207, 1861309, 'flight attendant'),
(207, 655380, 'flight attendant'),
(207, 4217559, 'flight attendant'),
(208, 5107118, 'pilot'),
(208, 452441, 'copilot'),
(208, 1839763, 'navigator'),
(208, 4125206, 'flight attendant'),
(208, 1861309, 'flight attendant'),
(208, 655380, 'flight attendant'),
(209, 3620488, 'pilot'),
(209, 3681834, 'copilot'),
(209, 2710263, 'navigator'),
(209, 4125206, 'flight attendant'),
(209, 1861309, 'flight attendant'),
(210, 3620488, 'pilot'),
(210, 847529, 'copilot'),
(210, 3381451, 'navigator'),
(210, 4125206, 'flight attendant'),
(210, 1861309, 'flight attendant'),
(211, 6232635, 'pilot'),
(211, 452441, 'copilot'),
(211, 1839763, 'navigator'),
(211, 4125206, 'flight attendant'),
(211, 1861309, 'flight attendant'),
(212, 6232635, 'pilot'),
(212, 3681834, 'copilot'),
(212, 2710263, 'navigator'),
(212, 4125206, 'flight attendant'),
(212, 1861309, 'flight attendant'),
(213, 5640382, 'pilot'),
(213, 452441, 'copilot'),
(213, 1839763, 'navigator'),
(213, 4125206, 'flight attendant'),
(213, 1861309, 'flight attendant'),
(213, 655380, 'flight attendant'),
(214, 3620488, 'pilot'),
(214, 3681834, 'copilot'),
(214, 1839763, 'navigator'),
(214, 4125206, 'flight attendant'),
(214, 1861309, 'flight attendant'),
(214, 655380, 'flight attendant'),
(214, 4217559, 'flight attendant'),
(215, 3620488, 'pilot'),
(215, 847529, 'copilot'),
(215, 3381451, 'navigator'),
(215, 4125206, 'flight attendant'),
(215, 1861309, 'flight attendant'),
(216, 3620488, 'pilot'),
(216, 3681834, 'copilot'),
(216, 3381451, 'navigator'),
(216, 4125206, 'flight attendant'),
(216, 1861309, 'flight attendant'),
(216, 655380, 'flight attendant'),
(216, 4217559, 'flight attendant'),
(216, 1326977, 'flight attendant'),
(217, 3061029, 'pilot'),
(217, 452441, 'copilot'),
(217, 8111137, 'navigator'),
(217, 4125206, 'flight attendant'),
(217, 1861309, 'flight attendant'),
(217, 655380, 'flight attendant'),
(218, 3620488, 'pilot'),
(218, 7776251, 'copilot'),
(218, 1839763, 'navigator'),
(218, 4125206, 'flight attendant'),
(218, 1861309, 'flight attendant'),
(218, 655380, 'flight attendant'),
(218, 4217559, 'flight attendant'),
(218, 1326977, 'flight attendant'),
(219, 3620488, 'pilot'),
(219, 452441, 'copilot'),
(219, 3381451, 'navigator'),
(219, 4125206, 'flight attendant'),
(219, 1861309, 'flight attendant'),
(219, 655380, 'flight attendant'),
(219, 4217559, 'flight attendant'),
(219, 1326977, 'flight attendant'),
(220, 5107118, 'pilot'),
(220, 3681834, 'copilot'),
(220, 3381451, 'navigator'),
(220, 4125206, 'flight attendant'),
(220, 1861309, 'flight attendant'),
(220, 655380, 'flight attendant'),
(221, 3620488, 'pilot'),
(221, 7776251, 'copilot'),
(221, 8111137, 'navigator'),
(221, 4125206, 'flight attendant'),
(221, 1861309, 'flight attendant'),
(221, 655380, 'flight attendant'),
(221, 4217559, 'flight attendant'),
(222, 6232635, 'pilot'),
(222, 847529, 'copilot'),
(222, 1839763, 'navigator'),
(222, 4125206, 'flight attendant'),
(222, 1861309, 'flight attendant'),
(222, 655380, 'flight attendant'),
(223, 5640382, 'pilot'),
(223, 3681834, 'copilot'),
(223, 2710263, 'navigator'),
(223, 4125206, 'flight attendant'),
(223, 1861309, 'flight attendant'),
(223, 655380, 'flight attendant'),
(223, 4217559, 'flight attendant'),
(223, 1326977, 'flight attendant'),
(224, 5640382, 'pilot'),
(224, 3681834, 'copilot'),
(224, 8111137, 'navigator'),
(224, 4125206, 'flight attendant'),
(224, 1861309, 'flight attendant'),
(224, 655380, 'flight attendant'),
(224, 4217559, 'flight attendant'),
(225, 5107118, 'pilot'),
(225, 452441, 'copilot'),
(225, 8111137, 'navigator'),
(225, 4125206, 'flight attendant'),
(225, 1861309, 'flight attendant'),
(225, 655380, 'flight attendant'),
(225, 4217559, 'flight attendant'),
(225, 1326977, 'flight attendant'),
(226, 5640382, 'pilot'),
(226, 3681834, 'copilot'),
(226, 2710263, 'navigator'),
(226, 4125206, 'flight attendant'),
(226, 1861309, 'flight attendant'),
(226, 655380, 'flight attendant'),
(226, 4217559, 'flight attendant'),
(226, 1326977, 'flight attendant'),
(227, 6232635, 'pilot'),
(227, 452441, 'copilot'),
(227, 2710263, 'navigator'),
(227, 4125206, 'flight attendant'),
(227, 1861309, 'flight attendant'),
(227, 655380, 'flight attendant'),
(227, 4217559, 'flight attendant'),
(227, 1326977, 'flight attendant'),
(228, 3620488, 'pilot'),
(228, 3681834, 'copilot'),
(228, 1839763, 'navigator'),
(228, 4125206, 'flight attendant'),
(228, 1861309, 'flight attendant'),
(228, 655380, 'flight attendant'),
(229, 3620488, 'pilot'),
(229, 3681834, 'copilot'),
(229, 1839763, 'navigator'),
(229, 4125206, 'flight attendant'),
(229, 1861309, 'flight attendant'),
(229, 655380, 'flight attendant'),
(230, 3061029, 'pilot'),
(230, 3681834, 'copilot'),
(230, 1839763, 'navigator'),
(230, 4125206, 'flight attendant'),
(230, 1861309, 'flight attendant'),
(231, 5640382, 'pilot'),
(231, 3681834, 'copilot'),
(231, 1839763, 'navigator'),
(231, 4125206, 'flight attendant'),
(231, 1861309, 'flight attendant'),
(231, 655380, 'flight attendant'),
(231, 4217559, 'flight attendant'),
(231, 1326977, 'flight attendant'),
(232, 5107118, 'pilot'),
(232, 7776251, 'copilot'),
(232, 8111137, 'navigator'),
(232, 4125206, 'flight attendant'),
(232, 1861309, 'flight attendant'),
(233, 3620488, 'pilot'),
(233, 7776251, 'copilot'),
(233, 2710263, 'navigator'),
(233, 4125206, 'flight attendant'),
(233, 1861309, 'flight attendant'),
(233, 655380, 'flight attendant'),
(233, 4217559, 'flight attendant'),
(233, 1326977, 'flight attendant'),
(234, 3620488, 'pilot'),
(234, 3681834, 'copilot'),
(234, 8111137, 'navigator'),
(234, 4125206, 'flight attendant'),
(234, 1861309, 'flight attendant'),
(234, 655380, 'flight attendant'),
(235, 5640382, 'pilot'),
(235, 452441, 'copilot'),
(235, 3381451, 'navigator'),
(235, 4125206, 'flight attendant'),
(235, 1861309, 'flight attendant'),
(235, 655380, 'flight attendant'),
(235, 4217559, 'flight attendant'),
(236, 3620488, 'pilot'),
(236, 847529, 'copilot'),
(236, 8111137, 'navigator'),
(236, 4125206, 'flight attendant'),
(236, 1861309, 'flight attendant'),
(236, 655380, 'flight attendant'),
(236, 4217559, 'flight attendant'),
(237, 3620488, 'pilot'),
(237, 452441, 'copilot'),
(237, 1839763, 'navigator'),
(237, 4125206, 'flight attendant'),
(237, 1861309, 'flight attendant'),
(237, 655380, 'flight attendant'),
(237, 4217559, 'flight attendant'),
(238, 5640382, 'pilot'),
(238, 7776251, 'copilot'),
(238, 8111137, 'navigator'),
(238, 4125206, 'flight attendant'),
(238, 1861309, 'flight attendant'),
(238, 655380, 'flight attendant'),
(238, 4217559, 'flight attendant'),
(239, 5107118, 'pilot'),
(239, 847529, 'copilot'),
(239, 1839763, 'navigator'),
(239, 4125206, 'flight attendant'),
(239, 1861309, 'flight attendant'),
(239, 655380, 'flight attendant'),
(239, 4217559, 'flight attendant'),
(239, 1326977, 'flight attendant'),
(240, 3620488, 'pilot'),
(240, 7776251, 'copilot'),
(240, 8111137, 'navigator'),
(240, 4125206, 'flight attendant'),
(240, 1861309, 'flight attendant'),
(240, 655380, 'flight attendant'),
(240, 4217559, 'flight attendant'),
(241, 5107118, 'pilot'),
(241, 7776251, 'copilot'),
(241, 2710263, 'navigator'),
(241, 4125206, 'flight attendant'),
(241, 1861309, 'flight attendant'),
(241, 655380, 'flight attendant'),
(241, 4217559, 'flight attendant'),
(241, 1326977, 'flight attendant'),
(242, 5640382, 'pilot'),
(242, 3681834, 'copilot'),
(242, 8111137, 'navigator'),
(242, 4125206, 'flight attendant'),
(242, 1861309, 'flight attendant'),
(242, 655380, 'flight attendant'),
(242, 4217559, 'flight attendant'),
(243, 3061029, 'pilot'),
(243, 3681834, 'copilot'),
(243, 2710263, 'navigator'),
(243, 4125206, 'flight attendant'),
(243, 1861309, 'flight attendant'),
(243, 655380, 'flight attendant'),
(244, 5107118, 'pilot'),
(244, 3681834, 'copilot'),
(244, 8111137, 'navigator'),
(244, 4125206, 'flight attendant'),
(244, 1861309, 'flight attendant'),
(244, 655380, 'flight attendant'),
(245, 5107118, 'pilot'),
(245, 847529, 'copilot'),
(245, 2710263, 'navigator'),
(245, 4125206, 'flight attendant'),
(245, 1861309, 'flight attendant'),
(245, 655380, 'flight attendant'),
(245, 4217559, 'flight attendant'),
(245, 1326977, 'flight attendant'),
(246, 5640382, 'pilot'),
(246, 7776251, 'copilot'),
(246, 3381451, 'navigator'),
(246, 4125206, 'flight attendant'),
(246, 1861309, 'flight attendant'),
(246, 655380, 'flight attendant'),
(246, 4217559, 'flight attendant'),
(246, 1326977, 'flight attendant'),
(247, 6232635, 'pilot'),
(247, 3681834, 'copilot'),
(247, 2710263, 'navigator'),
(247, 4125206, 'flight attendant'),
(247, 1861309, 'flight attendant'),
(248, 6232635, 'pilot'),
(248, 847529, 'copilot'),
(248, 2710263, 'navigator'),
(248, 4125206, 'flight attendant'),
(248, 1861309, 'flight attendant'),
(248, 655380, 'flight attendant'),
(248, 4217559, 'flight attendant'),
(248, 1326977, 'flight attendant'),
(249, 3620488, 'pilot'),
(249, 3681834, 'copilot'),
(249, 2710263, 'navigator'),
(249, 4125206, 'flight attendant'),
(249, 1861309, 'flight attendant'),
(249, 655380, 'flight attendant'),
(250, 5107118, 'pilot'),
(250, 452441, 'copilot'),
(250, 3381451, 'navigator'),
(250, 4125206, 'flight attendant'),
(250, 1861309, 'flight attendant'),
(250, 655380, 'flight attendant');

INSERT INTO flightcrew_crewmember (crewID, faaNum, presentRole)
VALUES
(251, 5107118, 'pilot'),
(251, 847529, 'copilot'),
(251, 8111137, 'navigator'),
(251, 4125206, 'flight attendant'),
(251, 1861309, 'flight attendant'),
(251, 655380, 'flight attendant'),
(252, 6232635, 'pilot'),
(252, 847529, 'copilot'),
(252, 1839763, 'navigator'),
(252, 4125206, 'flight attendant'),
(252, 1861309, 'flight attendant'),
(252, 655380, 'flight attendant'),
(252, 4217559, 'flight attendant'),
(252, 1326977, 'flight attendant'),
(253, 3061029, 'pilot'),
(253, 452441, 'copilot'),
(253, 3381451, 'navigator'),
(253, 4125206, 'flight attendant'),
(253, 1861309, 'flight attendant'),
(253, 655380, 'flight attendant'),
(253, 4217559, 'flight attendant'),
(253, 1326977, 'flight attendant'),
(254, 3620488, 'pilot'),
(254, 3681834, 'copilot'),
(254, 2710263, 'navigator'),
(254, 4125206, 'flight attendant'),
(254, 1861309, 'flight attendant'),
(255, 5640382, 'pilot'),
(255, 7776251, 'copilot'),
(255, 3381451, 'navigator'),
(255, 4125206, 'flight attendant'),
(255, 1861309, 'flight attendant'),
(256, 3620488, 'pilot'),
(256, 452441, 'copilot'),
(256, 1839763, 'navigator'),
(256, 4125206, 'flight attendant'),
(256, 1861309, 'flight attendant'),
(256, 655380, 'flight attendant'),
(257, 6232635, 'pilot'),
(257, 7776251, 'copilot'),
(257, 2710263, 'navigator'),
(257, 4125206, 'flight attendant'),
(257, 1861309, 'flight attendant'),
(258, 5107118, 'pilot'),
(258, 3681834, 'copilot'),
(258, 2710263, 'navigator'),
(258, 4125206, 'flight attendant'),
(258, 1861309, 'flight attendant'),
(258, 655380, 'flight attendant'),
(258, 4217559, 'flight attendant'),
(259, 5640382, 'pilot'),
(259, 7776251, 'copilot'),
(259, 2710263, 'navigator'),
(259, 4125206, 'flight attendant'),
(259, 1861309, 'flight attendant'),
(259, 655380, 'flight attendant'),
(259, 4217559, 'flight attendant'),
(259, 1326977, 'flight attendant'),
(260, 3620488, 'pilot'),
(260, 847529, 'copilot'),
(260, 8111137, 'navigator'),
(260, 4125206, 'flight attendant'),
(260, 1861309, 'flight attendant'),
(260, 655380, 'flight attendant'),
(261, 6232635, 'pilot'),
(261, 452441, 'copilot'),
(261, 2710263, 'navigator'),
(261, 4125206, 'flight attendant'),
(261, 1861309, 'flight attendant'),
(261, 655380, 'flight attendant'),
(262, 3061029, 'pilot'),
(262, 7776251, 'copilot'),
(262, 3381451, 'navigator'),
(262, 4125206, 'flight attendant'),
(262, 1861309, 'flight attendant'),
(262, 655380, 'flight attendant'),
(263, 3620488, 'pilot'),
(263, 847529, 'copilot'),
(263, 8111137, 'navigator'),
(263, 4125206, 'flight attendant'),
(263, 1861309, 'flight attendant'),
(264, 5640382, 'pilot'),
(264, 7776251, 'copilot'),
(264, 1839763, 'navigator'),
(264, 4125206, 'flight attendant'),
(264, 1861309, 'flight attendant'),
(264, 655380, 'flight attendant'),
(265, 3620488, 'pilot'),
(265, 847529, 'copilot'),
(265, 2710263, 'navigator'),
(265, 4125206, 'flight attendant'),
(265, 1861309, 'flight attendant'),
(266, 3620488, 'pilot'),
(266, 7776251, 'copilot'),
(266, 3381451, 'navigator'),
(266, 4125206, 'flight attendant'),
(266, 1861309, 'flight attendant'),
(267, 5107118, 'pilot'),
(267, 452441, 'copilot'),
(267, 2710263, 'navigator'),
(267, 4125206, 'flight attendant'),
(267, 1861309, 'flight attendant'),
(267, 655380, 'flight attendant'),
(267, 4217559, 'flight attendant'),
(268, 5640382, 'pilot'),
(268, 452441, 'copilot'),
(268, 1839763, 'navigator'),
(268, 4125206, 'flight attendant'),
(268, 1861309, 'flight attendant'),
(268, 655380, 'flight attendant'),
(269, 6232635, 'pilot'),
(269, 7776251, 'copilot'),
(269, 1839763, 'navigator'),
(269, 4125206, 'flight attendant'),
(269, 1861309, 'flight attendant'),
(269, 655380, 'flight attendant'),
(269, 4217559, 'flight attendant'),
(269, 1326977, 'flight attendant'),
(270, 3620488, 'pilot'),
(270, 3681834, 'copilot'),
(270, 3381451, 'navigator'),
(270, 4125206, 'flight attendant'),
(270, 1861309, 'flight attendant'),
(270, 655380, 'flight attendant'),
(270, 4217559, 'flight attendant'),
(271, 5640382, 'pilot'),
(271, 7776251, 'copilot'),
(271, 2710263, 'navigator'),
(271, 4125206, 'flight attendant'),
(271, 1861309, 'flight attendant'),
(271, 655380, 'flight attendant'),
(271, 4217559, 'flight attendant'),
(272, 5107118, 'pilot'),
(272, 452441, 'copilot'),
(272, 3381451, 'navigator'),
(272, 4125206, 'flight attendant'),
(272, 1861309, 'flight attendant'),
(272, 655380, 'flight attendant'),
(272, 4217559, 'flight attendant'),
(272, 1326977, 'flight attendant'),
(273, 5107118, 'pilot'),
(273, 452441, 'copilot'),
(273, 3381451, 'navigator'),
(273, 4125206, 'flight attendant'),
(273, 1861309, 'flight attendant'),
(273, 655380, 'flight attendant'),
(273, 4217559, 'flight attendant'),
(273, 1326977, 'flight attendant'),
(274, 5640382, 'pilot'),
(274, 847529, 'copilot'),
(274, 1839763, 'navigator'),
(274, 4125206, 'flight attendant'),
(274, 1861309, 'flight attendant'),
(274, 655380, 'flight attendant'),
(275, 5107118, 'pilot'),
(275, 7776251, 'copilot'),
(275, 8111137, 'navigator'),
(275, 4125206, 'flight attendant'),
(275, 1861309, 'flight attendant'),
(275, 655380, 'flight attendant'),
(276, 6232635, 'pilot'),
(276, 7776251, 'copilot'),
(276, 1839763, 'navigator'),
(276, 4125206, 'flight attendant'),
(276, 1861309, 'flight attendant'),
(276, 655380, 'flight attendant'),
(277, 6232635, 'pilot'),
(277, 847529, 'copilot'),
(277, 1839763, 'navigator'),
(277, 4125206, 'flight attendant'),
(277, 1861309, 'flight attendant'),
(277, 655380, 'flight attendant'),
(277, 4217559, 'flight attendant'),
(277, 1326977, 'flight attendant'),
(278, 5107118, 'pilot'),
(278, 7776251, 'copilot'),
(278, 8111137, 'navigator'),
(278, 4125206, 'flight attendant'),
(278, 1861309, 'flight attendant'),
(278, 655380, 'flight attendant'),
(278, 4217559, 'flight attendant'),
(278, 1326977, 'flight attendant'),
(279, 5640382, 'pilot'),
(279, 847529, 'copilot'),
(279, 3381451, 'navigator'),
(279, 4125206, 'flight attendant'),
(279, 1861309, 'flight attendant'),
(279, 655380, 'flight attendant'),
(280, 3061029, 'pilot'),
(280, 452441, 'copilot'),
(280, 1839763, 'navigator'),
(280, 4125206, 'flight attendant'),
(280, 1861309, 'flight attendant'),
(280, 655380, 'flight attendant'),
(280, 4217559, 'flight attendant'),
(281, 3620488, 'pilot'),
(281, 452441, 'copilot'),
(281, 8111137, 'navigator'),
(281, 4125206, 'flight attendant'),
(281, 1861309, 'flight attendant'),
(281, 655380, 'flight attendant'),
(281, 4217559, 'flight attendant'),
(282, 5107118, 'pilot'),
(282, 847529, 'copilot'),
(282, 8111137, 'navigator'),
(282, 4125206, 'flight attendant'),
(282, 1861309, 'flight attendant'),
(283, 5107118, 'pilot'),
(283, 452441, 'copilot'),
(283, 3381451, 'navigator'),
(283, 4125206, 'flight attendant'),
(283, 1861309, 'flight attendant'),
(283, 655380, 'flight attendant'),
(283, 4217559, 'flight attendant'),
(284, 6232635, 'pilot'),
(284, 3681834, 'copilot'),
(284, 3381451, 'navigator'),
(284, 4125206, 'flight attendant'),
(284, 1861309, 'flight attendant'),
(284, 655380, 'flight attendant'),
(284, 4217559, 'flight attendant'),
(284, 1326977, 'flight attendant'),
(285, 5640382, 'pilot'),
(285, 452441, 'copilot'),
(285, 8111137, 'navigator'),
(285, 4125206, 'flight attendant'),
(285, 1861309, 'flight attendant'),
(285, 655380, 'flight attendant'),
(285, 4217559, 'flight attendant'),
(285, 1326977, 'flight attendant'),
(286, 3620488, 'pilot'),
(286, 847529, 'copilot'),
(286, 1839763, 'navigator'),
(286, 4125206, 'flight attendant'),
(286, 1861309, 'flight attendant'),
(286, 655380, 'flight attendant'),
(286, 4217559, 'flight attendant'),
(286, 1326977, 'flight attendant'),
(287, 3620488, 'pilot'),
(287, 7776251, 'copilot'),
(287, 2710263, 'navigator'),
(287, 4125206, 'flight attendant'),
(287, 1861309, 'flight attendant'),
(287, 655380, 'flight attendant'),
(287, 4217559, 'flight attendant'),
(288, 5640382, 'pilot'),
(288, 7776251, 'copilot'),
(288, 8111137, 'navigator'),
(288, 4125206, 'flight attendant'),
(288, 1861309, 'flight attendant'),
(288, 655380, 'flight attendant'),
(288, 4217559, 'flight attendant'),
(288, 1326977, 'flight attendant'),
(289, 3061029, 'pilot'),
(289, 847529, 'copilot'),
(289, 3381451, 'navigator'),
(289, 4125206, 'flight attendant'),
(289, 1861309, 'flight attendant'),
(289, 655380, 'flight attendant'),
(289, 4217559, 'flight attendant'),
(289, 1326977, 'flight attendant'),
(290, 5640382, 'pilot'),
(290, 847529, 'copilot'),
(290, 2710263, 'navigator'),
(290, 4125206, 'flight attendant'),
(290, 1861309, 'flight attendant'),
(290, 655380, 'flight attendant'),
(290, 4217559, 'flight attendant'),
(291, 3620488, 'pilot'),
(291, 3681834, 'copilot'),
(291, 1839763, 'navigator'),
(291, 4125206, 'flight attendant'),
(291, 1861309, 'flight attendant'),
(292, 5640382, 'pilot'),
(292, 847529, 'copilot'),
(292, 8111137, 'navigator'),
(292, 4125206, 'flight attendant'),
(292, 1861309, 'flight attendant'),
(292, 655380, 'flight attendant'),
(292, 4217559, 'flight attendant'),
(292, 1326977, 'flight attendant'),
(293, 5107118, 'pilot'),
(293, 7776251, 'copilot'),
(293, 8111137, 'navigator'),
(293, 4125206, 'flight attendant'),
(293, 1861309, 'flight attendant'),
(293, 655380, 'flight attendant'),
(294, 3061029, 'pilot'),
(294, 452441, 'copilot'),
(294, 1839763, 'navigator'),
(294, 4125206, 'flight attendant'),
(294, 1861309, 'flight attendant'),
(294, 655380, 'flight attendant'),
(295, 5640382, 'pilot'),
(295, 3681834, 'copilot'),
(295, 8111137, 'navigator'),
(295, 4125206, 'flight attendant'),
(295, 1861309, 'flight attendant'),
(295, 655380, 'flight attendant'),
(295, 4217559, 'flight attendant'),
(295, 1326977, 'flight attendant'),
(296, 6232635, 'pilot'),
(296, 7776251, 'copilot'),
(296, 3381451, 'navigator'),
(296, 4125206, 'flight attendant'),
(296, 1861309, 'flight attendant'),
(296, 655380, 'flight attendant'),
(297, 5107118, 'pilot'),
(297, 7776251, 'copilot'),
(297, 3381451, 'navigator'),
(297, 4125206, 'flight attendant'),
(297, 1861309, 'flight attendant'),
(297, 655380, 'flight attendant'),
(298, 3620488, 'pilot'),
(298, 3681834, 'copilot'),
(298, 2710263, 'navigator'),
(298, 4125206, 'flight attendant'),
(298, 1861309, 'flight attendant'),
(298, 655380, 'flight attendant'),
(299, 5640382, 'pilot'),
(299, 452441, 'copilot'),
(299, 8111137, 'navigator'),
(299, 4125206, 'flight attendant'),
(299, 1861309, 'flight attendant'),
(299, 655380, 'flight attendant'),
(300, 5640382, 'pilot'),
(300, 7776251, 'copilot'),
(300, 2710263, 'navigator'),
(300, 4125206, 'flight attendant'),
(300, 1861309, 'flight attendant'),
(300, 655380, 'flight attendant'),
(300, 4217559, 'flight attendant'),
(300, 1326977, 'flight attendant'),
(301, 3061029, 'pilot'),
(301, 452441, 'copilot'),
(301, 2710263, 'navigator'),
(301, 4125206, 'flight attendant'),
(301, 1861309, 'flight attendant'),
(301, 655380, 'flight attendant'),
(301, 4217559, 'flight attendant'),
(302, 5107118, 'pilot'),
(302, 847529, 'copilot'),
(302, 3381451, 'navigator'),
(302, 4125206, 'flight attendant'),
(302, 1861309, 'flight attendant'),
(302, 655380, 'flight attendant'),
(303, 5107118, 'pilot'),
(303, 452441, 'copilot'),
(303, 3381451, 'navigator'),
(303, 4125206, 'flight attendant'),
(303, 1861309, 'flight attendant'),
(304, 5107118, 'pilot'),
(304, 3681834, 'copilot'),
(304, 1839763, 'navigator'),
(304, 4125206, 'flight attendant'),
(304, 1861309, 'flight attendant'),
(304, 655380, 'flight attendant'),
(304, 4217559, 'flight attendant'),
(305, 5640382, 'pilot'),
(305, 847529, 'copilot'),
(305, 8111137, 'navigator'),
(305, 4125206, 'flight attendant'),
(305, 1861309, 'flight attendant'),
(305, 655380, 'flight attendant'),
(305, 4217559, 'flight attendant'),
(305, 1326977, 'flight attendant'),
(306, 3061029, 'pilot'),
(306, 3681834, 'copilot'),
(306, 8111137, 'navigator'),
(306, 4125206, 'flight attendant'),
(306, 1861309, 'flight attendant'),
(306, 655380, 'flight attendant'),
(307, 5107118, 'pilot'),
(307, 3681834, 'copilot'),
(307, 1839763, 'navigator'),
(307, 4125206, 'flight attendant'),
(307, 1861309, 'flight attendant'),
(308, 3620488, 'pilot'),
(308, 7776251, 'copilot'),
(308, 2710263, 'navigator'),
(308, 4125206, 'flight attendant'),
(308, 1861309, 'flight attendant'),
(308, 655380, 'flight attendant'),
(308, 4217559, 'flight attendant'),
(308, 1326977, 'flight attendant'),
(309, 5107118, 'pilot'),
(309, 847529, 'copilot'),
(309, 1839763, 'navigator'),
(309, 4125206, 'flight attendant'),
(309, 1861309, 'flight attendant'),
(309, 655380, 'flight attendant'),
(310, 3620488, 'pilot'),
(310, 847529, 'copilot'),
(310, 2710263, 'navigator'),
(310, 4125206, 'flight attendant'),
(310, 1861309, 'flight attendant'),
(311, 6232635, 'pilot'),
(311, 452441, 'copilot'),
(311, 3381451, 'navigator'),
(311, 4125206, 'flight attendant'),
(311, 1861309, 'flight attendant'),
(311, 655380, 'flight attendant'),
(311, 4217559, 'flight attendant'),
(311, 1326977, 'flight attendant'),
(312, 6232635, 'pilot'),
(312, 847529, 'copilot'),
(312, 1839763, 'navigator'),
(312, 4125206, 'flight attendant'),
(312, 1861309, 'flight attendant'),
(312, 655380, 'flight attendant'),
(312, 4217559, 'flight attendant'),
(312, 1326977, 'flight attendant'),
(313, 3620488, 'pilot'),
(313, 3681834, 'copilot'),
(313, 2710263, 'navigator'),
(313, 4125206, 'flight attendant'),
(313, 1861309, 'flight attendant'),
(314, 6232635, 'pilot'),
(314, 7776251, 'copilot'),
(314, 1839763, 'navigator'),
(314, 4125206, 'flight attendant'),
(314, 1861309, 'flight attendant'),
(314, 655380, 'flight attendant'),
(314, 4217559, 'flight attendant'),
(314, 1326977, 'flight attendant'),
(315, 3620488, 'pilot'),
(315, 3681834, 'copilot'),
(315, 8111137, 'navigator'),
(315, 4125206, 'flight attendant'),
(315, 1861309, 'flight attendant'),
(316, 5107118, 'pilot'),
(316, 452441, 'copilot'),
(316, 1839763, 'navigator'),
(316, 4125206, 'flight attendant'),
(316, 1861309, 'flight attendant'),
(316, 655380, 'flight attendant'),
(316, 4217559, 'flight attendant'),
(316, 1326977, 'flight attendant'),
(317, 6232635, 'pilot'),
(317, 847529, 'copilot'),
(317, 3381451, 'navigator'),
(317, 4125206, 'flight attendant'),
(317, 1861309, 'flight attendant'),
(318, 5107118, 'pilot'),
(318, 7776251, 'copilot'),
(318, 1839763, 'navigator'),
(318, 4125206, 'flight attendant'),
(318, 1861309, 'flight attendant'),
(318, 655380, 'flight attendant'),
(318, 4217559, 'flight attendant'),
(318, 1326977, 'flight attendant'),
(319, 5640382, 'pilot'),
(319, 847529, 'copilot'),
(319, 8111137, 'navigator'),
(319, 4125206, 'flight attendant'),
(319, 1861309, 'flight attendant'),
(319, 655380, 'flight attendant'),
(319, 4217559, 'flight attendant'),
(319, 1326977, 'flight attendant'),
(320, 3061029, 'pilot'),
(320, 3681834, 'copilot'),
(320, 1839763, 'navigator'),
(320, 4125206, 'flight attendant'),
(320, 1861309, 'flight attendant'),
(321, 5107118, 'pilot'),
(321, 847529, 'copilot'),
(321, 2710263, 'navigator'),
(321, 4125206, 'flight attendant'),
(321, 1861309, 'flight attendant'),
(321, 655380, 'flight attendant'),
(321, 4217559, 'flight attendant'),
(322, 6232635, 'pilot'),
(322, 7776251, 'copilot'),
(322, 1839763, 'navigator'),
(322, 4125206, 'flight attendant'),
(322, 1861309, 'flight attendant'),
(322, 655380, 'flight attendant'),
(322, 4217559, 'flight attendant'),
(323, 6232635, 'pilot'),
(323, 847529, 'copilot'),
(323, 2710263, 'navigator'),
(323, 4125206, 'flight attendant'),
(323, 1861309, 'flight attendant'),
(324, 5107118, 'pilot'),
(324, 452441, 'copilot'),
(324, 8111137, 'navigator'),
(324, 4125206, 'flight attendant'),
(324, 1861309, 'flight attendant'),
(324, 655380, 'flight attendant'),
(325, 6232635, 'pilot'),
(325, 7776251, 'copilot'),
(325, 1839763, 'navigator'),
(325, 4125206, 'flight attendant'),
(325, 1861309, 'flight attendant'),
(325, 655380, 'flight attendant'),
(325, 4217559, 'flight attendant'),
(325, 1326977, 'flight attendant'),
(326, 5107118, 'pilot'),
(326, 7776251, 'copilot'),
(326, 8111137, 'navigator'),
(326, 4125206, 'flight attendant'),
(326, 1861309, 'flight attendant'),
(326, 655380, 'flight attendant'),
(326, 4217559, 'flight attendant'),
(327, 6232635, 'pilot'),
(327, 3681834, 'copilot'),
(327, 1839763, 'navigator'),
(327, 4125206, 'flight attendant'),
(327, 1861309, 'flight attendant'),
(327, 655380, 'flight attendant'),
(328, 6232635, 'pilot'),
(328, 7776251, 'copilot'),
(328, 3381451, 'navigator'),
(328, 4125206, 'flight attendant'),
(328, 1861309, 'flight attendant'),
(328, 655380, 'flight attendant'),
(329, 6232635, 'pilot'),
(329, 452441, 'copilot'),
(329, 1839763, 'navigator'),
(329, 4125206, 'flight attendant'),
(329, 1861309, 'flight attendant'),
(329, 655380, 'flight attendant'),
(330, 5107118, 'pilot'),
(330, 3681834, 'copilot'),
(330, 3381451, 'navigator'),
(330, 4125206, 'flight attendant'),
(330, 1861309, 'flight attendant'),
(331, 3061029, 'pilot'),
(331, 3681834, 'copilot'),
(331, 2710263, 'navigator'),
(331, 4125206, 'flight attendant'),
(331, 1861309, 'flight attendant'),
(331, 655380, 'flight attendant'),
(331, 4217559, 'flight attendant'),
(331, 1326977, 'flight attendant'),
(332, 5640382, 'pilot'),
(332, 3681834, 'copilot'),
(332, 1839763, 'navigator'),
(332, 4125206, 'flight attendant'),
(332, 1861309, 'flight attendant'),
(333, 3620488, 'pilot'),
(333, 7776251, 'copilot'),
(333, 1839763, 'navigator'),
(333, 4125206, 'flight attendant'),
(333, 1861309, 'flight attendant'),
(333, 655380, 'flight attendant'),
(334, 5640382, 'pilot'),
(334, 3681834, 'copilot'),
(334, 2710263, 'navigator'),
(334, 4125206, 'flight attendant'),
(334, 1861309, 'flight attendant'),
(335, 5107118, 'pilot'),
(335, 3681834, 'copilot'),
(335, 3381451, 'navigator'),
(335, 4125206, 'flight attendant'),
(335, 1861309, 'flight attendant'),
(335, 655380, 'flight attendant'),
(335, 4217559, 'flight attendant'),
(336, 5640382, 'pilot'),
(336, 452441, 'copilot'),
(336, 8111137, 'navigator'),
(336, 4125206, 'flight attendant'),
(336, 1861309, 'flight attendant'),
(336, 655380, 'flight attendant'),
(337, 3061029, 'pilot'),
(337, 847529, 'copilot'),
(337, 1839763, 'navigator'),
(337, 4125206, 'flight attendant'),
(337, 1861309, 'flight attendant'),
(337, 655380, 'flight attendant'),
(337, 4217559, 'flight attendant'),
(337, 1326977, 'flight attendant'),
(338, 3061029, 'pilot'),
(338, 847529, 'copilot'),
(338, 2710263, 'navigator'),
(338, 4125206, 'flight attendant'),
(338, 1861309, 'flight attendant'),
(338, 655380, 'flight attendant'),
(338, 4217559, 'flight attendant'),
(339, 3620488, 'pilot'),
(339, 7776251, 'copilot'),
(339, 8111137, 'navigator'),
(339, 4125206, 'flight attendant'),
(339, 1861309, 'flight attendant'),
(340, 6232635, 'pilot'),
(340, 847529, 'copilot'),
(340, 2710263, 'navigator'),
(340, 4125206, 'flight attendant'),
(340, 1861309, 'flight attendant'),
(340, 655380, 'flight attendant'),
(340, 4217559, 'flight attendant'),
(340, 1326977, 'flight attendant'),
(341, 5640382, 'pilot'),
(341, 452441, 'copilot'),
(341, 8111137, 'navigator'),
(341, 4125206, 'flight attendant'),
(341, 1861309, 'flight attendant'),
(341, 655380, 'flight attendant'),
(341, 4217559, 'flight attendant'),
(342, 5640382, 'pilot'),
(342, 7776251, 'copilot'),
(342, 1839763, 'navigator'),
(342, 4125206, 'flight attendant'),
(342, 1861309, 'flight attendant'),
(343, 6232635, 'pilot'),
(343, 3681834, 'copilot'),
(343, 3381451, 'navigator'),
(343, 4125206, 'flight attendant'),
(343, 1861309, 'flight attendant'),
(343, 655380, 'flight attendant'),
(343, 4217559, 'flight attendant'),
(344, 3620488, 'pilot'),
(344, 847529, 'copilot'),
(344, 8111137, 'navigator'),
(344, 4125206, 'flight attendant'),
(344, 1861309, 'flight attendant'),
(344, 655380, 'flight attendant'),
(344, 4217559, 'flight attendant'),
(344, 1326977, 'flight attendant'),
(345, 5107118, 'pilot'),
(345, 452441, 'copilot'),
(345, 8111137, 'navigator'),
(345, 4125206, 'flight attendant'),
(345, 1861309, 'flight attendant'),
(345, 655380, 'flight attendant'),
(345, 4217559, 'flight attendant'),
(346, 3061029, 'pilot'),
(346, 3681834, 'copilot'),
(346, 2710263, 'navigator'),
(346, 4125206, 'flight attendant'),
(346, 1861309, 'flight attendant'),
(346, 655380, 'flight attendant'),
(347, 3620488, 'pilot'),
(347, 452441, 'copilot'),
(347, 2710263, 'navigator'),
(347, 4125206, 'flight attendant'),
(347, 1861309, 'flight attendant'),
(347, 655380, 'flight attendant'),
(347, 4217559, 'flight attendant'),
(347, 1326977, 'flight attendant'),
(348, 3620488, 'pilot'),
(348, 3681834, 'copilot'),
(348, 2710263, 'navigator'),
(348, 4125206, 'flight attendant'),
(348, 1861309, 'flight attendant'),
(348, 655380, 'flight attendant'),
(349, 5640382, 'pilot'),
(349, 847529, 'copilot'),
(349, 8111137, 'navigator'),
(349, 4125206, 'flight attendant'),
(349, 1861309, 'flight attendant'),
(350, 5640382, 'pilot'),
(350, 847529, 'copilot'),
(350, 2710263, 'navigator'),
(350, 4125206, 'flight attendant'),
(350, 1861309, 'flight attendant'),
(351, 5107118, 'pilot'),
(351, 3681834, 'copilot'),
(351, 2710263, 'navigator'),
(351, 4125206, 'flight attendant'),
(351, 1861309, 'flight attendant'),
(351, 655380, 'flight attendant'),
(351, 4217559, 'flight attendant'),
(352, 5107118, 'pilot'),
(352, 7776251, 'copilot'),
(352, 2710263, 'navigator'),
(352, 4125206, 'flight attendant'),
(352, 1861309, 'flight attendant'),
(352, 655380, 'flight attendant'),
(352, 4217559, 'flight attendant'),
(352, 1326977, 'flight attendant'),
(353, 3620488, 'pilot'),
(353, 3681834, 'copilot'),
(353, 1839763, 'navigator'),
(353, 4125206, 'flight attendant'),
(353, 1861309, 'flight attendant'),
(353, 655380, 'flight attendant'),
(354, 3620488, 'pilot'),
(354, 3681834, 'copilot'),
(354, 3381451, 'navigator'),
(354, 4125206, 'flight attendant'),
(354, 1861309, 'flight attendant'),
(354, 655380, 'flight attendant'),
(355, 5640382, 'pilot'),
(355, 452441, 'copilot'),
(355, 1839763, 'navigator'),
(355, 4125206, 'flight attendant'),
(355, 1861309, 'flight attendant'),
(355, 655380, 'flight attendant'),
(355, 4217559, 'flight attendant'),
(355, 1326977, 'flight attendant'),
(356, 5107118, 'pilot'),
(356, 3681834, 'copilot'),
(356, 3381451, 'navigator'),
(356, 4125206, 'flight attendant'),
(356, 1861309, 'flight attendant'),
(357, 5640382, 'pilot'),
(357, 3681834, 'copilot'),
(357, 2710263, 'navigator'),
(357, 4125206, 'flight attendant'),
(357, 1861309, 'flight attendant'),
(357, 655380, 'flight attendant'),
(358, 3620488, 'pilot'),
(358, 847529, 'copilot'),
(358, 2710263, 'navigator'),
(358, 4125206, 'flight attendant'),
(358, 1861309, 'flight attendant'),
(358, 655380, 'flight attendant'),
(358, 4217559, 'flight attendant'),
(359, 5107118, 'pilot'),
(359, 847529, 'copilot'),
(359, 8111137, 'navigator'),
(359, 4125206, 'flight attendant'),
(359, 1861309, 'flight attendant'),
(359, 655380, 'flight attendant'),
(359, 4217559, 'flight attendant'),
(359, 1326977, 'flight attendant'),
(360, 5107118, 'pilot'),
(360, 7776251, 'copilot'),
(360, 8111137, 'navigator'),
(360, 4125206, 'flight attendant'),
(360, 1861309, 'flight attendant'),
(360, 655380, 'flight attendant'),
(360, 4217559, 'flight attendant'),
(361, 5640382, 'pilot'),
(361, 847529, 'copilot'),
(361, 3381451, 'navigator'),
(361, 4125206, 'flight attendant'),
(361, 1861309, 'flight attendant'),
(361, 655380, 'flight attendant'),
(361, 4217559, 'flight attendant'),
(361, 1326977, 'flight attendant'),
(362, 5640382, 'pilot'),
(362, 452441, 'copilot'),
(362, 1839763, 'navigator'),
(362, 4125206, 'flight attendant'),
(362, 1861309, 'flight attendant'),
(362, 655380, 'flight attendant'),
(363, 6232635, 'pilot'),
(363, 7776251, 'copilot'),
(363, 3381451, 'navigator'),
(363, 4125206, 'flight attendant'),
(363, 1861309, 'flight attendant'),
(363, 655380, 'flight attendant'),
(363, 4217559, 'flight attendant'),
(363, 1326977, 'flight attendant'),
(364, 5107118, 'pilot'),
(364, 847529, 'copilot'),
(364, 1839763, 'navigator'),
(364, 4125206, 'flight attendant'),
(364, 1861309, 'flight attendant'),
(364, 655380, 'flight attendant'),
(365, 6232635, 'pilot'),
(365, 3681834, 'copilot'),
(365, 2710263, 'navigator'),
(365, 4125206, 'flight attendant'),
(365, 1861309, 'flight attendant'),
(365, 655380, 'flight attendant'),
(365, 4217559, 'flight attendant'),
(366, 5640382, 'pilot'),
(366, 3681834, 'copilot'),
(366, 1839763, 'navigator'),
(366, 4125206, 'flight attendant'),
(366, 1861309, 'flight attendant'),
(366, 655380, 'flight attendant'),
(366, 4217559, 'flight attendant'),
(366, 1326977, 'flight attendant'),
(367, 5640382, 'pilot'),
(367, 7776251, 'copilot'),
(367, 8111137, 'navigator'),
(367, 4125206, 'flight attendant'),
(367, 1861309, 'flight attendant'),
(367, 655380, 'flight attendant'),
(368, 5640382, 'pilot'),
(368, 452441, 'copilot'),
(368, 3381451, 'navigator'),
(368, 4125206, 'flight attendant'),
(368, 1861309, 'flight attendant'),
(368, 655380, 'flight attendant'),
(369, 5107118, 'pilot'),
(369, 847529, 'copilot'),
(369, 3381451, 'navigator'),
(369, 4125206, 'flight attendant'),
(369, 1861309, 'flight attendant'),
(370, 3620488, 'pilot'),
(370, 452441, 'copilot'),
(370, 8111137, 'navigator'),
(370, 4125206, 'flight attendant'),
(370, 1861309, 'flight attendant'),
(370, 655380, 'flight attendant'),
(370, 4217559, 'flight attendant'),
(370, 1326977, 'flight attendant'),
(371, 3061029, 'pilot'),
(371, 7776251, 'copilot'),
(371, 1839763, 'navigator'),
(371, 4125206, 'flight attendant'),
(371, 1861309, 'flight attendant'),
(371, 655380, 'flight attendant'),
(372, 5640382, 'pilot'),
(372, 7776251, 'copilot'),
(372, 1839763, 'navigator'),
(372, 4125206, 'flight attendant'),
(372, 1861309, 'flight attendant'),
(372, 655380, 'flight attendant'),
(373, 3620488, 'pilot'),
(373, 452441, 'copilot'),
(373, 3381451, 'navigator'),
(373, 4125206, 'flight attendant'),
(373, 1861309, 'flight attendant'),
(373, 655380, 'flight attendant'),
(373, 4217559, 'flight attendant'),
(373, 1326977, 'flight attendant'),
(374, 3061029, 'pilot'),
(374, 452441, 'copilot'),
(374, 8111137, 'navigator'),
(374, 4125206, 'flight attendant'),
(374, 1861309, 'flight attendant'),
(374, 655380, 'flight attendant'),
(374, 4217559, 'flight attendant'),
(375, 3061029, 'pilot'),
(375, 7776251, 'copilot'),
(375, 3381451, 'navigator'),
(375, 4125206, 'flight attendant'),
(375, 1861309, 'flight attendant'),
(375, 655380, 'flight attendant'),
(375, 4217559, 'flight attendant'),
(376, 3620488, 'pilot'),
(376, 7776251, 'copilot'),
(376, 3381451, 'navigator'),
(376, 4125206, 'flight attendant'),
(376, 1861309, 'flight attendant'),
(376, 655380, 'flight attendant'),
(376, 4217559, 'flight attendant'),
(377, 3620488, 'pilot'),
(377, 3681834, 'copilot'),
(377, 8111137, 'navigator'),
(377, 4125206, 'flight attendant'),
(377, 1861309, 'flight attendant'),
(377, 655380, 'flight attendant'),
(378, 5640382, 'pilot'),
(378, 3681834, 'copilot'),
(378, 2710263, 'navigator'),
(378, 4125206, 'flight attendant'),
(378, 1861309, 'flight attendant'),
(378, 655380, 'flight attendant'),
(378, 4217559, 'flight attendant'),
(378, 1326977, 'flight attendant'),
(379, 5107118, 'pilot'),
(379, 847529, 'copilot'),
(379, 2710263, 'navigator'),
(379, 4125206, 'flight attendant'),
(379, 1861309, 'flight attendant'),
(379, 655380, 'flight attendant'),
(379, 4217559, 'flight attendant'),
(380, 3061029, 'pilot'),
(380, 3681834, 'copilot'),
(380, 3381451, 'navigator'),
(380, 4125206, 'flight attendant'),
(380, 1861309, 'flight attendant'),
(380, 655380, 'flight attendant'),
(380, 4217559, 'flight attendant'),
(381, 5107118, 'pilot'),
(381, 847529, 'copilot'),
(381, 3381451, 'navigator'),
(381, 4125206, 'flight attendant'),
(381, 1861309, 'flight attendant'),
(382, 3620488, 'pilot'),
(382, 3681834, 'copilot'),
(382, 3381451, 'navigator'),
(382, 4125206, 'flight attendant'),
(382, 1861309, 'flight attendant'),
(382, 655380, 'flight attendant'),
(383, 3620488, 'pilot'),
(383, 452441, 'copilot'),
(383, 3381451, 'navigator'),
(383, 4125206, 'flight attendant'),
(383, 1861309, 'flight attendant'),
(383, 655380, 'flight attendant'),
(383, 4217559, 'flight attendant'),
(383, 1326977, 'flight attendant'),
(384, 5640382, 'pilot'),
(384, 7776251, 'copilot'),
(384, 3381451, 'navigator'),
(384, 4125206, 'flight attendant'),
(384, 1861309, 'flight attendant'),
(384, 655380, 'flight attendant'),
(384, 4217559, 'flight attendant'),
(384, 1326977, 'flight attendant'),
(385, 3620488, 'pilot'),
(385, 3681834, 'copilot'),
(385, 8111137, 'navigator'),
(385, 4125206, 'flight attendant'),
(385, 1861309, 'flight attendant'),
(386, 5107118, 'pilot'),
(386, 3681834, 'copilot'),
(386, 2710263, 'navigator'),
(386, 4125206, 'flight attendant'),
(386, 1861309, 'flight attendant'),
(386, 655380, 'flight attendant'),
(386, 4217559, 'flight attendant'),
(387, 3061029, 'pilot'),
(387, 847529, 'copilot'),
(387, 2710263, 'navigator'),
(387, 4125206, 'flight attendant'),
(387, 1861309, 'flight attendant'),
(388, 3061029, 'pilot'),
(388, 452441, 'copilot'),
(388, 2710263, 'navigator'),
(388, 4125206, 'flight attendant'),
(388, 1861309, 'flight attendant'),
(389, 3620488, 'pilot'),
(389, 452441, 'copilot'),
(389, 1839763, 'navigator'),
(389, 4125206, 'flight attendant'),
(389, 1861309, 'flight attendant'),
(389, 655380, 'flight attendant'),
(389, 4217559, 'flight attendant'),
(390, 6232635, 'pilot'),
(390, 7776251, 'copilot'),
(390, 2710263, 'navigator'),
(390, 4125206, 'flight attendant'),
(390, 1861309, 'flight attendant'),
(390, 655380, 'flight attendant'),
(391, 5640382, 'pilot'),
(391, 452441, 'copilot'),
(391, 3381451, 'navigator'),
(391, 4125206, 'flight attendant'),
(391, 1861309, 'flight attendant'),
(391, 655380, 'flight attendant'),
(391, 4217559, 'flight attendant'),
(392, 3620488, 'pilot'),
(392, 3681834, 'copilot'),
(392, 3381451, 'navigator'),
(392, 4125206, 'flight attendant'),
(392, 1861309, 'flight attendant'),
(392, 655380, 'flight attendant'),
(392, 4217559, 'flight attendant'),
(393, 6232635, 'pilot'),
(393, 7776251, 'copilot'),
(393, 1839763, 'navigator'),
(393, 4125206, 'flight attendant'),
(393, 1861309, 'flight attendant'),
(393, 655380, 'flight attendant'),
(394, 5107118, 'pilot'),
(394, 7776251, 'copilot'),
(394, 1839763, 'navigator'),
(394, 4125206, 'flight attendant'),
(394, 1861309, 'flight attendant'),
(394, 655380, 'flight attendant'),
(394, 4217559, 'flight attendant'),
(394, 1326977, 'flight attendant'),
(395, 5640382, 'pilot'),
(395, 847529, 'copilot'),
(395, 3381451, 'navigator'),
(395, 4125206, 'flight attendant'),
(395, 1861309, 'flight attendant'),
(396, 5640382, 'pilot'),
(396, 452441, 'copilot'),
(396, 3381451, 'navigator'),
(396, 4125206, 'flight attendant'),
(396, 1861309, 'flight attendant'),
(396, 655380, 'flight attendant'),
(397, 5107118, 'pilot'),
(397, 7776251, 'copilot'),
(397, 2710263, 'navigator'),
(397, 4125206, 'flight attendant'),
(397, 1861309, 'flight attendant'),
(398, 3620488, 'pilot'),
(398, 3681834, 'copilot'),
(398, 1839763, 'navigator'),
(398, 4125206, 'flight attendant'),
(398, 1861309, 'flight attendant'),
(398, 655380, 'flight attendant'),
(399, 6232635, 'pilot'),
(399, 3681834, 'copilot'),
(399, 2710263, 'navigator'),
(399, 4125206, 'flight attendant'),
(399, 1861309, 'flight attendant'),
(399, 655380, 'flight attendant'),
(399, 4217559, 'flight attendant'),
(399, 1326977, 'flight attendant'),
(400, 5107118, 'pilot'),
(400, 452441, 'copilot'),
(400, 3381451, 'navigator'),
(400, 4125206, 'flight attendant'),
(400, 1861309, 'flight attendant'),
(400, 655380, 'flight attendant'),
(400, 4217559, 'flight attendant'),
(401, 3061029, 'pilot'),
(401, 452441, 'copilot'),
(401, 1839763, 'navigator'),
(401, 4125206, 'flight attendant'),
(401, 1861309, 'flight attendant'),
(402, 5107118, 'pilot'),
(402, 7776251, 'copilot'),
(402, 3381451, 'navigator'),
(402, 4125206, 'flight attendant'),
(402, 1861309, 'flight attendant'),
(402, 655380, 'flight attendant'),
(402, 4217559, 'flight attendant'),
(402, 1326977, 'flight attendant'),
(403, 3620488, 'pilot'),
(403, 7776251, 'copilot'),
(403, 3381451, 'navigator'),
(403, 4125206, 'flight attendant'),
(403, 1861309, 'flight attendant'),
(404, 5640382, 'pilot'),
(404, 7776251, 'copilot'),
(404, 2710263, 'navigator'),
(404, 4125206, 'flight attendant'),
(404, 1861309, 'flight attendant'),
(405, 6232635, 'pilot'),
(405, 452441, 'copilot'),
(405, 3381451, 'navigator'),
(405, 4125206, 'flight attendant'),
(405, 1861309, 'flight attendant'),
(405, 655380, 'flight attendant'),
(406, 5107118, 'pilot'),
(406, 3681834, 'copilot'),
(406, 3381451, 'navigator'),
(406, 4125206, 'flight attendant'),
(406, 1861309, 'flight attendant'),
(406, 655380, 'flight attendant'),
(406, 4217559, 'flight attendant'),
(406, 1326977, 'flight attendant'),
(407, 5107118, 'pilot'),
(407, 452441, 'copilot'),
(407, 8111137, 'navigator'),
(407, 4125206, 'flight attendant'),
(407, 1861309, 'flight attendant'),
(408, 3061029, 'pilot'),
(408, 452441, 'copilot'),
(408, 3381451, 'navigator'),
(408, 4125206, 'flight attendant'),
(408, 1861309, 'flight attendant'),
(408, 655380, 'flight attendant'),
(408, 4217559, 'flight attendant'),
(409, 3061029, 'pilot'),
(409, 7776251, 'copilot'),
(409, 2710263, 'navigator'),
(409, 4125206, 'flight attendant'),
(409, 1861309, 'flight attendant'),
(410, 5640382, 'pilot'),
(410, 7776251, 'copilot'),
(410, 1839763, 'navigator'),
(410, 4125206, 'flight attendant'),
(410, 1861309, 'flight attendant'),
(411, 3061029, 'pilot'),
(411, 3681834, 'copilot'),
(411, 8111137, 'navigator'),
(411, 4125206, 'flight attendant'),
(411, 1861309, 'flight attendant'),
(411, 655380, 'flight attendant'),
(411, 4217559, 'flight attendant'),
(411, 1326977, 'flight attendant'),
(412, 5640382, 'pilot'),
(412, 452441, 'copilot'),
(412, 8111137, 'navigator'),
(412, 4125206, 'flight attendant'),
(412, 1861309, 'flight attendant'),
(412, 655380, 'flight attendant'),
(413, 5640382, 'pilot'),
(413, 452441, 'copilot'),
(413, 1839763, 'navigator'),
(413, 4125206, 'flight attendant'),
(413, 1861309, 'flight attendant'),
(413, 655380, 'flight attendant'),
(413, 4217559, 'flight attendant'),
(414, 3620488, 'pilot'),
(414, 847529, 'copilot'),
(414, 2710263, 'navigator'),
(414, 4125206, 'flight attendant'),
(414, 1861309, 'flight attendant'),
(414, 655380, 'flight attendant'),
(414, 4217559, 'flight attendant'),
(414, 1326977, 'flight attendant'),
(415, 5640382, 'pilot'),
(415, 847529, 'copilot'),
(415, 2710263, 'navigator'),
(415, 4125206, 'flight attendant'),
(415, 1861309, 'flight attendant'),
(415, 655380, 'flight attendant'),
(415, 4217559, 'flight attendant'),
(416, 6232635, 'pilot'),
(416, 847529, 'copilot'),
(416, 8111137, 'navigator'),
(416, 4125206, 'flight attendant'),
(416, 1861309, 'flight attendant'),
(416, 655380, 'flight attendant'),
(416, 4217559, 'flight attendant'),
(417, 5107118, 'pilot'),
(417, 3681834, 'copilot'),
(417, 1839763, 'navigator'),
(417, 4125206, 'flight attendant'),
(417, 1861309, 'flight attendant'),
(417, 655380, 'flight attendant'),
(417, 4217559, 'flight attendant'),
(417, 1326977, 'flight attendant'),
(418, 3061029, 'pilot'),
(418, 3681834, 'copilot'),
(418, 3381451, 'navigator'),
(418, 4125206, 'flight attendant'),
(418, 1861309, 'flight attendant'),
(418, 655380, 'flight attendant'),
(419, 6232635, 'pilot'),
(419, 452441, 'copilot'),
(419, 1839763, 'navigator'),
(419, 4125206, 'flight attendant'),
(419, 1861309, 'flight attendant'),
(419, 655380, 'flight attendant'),
(420, 3620488, 'pilot'),
(420, 3681834, 'copilot'),
(420, 1839763, 'navigator'),
(420, 4125206, 'flight attendant'),
(420, 1861309, 'flight attendant'),
(420, 655380, 'flight attendant'),
(420, 4217559, 'flight attendant'),
(421, 3061029, 'pilot'),
(421, 7776251, 'copilot'),
(421, 8111137, 'navigator'),
(421, 4125206, 'flight attendant'),
(421, 1861309, 'flight attendant'),
(421, 655380, 'flight attendant'),
(421, 4217559, 'flight attendant'),
(422, 6232635, 'pilot'),
(422, 7776251, 'copilot'),
(422, 2710263, 'navigator'),
(422, 4125206, 'flight attendant'),
(422, 1861309, 'flight attendant'),
(422, 655380, 'flight attendant'),
(422, 4217559, 'flight attendant'),
(423, 3620488, 'pilot'),
(423, 847529, 'copilot'),
(423, 2710263, 'navigator'),
(423, 4125206, 'flight attendant'),
(423, 1861309, 'flight attendant'),
(424, 3061029, 'pilot'),
(424, 847529, 'copilot'),
(424, 8111137, 'navigator'),
(424, 4125206, 'flight attendant'),
(424, 1861309, 'flight attendant'),
(425, 5640382, 'pilot'),
(425, 847529, 'copilot'),
(425, 8111137, 'navigator'),
(425, 4125206, 'flight attendant'),
(425, 1861309, 'flight attendant'),
(426, 5107118, 'pilot'),
(426, 847529, 'copilot'),
(426, 2710263, 'navigator'),
(426, 4125206, 'flight attendant'),
(426, 1861309, 'flight attendant'),
(427, 5640382, 'pilot'),
(427, 7776251, 'copilot'),
(427, 1839763, 'navigator'),
(427, 4125206, 'flight attendant'),
(427, 1861309, 'flight attendant'),
(428, 5640382, 'pilot'),
(428, 7776251, 'copilot'),
(428, 2710263, 'navigator'),
(428, 4125206, 'flight attendant'),
(428, 1861309, 'flight attendant'),
(429, 5107118, 'pilot'),
(429, 3681834, 'copilot'),
(429, 8111137, 'navigator'),
(429, 4125206, 'flight attendant'),
(429, 1861309, 'flight attendant'),
(430, 6232635, 'pilot'),
(430, 3681834, 'copilot'),
(430, 2710263, 'navigator'),
(430, 4125206, 'flight attendant'),
(430, 1861309, 'flight attendant'),
(430, 655380, 'flight attendant'),
(431, 5640382, 'pilot'),
(431, 847529, 'copilot'),
(431, 1839763, 'navigator'),
(431, 4125206, 'flight attendant'),
(431, 1861309, 'flight attendant'),
(431, 655380, 'flight attendant'),
(431, 4217559, 'flight attendant'),
(431, 1326977, 'flight attendant'),
(432, 6232635, 'pilot'),
(432, 3681834, 'copilot'),
(432, 2710263, 'navigator'),
(432, 4125206, 'flight attendant'),
(432, 1861309, 'flight attendant'),
(433, 6232635, 'pilot'),
(433, 452441, 'copilot'),
(433, 2710263, 'navigator'),
(433, 4125206, 'flight attendant'),
(433, 1861309, 'flight attendant'),
(433, 655380, 'flight attendant'),
(433, 4217559, 'flight attendant'),
(433, 1326977, 'flight attendant'),
(434, 3061029, 'pilot'),
(434, 3681834, 'copilot'),
(434, 1839763, 'navigator'),
(434, 4125206, 'flight attendant'),
(434, 1861309, 'flight attendant'),
(435, 3061029, 'pilot'),
(435, 3681834, 'copilot'),
(435, 2710263, 'navigator'),
(435, 4125206, 'flight attendant'),
(435, 1861309, 'flight attendant'),
(435, 655380, 'flight attendant'),
(435, 4217559, 'flight attendant'),
(435, 1326977, 'flight attendant'),
(436, 5640382, 'pilot'),
(436, 452441, 'copilot'),
(436, 8111137, 'navigator'),
(436, 4125206, 'flight attendant'),
(436, 1861309, 'flight attendant'),
(436, 655380, 'flight attendant'),
(436, 4217559, 'flight attendant'),
(436, 1326977, 'flight attendant'),
(437, 5107118, 'pilot'),
(437, 7776251, 'copilot'),
(437, 1839763, 'navigator'),
(437, 4125206, 'flight attendant'),
(437, 1861309, 'flight attendant'),
(437, 655380, 'flight attendant'),
(437, 4217559, 'flight attendant'),
(437, 1326977, 'flight attendant'),
(438, 3620488, 'pilot'),
(438, 847529, 'copilot'),
(438, 2710263, 'navigator'),
(438, 4125206, 'flight attendant'),
(438, 1861309, 'flight attendant'),
(438, 655380, 'flight attendant'),
(438, 4217559, 'flight attendant'),
(439, 6232635, 'pilot'),
(439, 452441, 'copilot'),
(439, 1839763, 'navigator'),
(439, 4125206, 'flight attendant'),
(439, 1861309, 'flight attendant'),
(440, 3620488, 'pilot'),
(440, 3681834, 'copilot'),
(440, 8111137, 'navigator'),
(440, 4125206, 'flight attendant'),
(440, 1861309, 'flight attendant'),
(441, 5107118, 'pilot'),
(441, 3681834, 'copilot'),
(441, 1839763, 'navigator'),
(441, 4125206, 'flight attendant'),
(441, 1861309, 'flight attendant'),
(441, 655380, 'flight attendant'),
(442, 6232635, 'pilot'),
(442, 847529, 'copilot'),
(442, 2710263, 'navigator'),
(442, 4125206, 'flight attendant'),
(442, 1861309, 'flight attendant'),
(443, 3620488, 'pilot'),
(443, 3681834, 'copilot'),
(443, 1839763, 'navigator'),
(443, 4125206, 'flight attendant'),
(443, 1861309, 'flight attendant'),
(443, 655380, 'flight attendant'),
(444, 6232635, 'pilot'),
(444, 7776251, 'copilot'),
(444, 3381451, 'navigator'),
(444, 4125206, 'flight attendant'),
(444, 1861309, 'flight attendant'),
(444, 655380, 'flight attendant'),
(445, 6232635, 'pilot'),
(445, 847529, 'copilot'),
(445, 1839763, 'navigator'),
(445, 4125206, 'flight attendant'),
(445, 1861309, 'flight attendant'),
(445, 655380, 'flight attendant'),
(445, 4217559, 'flight attendant'),
(445, 1326977, 'flight attendant'),
(446, 6232635, 'pilot'),
(446, 847529, 'copilot'),
(446, 2710263, 'navigator'),
(446, 4125206, 'flight attendant'),
(446, 1861309, 'flight attendant'),
(447, 5640382, 'pilot'),
(447, 847529, 'copilot'),
(447, 1839763, 'navigator'),
(447, 4125206, 'flight attendant'),
(447, 1861309, 'flight attendant'),
(448, 6232635, 'pilot'),
(448, 7776251, 'copilot'),
(448, 8111137, 'navigator'),
(448, 4125206, 'flight attendant'),
(448, 1861309, 'flight attendant'),
(449, 3061029, 'pilot'),
(449, 3681834, 'copilot'),
(449, 8111137, 'navigator'),
(449, 4125206, 'flight attendant'),
(449, 1861309, 'flight attendant'),
(449, 655380, 'flight attendant'),
(449, 4217559, 'flight attendant'),
(449, 1326977, 'flight attendant'),
(450, 5640382, 'pilot'),
(450, 452441, 'copilot'),
(450, 2710263, 'navigator'),
(450, 4125206, 'flight attendant'),
(450, 1861309, 'flight attendant'),
(450, 655380, 'flight attendant'),
(450, 4217559, 'flight attendant'),
(451, 5640382, 'pilot'),
(451, 452441, 'copilot'),
(451, 2710263, 'navigator'),
(451, 4125206, 'flight attendant'),
(451, 1861309, 'flight attendant'),
(451, 655380, 'flight attendant'),
(451, 4217559, 'flight attendant'),
(452, 3061029, 'pilot'),
(452, 7776251, 'copilot'),
(452, 1839763, 'navigator'),
(452, 4125206, 'flight attendant'),
(452, 1861309, 'flight attendant'),
(452, 655380, 'flight attendant'),
(452, 4217559, 'flight attendant'),
(452, 1326977, 'flight attendant'),
(453, 3061029, 'pilot'),
(453, 7776251, 'copilot'),
(453, 8111137, 'navigator'),
(453, 4125206, 'flight attendant'),
(453, 1861309, 'flight attendant'),
(453, 655380, 'flight attendant'),
(453, 4217559, 'flight attendant'),
(453, 1326977, 'flight attendant'),
(454, 3620488, 'pilot'),
(454, 452441, 'copilot'),
(454, 3381451, 'navigator'),
(454, 4125206, 'flight attendant'),
(454, 1861309, 'flight attendant'),
(455, 6232635, 'pilot'),
(455, 847529, 'copilot'),
(455, 3381451, 'navigator'),
(455, 4125206, 'flight attendant'),
(455, 1861309, 'flight attendant'),
(455, 655380, 'flight attendant'),
(455, 4217559, 'flight attendant'),
(455, 1326977, 'flight attendant'),
(456, 3061029, 'pilot'),
(456, 847529, 'copilot'),
(456, 3381451, 'navigator'),
(456, 4125206, 'flight attendant'),
(456, 1861309, 'flight attendant'),
(456, 655380, 'flight attendant'),
(456, 4217559, 'flight attendant'),
(456, 1326977, 'flight attendant'),
(457, 6232635, 'pilot'),
(457, 7776251, 'copilot'),
(457, 8111137, 'navigator'),
(457, 4125206, 'flight attendant'),
(457, 1861309, 'flight attendant'),
(457, 655380, 'flight attendant'),
(458, 5107118, 'pilot'),
(458, 847529, 'copilot'),
(458, 1839763, 'navigator'),
(458, 4125206, 'flight attendant'),
(458, 1861309, 'flight attendant'),
(458, 655380, 'flight attendant'),
(458, 4217559, 'flight attendant'),
(459, 6232635, 'pilot'),
(459, 7776251, 'copilot'),
(459, 2710263, 'navigator'),
(459, 4125206, 'flight attendant'),
(459, 1861309, 'flight attendant'),
(460, 5640382, 'pilot'),
(460, 3681834, 'copilot'),
(460, 8111137, 'navigator'),
(460, 4125206, 'flight attendant'),
(460, 1861309, 'flight attendant'),
(460, 655380, 'flight attendant'),
(461, 6232635, 'pilot'),
(461, 847529, 'copilot'),
(461, 3381451, 'navigator'),
(461, 4125206, 'flight attendant'),
(461, 1861309, 'flight attendant'),
(462, 3620488, 'pilot'),
(462, 3681834, 'copilot'),
(462, 3381451, 'navigator'),
(462, 4125206, 'flight attendant'),
(462, 1861309, 'flight attendant'),
(462, 655380, 'flight attendant'),
(462, 4217559, 'flight attendant'),
(462, 1326977, 'flight attendant'),
(463, 6232635, 'pilot'),
(463, 847529, 'copilot'),
(463, 1839763, 'navigator'),
(463, 4125206, 'flight attendant'),
(463, 1861309, 'flight attendant'),
(464, 5107118, 'pilot'),
(464, 7776251, 'copilot'),
(464, 8111137, 'navigator'),
(464, 4125206, 'flight attendant'),
(464, 1861309, 'flight attendant'),
(464, 655380, 'flight attendant'),
(464, 4217559, 'flight attendant'),
(465, 3620488, 'pilot'),
(465, 452441, 'copilot'),
(465, 3381451, 'navigator'),
(465, 4125206, 'flight attendant'),
(465, 1861309, 'flight attendant'),
(465, 655380, 'flight attendant'),
(466, 3061029, 'pilot'),
(466, 3681834, 'copilot'),
(466, 2710263, 'navigator'),
(466, 4125206, 'flight attendant'),
(466, 1861309, 'flight attendant'),
(467, 6232635, 'pilot'),
(467, 847529, 'copilot'),
(467, 8111137, 'navigator'),
(467, 4125206, 'flight attendant'),
(467, 1861309, 'flight attendant'),
(468, 5640382, 'pilot'),
(468, 847529, 'copilot'),
(468, 8111137, 'navigator'),
(468, 4125206, 'flight attendant'),
(468, 1861309, 'flight attendant'),
(469, 3620488, 'pilot'),
(469, 3681834, 'copilot'),
(469, 2710263, 'navigator'),
(469, 4125206, 'flight attendant'),
(469, 1861309, 'flight attendant'),
(469, 655380, 'flight attendant'),
(470, 3061029, 'pilot'),
(470, 3681834, 'copilot'),
(470, 1839763, 'navigator'),
(470, 4125206, 'flight attendant'),
(470, 1861309, 'flight attendant'),
(470, 655380, 'flight attendant'),
(470, 4217559, 'flight attendant'),
(471, 3061029, 'pilot'),
(471, 3681834, 'copilot'),
(471, 3381451, 'navigator'),
(471, 4125206, 'flight attendant'),
(471, 1861309, 'flight attendant'),
(472, 3061029, 'pilot'),
(472, 7776251, 'copilot'),
(472, 3381451, 'navigator'),
(472, 4125206, 'flight attendant'),
(472, 1861309, 'flight attendant'),
(472, 655380, 'flight attendant'),
(472, 4217559, 'flight attendant'),
(472, 1326977, 'flight attendant'),
(473, 5107118, 'pilot'),
(473, 7776251, 'copilot'),
(473, 2710263, 'navigator'),
(473, 4125206, 'flight attendant'),
(473, 1861309, 'flight attendant'),
(474, 5640382, 'pilot'),
(474, 452441, 'copilot'),
(474, 2710263, 'navigator'),
(474, 4125206, 'flight attendant'),
(474, 1861309, 'flight attendant'),
(474, 655380, 'flight attendant'),
(474, 4217559, 'flight attendant'),
(474, 1326977, 'flight attendant'),
(475, 6232635, 'pilot'),
(475, 452441, 'copilot'),
(475, 8111137, 'navigator'),
(475, 4125206, 'flight attendant'),
(475, 1861309, 'flight attendant'),
(475, 655380, 'flight attendant'),
(475, 4217559, 'flight attendant'),
(476, 5640382, 'pilot'),
(476, 3681834, 'copilot'),
(476, 2710263, 'navigator'),
(476, 4125206, 'flight attendant'),
(476, 1861309, 'flight attendant'),
(476, 655380, 'flight attendant'),
(476, 4217559, 'flight attendant'),
(476, 1326977, 'flight attendant'),
(477, 6232635, 'pilot'),
(477, 3681834, 'copilot'),
(477, 8111137, 'navigator'),
(477, 4125206, 'flight attendant'),
(477, 1861309, 'flight attendant'),
(477, 655380, 'flight attendant'),
(477, 4217559, 'flight attendant'),
(478, 5640382, 'pilot'),
(478, 452441, 'copilot'),
(478, 8111137, 'navigator'),
(478, 4125206, 'flight attendant'),
(478, 1861309, 'flight attendant'),
(479, 5640382, 'pilot'),
(479, 3681834, 'copilot'),
(479, 8111137, 'navigator'),
(479, 4125206, 'flight attendant'),
(479, 1861309, 'flight attendant'),
(479, 655380, 'flight attendant'),
(480, 6232635, 'pilot'),
(480, 847529, 'copilot'),
(480, 2710263, 'navigator'),
(480, 4125206, 'flight attendant'),
(480, 1861309, 'flight attendant'),
(480, 655380, 'flight attendant'),
(481, 6232635, 'pilot'),
(481, 7776251, 'copilot'),
(481, 8111137, 'navigator'),
(481, 4125206, 'flight attendant'),
(481, 1861309, 'flight attendant'),
(481, 655380, 'flight attendant'),
(481, 4217559, 'flight attendant'),
(481, 1326977, 'flight attendant'),
(482, 3061029, 'pilot'),
(482, 452441, 'copilot'),
(482, 8111137, 'navigator'),
(482, 4125206, 'flight attendant'),
(482, 1861309, 'flight attendant'),
(482, 655380, 'flight attendant'),
(482, 4217559, 'flight attendant'),
(482, 1326977, 'flight attendant'),
(483, 5107118, 'pilot'),
(483, 3681834, 'copilot'),
(483, 3381451, 'navigator'),
(483, 4125206, 'flight attendant'),
(483, 1861309, 'flight attendant'),
(483, 655380, 'flight attendant'),
(483, 4217559, 'flight attendant'),
(483, 1326977, 'flight attendant'),
(484, 5640382, 'pilot'),
(484, 7776251, 'copilot'),
(484, 8111137, 'navigator'),
(484, 4125206, 'flight attendant'),
(484, 1861309, 'flight attendant'),
(484, 655380, 'flight attendant'),
(484, 4217559, 'flight attendant'),
(484, 1326977, 'flight attendant'),
(485, 3620488, 'pilot'),
(485, 3681834, 'copilot'),
(485, 1839763, 'navigator'),
(485, 4125206, 'flight attendant'),
(485, 1861309, 'flight attendant'),
(485, 655380, 'flight attendant'),
(485, 4217559, 'flight attendant'),
(486, 3061029, 'pilot'),
(486, 452441, 'copilot'),
(486, 2710263, 'navigator'),
(486, 4125206, 'flight attendant'),
(486, 1861309, 'flight attendant'),
(486, 655380, 'flight attendant'),
(486, 4217559, 'flight attendant'),
(487, 5640382, 'pilot'),
(487, 847529, 'copilot'),
(487, 1839763, 'navigator'),
(487, 4125206, 'flight attendant'),
(487, 1861309, 'flight attendant'),
(487, 655380, 'flight attendant'),
(488, 3061029, 'pilot'),
(488, 452441, 'copilot'),
(488, 2710263, 'navigator'),
(488, 4125206, 'flight attendant'),
(488, 1861309, 'flight attendant'),
(488, 655380, 'flight attendant'),
(489, 3061029, 'pilot'),
(489, 847529, 'copilot'),
(489, 2710263, 'navigator'),
(489, 4125206, 'flight attendant'),
(489, 1861309, 'flight attendant'),
(490, 5640382, 'pilot'),
(490, 7776251, 'copilot'),
(490, 2710263, 'navigator'),
(490, 4125206, 'flight attendant'),
(490, 1861309, 'flight attendant'),
(490, 655380, 'flight attendant'),
(490, 4217559, 'flight attendant'),
(490, 1326977, 'flight attendant'),
(491, 6232635, 'pilot'),
(491, 847529, 'copilot'),
(491, 3381451, 'navigator'),
(491, 4125206, 'flight attendant'),
(491, 1861309, 'flight attendant'),
(491, 655380, 'flight attendant'),
(491, 4217559, 'flight attendant'),
(492, 5640382, 'pilot'),
(492, 452441, 'copilot'),
(492, 8111137, 'navigator'),
(492, 4125206, 'flight attendant'),
(492, 1861309, 'flight attendant'),
(492, 655380, 'flight attendant'),
(492, 4217559, 'flight attendant'),
(493, 5107118, 'pilot'),
(493, 847529, 'copilot'),
(493, 3381451, 'navigator'),
(493, 4125206, 'flight attendant'),
(493, 1861309, 'flight attendant'),
(494, 5640382, 'pilot'),
(494, 7776251, 'copilot'),
(494, 1839763, 'navigator'),
(494, 4125206, 'flight attendant'),
(494, 1861309, 'flight attendant'),
(495, 5640382, 'pilot'),
(495, 847529, 'copilot'),
(495, 3381451, 'navigator'),
(495, 4125206, 'flight attendant'),
(495, 1861309, 'flight attendant'),
(496, 6232635, 'pilot'),
(496, 847529, 'copilot'),
(496, 8111137, 'navigator'),
(496, 4125206, 'flight attendant'),
(496, 1861309, 'flight attendant'),
(496, 655380, 'flight attendant'),
(496, 4217559, 'flight attendant'),
(496, 1326977, 'flight attendant'),
(497, 3061029, 'pilot'),
(497, 847529, 'copilot'),
(497, 1839763, 'navigator'),
(497, 4125206, 'flight attendant'),
(497, 1861309, 'flight attendant'),
(497, 655380, 'flight attendant'),
(497, 4217559, 'flight attendant'),
(498, 5640382, 'pilot'),
(498, 847529, 'copilot'),
(498, 3381451, 'navigator'),
(498, 4125206, 'flight attendant'),
(498, 1861309, 'flight attendant'),
(498, 655380, 'flight attendant'),
(498, 4217559, 'flight attendant'),
(498, 1326977, 'flight attendant'),
(499, 3061029, 'pilot'),
(499, 7776251, 'copilot'),
(499, 3381451, 'navigator'),
(499, 4125206, 'flight attendant'),
(499, 1861309, 'flight attendant'),
(499, 655380, 'flight attendant'),
(499, 4217559, 'flight attendant'),
(499, 1326977, 'flight attendant'),
(500, 3061029, 'pilot'),
(500, 847529, 'copilot'),
(500, 8111137, 'navigator'),
(500, 4125206, 'flight attendant'),
(500, 1861309, 'flight attendant'),
(500, 655380, 'flight attendant');

INSERT INTO flightcrew_crewmember (crewID, faaNum, presentRole)
VALUES
(501, 5107118, 'pilot'),
(501, 452441, 'copilot'),
(501, 8111137, 'navigator'),
(501, 4125206, 'flight attendant'),
(501, 1861309, 'flight attendant'),
(501, 655380, 'flight attendant'),
(502, 5640382, 'pilot'),
(502, 847529, 'copilot'),
(502, 3381451, 'navigator'),
(502, 4125206, 'flight attendant'),
(502, 1861309, 'flight attendant'),
(502, 655380, 'flight attendant'),
(503, 3620488, 'pilot'),
(503, 3681834, 'copilot'),
(503, 2710263, 'navigator'),
(503, 4125206, 'flight attendant'),
(503, 1861309, 'flight attendant'),
(504, 6232635, 'pilot'),
(504, 7776251, 'copilot'),
(504, 2710263, 'navigator'),
(504, 4125206, 'flight attendant'),
(504, 1861309, 'flight attendant'),
(504, 655380, 'flight attendant'),
(505, 6232635, 'pilot'),
(505, 3681834, 'copilot'),
(505, 1839763, 'navigator'),
(505, 4125206, 'flight attendant'),
(505, 1861309, 'flight attendant'),
(505, 655380, 'flight attendant'),
(505, 4217559, 'flight attendant'),
(506, 6232635, 'pilot'),
(506, 847529, 'copilot'),
(506, 8111137, 'navigator'),
(506, 4125206, 'flight attendant'),
(506, 1861309, 'flight attendant'),
(506, 655380, 'flight attendant'),
(506, 4217559, 'flight attendant'),
(507, 6232635, 'pilot'),
(507, 452441, 'copilot'),
(507, 3381451, 'navigator'),
(507, 4125206, 'flight attendant'),
(507, 1861309, 'flight attendant'),
(508, 5640382, 'pilot'),
(508, 7776251, 'copilot'),
(508, 2710263, 'navigator'),
(508, 4125206, 'flight attendant'),
(508, 1861309, 'flight attendant'),
(509, 3620488, 'pilot'),
(509, 3681834, 'copilot'),
(509, 3381451, 'navigator'),
(509, 4125206, 'flight attendant'),
(509, 1861309, 'flight attendant'),
(509, 655380, 'flight attendant'),
(510, 3061029, 'pilot'),
(510, 7776251, 'copilot'),
(510, 3381451, 'navigator'),
(510, 4125206, 'flight attendant'),
(510, 1861309, 'flight attendant'),
(511, 6232635, 'pilot'),
(511, 3681834, 'copilot'),
(511, 1839763, 'navigator'),
(511, 4125206, 'flight attendant'),
(511, 1861309, 'flight attendant'),
(511, 655380, 'flight attendant'),
(512, 6232635, 'pilot'),
(512, 452441, 'copilot'),
(512, 3381451, 'navigator'),
(512, 4125206, 'flight attendant'),
(512, 1861309, 'flight attendant'),
(512, 655380, 'flight attendant'),
(512, 4217559, 'flight attendant'),
(512, 1326977, 'flight attendant'),
(513, 6232635, 'pilot'),
(513, 3681834, 'copilot'),
(513, 3381451, 'navigator'),
(513, 4125206, 'flight attendant'),
(513, 1861309, 'flight attendant'),
(513, 655380, 'flight attendant'),
(513, 4217559, 'flight attendant'),
(514, 6232635, 'pilot'),
(514, 452441, 'copilot'),
(514, 3381451, 'navigator'),
(514, 4125206, 'flight attendant'),
(514, 1861309, 'flight attendant'),
(515, 3620488, 'pilot'),
(515, 452441, 'copilot'),
(515, 1839763, 'navigator'),
(515, 4125206, 'flight attendant'),
(515, 1861309, 'flight attendant'),
(515, 655380, 'flight attendant'),
(515, 4217559, 'flight attendant'),
(515, 1326977, 'flight attendant'),
(516, 5107118, 'pilot'),
(516, 7776251, 'copilot'),
(516, 1839763, 'navigator'),
(516, 4125206, 'flight attendant'),
(516, 1861309, 'flight attendant'),
(516, 655380, 'flight attendant'),
(516, 4217559, 'flight attendant'),
(517, 5640382, 'pilot'),
(517, 847529, 'copilot'),
(517, 3381451, 'navigator'),
(517, 4125206, 'flight attendant'),
(517, 1861309, 'flight attendant'),
(517, 655380, 'flight attendant'),
(517, 4217559, 'flight attendant'),
(517, 1326977, 'flight attendant'),
(518, 3620488, 'pilot'),
(518, 7776251, 'copilot'),
(518, 2710263, 'navigator'),
(518, 4125206, 'flight attendant'),
(518, 1861309, 'flight attendant'),
(518, 655380, 'flight attendant'),
(518, 4217559, 'flight attendant'),
(518, 1326977, 'flight attendant'),
(519, 5107118, 'pilot'),
(519, 3681834, 'copilot'),
(519, 1839763, 'navigator'),
(519, 4125206, 'flight attendant'),
(519, 1861309, 'flight attendant'),
(519, 655380, 'flight attendant'),
(520, 5640382, 'pilot'),
(520, 452441, 'copilot'),
(520, 8111137, 'navigator'),
(520, 4125206, 'flight attendant'),
(520, 1861309, 'flight attendant'),
(520, 655380, 'flight attendant'),
(520, 4217559, 'flight attendant'),
(520, 1326977, 'flight attendant'),
(521, 5640382, 'pilot'),
(521, 7776251, 'copilot'),
(521, 1839763, 'navigator'),
(521, 4125206, 'flight attendant'),
(521, 1861309, 'flight attendant'),
(521, 655380, 'flight attendant'),
(521, 4217559, 'flight attendant'),
(521, 1326977, 'flight attendant'),
(522, 3061029, 'pilot'),
(522, 3681834, 'copilot'),
(522, 8111137, 'navigator'),
(522, 4125206, 'flight attendant'),
(522, 1861309, 'flight attendant'),
(522, 655380, 'flight attendant'),
(523, 3620488, 'pilot'),
(523, 452441, 'copilot'),
(523, 8111137, 'navigator'),
(523, 4125206, 'flight attendant'),
(523, 1861309, 'flight attendant'),
(524, 5107118, 'pilot'),
(524, 847529, 'copilot'),
(524, 3381451, 'navigator'),
(524, 4125206, 'flight attendant'),
(524, 1861309, 'flight attendant'),
(525, 5640382, 'pilot'),
(525, 3681834, 'copilot'),
(525, 3381451, 'navigator'),
(525, 4125206, 'flight attendant'),
(525, 1861309, 'flight attendant'),
(525, 655380, 'flight attendant'),
(526, 6232635, 'pilot'),
(526, 847529, 'copilot'),
(526, 2710263, 'navigator'),
(526, 4125206, 'flight attendant'),
(526, 1861309, 'flight attendant'),
(526, 655380, 'flight attendant'),
(527, 6232635, 'pilot'),
(527, 452441, 'copilot'),
(527, 2710263, 'navigator'),
(527, 4125206, 'flight attendant'),
(527, 1861309, 'flight attendant'),
(527, 655380, 'flight attendant'),
(527, 4217559, 'flight attendant'),
(528, 3061029, 'pilot'),
(528, 3681834, 'copilot'),
(528, 1839763, 'navigator'),
(528, 4125206, 'flight attendant'),
(528, 1861309, 'flight attendant'),
(529, 5640382, 'pilot'),
(529, 7776251, 'copilot'),
(529, 2710263, 'navigator'),
(529, 4125206, 'flight attendant'),
(529, 1861309, 'flight attendant'),
(529, 655380, 'flight attendant'),
(529, 4217559, 'flight attendant'),
(530, 6232635, 'pilot'),
(530, 847529, 'copilot'),
(530, 1839763, 'navigator'),
(530, 4125206, 'flight attendant'),
(530, 1861309, 'flight attendant'),
(531, 5107118, 'pilot'),
(531, 3681834, 'copilot'),
(531, 1839763, 'navigator'),
(531, 4125206, 'flight attendant'),
(531, 1861309, 'flight attendant'),
(531, 655380, 'flight attendant'),
(531, 4217559, 'flight attendant'),
(532, 3620488, 'pilot'),
(532, 452441, 'copilot'),
(532, 8111137, 'navigator'),
(532, 4125206, 'flight attendant'),
(532, 1861309, 'flight attendant'),
(532, 655380, 'flight attendant'),
(532, 4217559, 'flight attendant'),
(532, 1326977, 'flight attendant'),
(533, 3061029, 'pilot'),
(533, 3681834, 'copilot'),
(533, 3381451, 'navigator'),
(533, 4125206, 'flight attendant'),
(533, 1861309, 'flight attendant'),
(533, 655380, 'flight attendant'),
(534, 3061029, 'pilot'),
(534, 452441, 'copilot'),
(534, 3381451, 'navigator'),
(534, 4125206, 'flight attendant'),
(534, 1861309, 'flight attendant'),
(534, 655380, 'flight attendant'),
(535, 5107118, 'pilot'),
(535, 452441, 'copilot'),
(535, 2710263, 'navigator'),
(535, 4125206, 'flight attendant'),
(535, 1861309, 'flight attendant'),
(535, 655380, 'flight attendant'),
(536, 3061029, 'pilot'),
(536, 3681834, 'copilot'),
(536, 3381451, 'navigator'),
(536, 4125206, 'flight attendant'),
(536, 1861309, 'flight attendant'),
(536, 655380, 'flight attendant'),
(536, 4217559, 'flight attendant'),
(537, 3061029, 'pilot'),
(537, 452441, 'copilot'),
(537, 8111137, 'navigator'),
(537, 4125206, 'flight attendant'),
(537, 1861309, 'flight attendant'),
(537, 655380, 'flight attendant'),
(537, 4217559, 'flight attendant'),
(537, 1326977, 'flight attendant'),
(538, 3620488, 'pilot'),
(538, 7776251, 'copilot'),
(538, 3381451, 'navigator'),
(538, 4125206, 'flight attendant'),
(538, 1861309, 'flight attendant'),
(538, 655380, 'flight attendant'),
(539, 3620488, 'pilot'),
(539, 7776251, 'copilot'),
(539, 3381451, 'navigator'),
(539, 4125206, 'flight attendant'),
(539, 1861309, 'flight attendant'),
(539, 655380, 'flight attendant'),
(539, 4217559, 'flight attendant'),
(540, 3620488, 'pilot'),
(540, 452441, 'copilot'),
(540, 2710263, 'navigator'),
(540, 4125206, 'flight attendant'),
(540, 1861309, 'flight attendant'),
(540, 655380, 'flight attendant'),
(541, 3061029, 'pilot'),
(541, 3681834, 'copilot'),
(541, 2710263, 'navigator'),
(541, 4125206, 'flight attendant'),
(541, 1861309, 'flight attendant'),
(542, 5107118, 'pilot'),
(542, 452441, 'copilot'),
(542, 1839763, 'navigator'),
(542, 4125206, 'flight attendant'),
(542, 1861309, 'flight attendant'),
(542, 655380, 'flight attendant'),
(543, 5640382, 'pilot'),
(543, 847529, 'copilot'),
(543, 1839763, 'navigator'),
(543, 4125206, 'flight attendant'),
(543, 1861309, 'flight attendant'),
(543, 655380, 'flight attendant'),
(544, 6232635, 'pilot'),
(544, 847529, 'copilot'),
(544, 8111137, 'navigator'),
(544, 4125206, 'flight attendant'),
(544, 1861309, 'flight attendant'),
(545, 6232635, 'pilot'),
(545, 452441, 'copilot'),
(545, 1839763, 'navigator'),
(545, 4125206, 'flight attendant'),
(545, 1861309, 'flight attendant'),
(545, 655380, 'flight attendant'),
(546, 3620488, 'pilot'),
(546, 3681834, 'copilot'),
(546, 3381451, 'navigator'),
(546, 4125206, 'flight attendant'),
(546, 1861309, 'flight attendant'),
(546, 655380, 'flight attendant'),
(547, 5107118, 'pilot'),
(547, 847529, 'copilot'),
(547, 8111137, 'navigator'),
(547, 4125206, 'flight attendant'),
(547, 1861309, 'flight attendant'),
(548, 5107118, 'pilot'),
(548, 7776251, 'copilot'),
(548, 1839763, 'navigator'),
(548, 4125206, 'flight attendant'),
(548, 1861309, 'flight attendant'),
(548, 655380, 'flight attendant'),
(548, 4217559, 'flight attendant'),
(549, 6232635, 'pilot'),
(549, 452441, 'copilot'),
(549, 8111137, 'navigator'),
(549, 4125206, 'flight attendant'),
(549, 1861309, 'flight attendant'),
(549, 655380, 'flight attendant'),
(550, 3061029, 'pilot'),
(550, 847529, 'copilot'),
(550, 3381451, 'navigator'),
(550, 4125206, 'flight attendant'),
(550, 1861309, 'flight attendant'),
(550, 655380, 'flight attendant'),
(551, 3620488, 'pilot'),
(551, 3681834, 'copilot'),
(551, 1839763, 'navigator'),
(551, 4125206, 'flight attendant'),
(551, 1861309, 'flight attendant'),
(552, 5640382, 'pilot'),
(552, 3681834, 'copilot'),
(552, 8111137, 'navigator'),
(552, 4125206, 'flight attendant'),
(552, 1861309, 'flight attendant'),
(553, 5640382, 'pilot'),
(553, 3681834, 'copilot'),
(553, 8111137, 'navigator'),
(553, 4125206, 'flight attendant'),
(553, 1861309, 'flight attendant'),
(553, 655380, 'flight attendant'),
(554, 3620488, 'pilot'),
(554, 847529, 'copilot'),
(554, 2710263, 'navigator'),
(554, 4125206, 'flight attendant'),
(554, 1861309, 'flight attendant'),
(554, 655380, 'flight attendant'),
(554, 4217559, 'flight attendant'),
(554, 1326977, 'flight attendant'),
(555, 5640382, 'pilot'),
(555, 847529, 'copilot'),
(555, 2710263, 'navigator'),
(555, 4125206, 'flight attendant'),
(555, 1861309, 'flight attendant'),
(556, 3620488, 'pilot'),
(556, 847529, 'copilot'),
(556, 8111137, 'navigator'),
(556, 4125206, 'flight attendant'),
(556, 1861309, 'flight attendant'),
(556, 655380, 'flight attendant'),
(556, 4217559, 'flight attendant'),
(557, 5107118, 'pilot'),
(557, 452441, 'copilot'),
(557, 2710263, 'navigator'),
(557, 4125206, 'flight attendant'),
(557, 1861309, 'flight attendant'),
(557, 655380, 'flight attendant'),
(558, 5640382, 'pilot'),
(558, 3681834, 'copilot'),
(558, 3381451, 'navigator'),
(558, 4125206, 'flight attendant'),
(558, 1861309, 'flight attendant'),
(558, 655380, 'flight attendant'),
(558, 4217559, 'flight attendant'),
(559, 6232635, 'pilot'),
(559, 7776251, 'copilot'),
(559, 2710263, 'navigator'),
(559, 4125206, 'flight attendant'),
(559, 1861309, 'flight attendant'),
(559, 655380, 'flight attendant'),
(560, 3061029, 'pilot'),
(560, 3681834, 'copilot'),
(560, 1839763, 'navigator'),
(560, 4125206, 'flight attendant'),
(560, 1861309, 'flight attendant'),
(560, 655380, 'flight attendant'),
(560, 4217559, 'flight attendant'),
(560, 1326977, 'flight attendant'),
(561, 6232635, 'pilot'),
(561, 452441, 'copilot'),
(561, 8111137, 'navigator'),
(561, 4125206, 'flight attendant'),
(561, 1861309, 'flight attendant'),
(561, 655380, 'flight attendant'),
(561, 4217559, 'flight attendant'),
(562, 5107118, 'pilot'),
(562, 7776251, 'copilot'),
(562, 1839763, 'navigator'),
(562, 4125206, 'flight attendant'),
(562, 1861309, 'flight attendant'),
(562, 655380, 'flight attendant'),
(562, 4217559, 'flight attendant'),
(562, 1326977, 'flight attendant'),
(563, 6232635, 'pilot'),
(563, 3681834, 'copilot'),
(563, 8111137, 'navigator'),
(563, 4125206, 'flight attendant'),
(563, 1861309, 'flight attendant'),
(563, 655380, 'flight attendant'),
(563, 4217559, 'flight attendant'),
(564, 5640382, 'pilot'),
(564, 3681834, 'copilot'),
(564, 2710263, 'navigator'),
(564, 4125206, 'flight attendant'),
(564, 1861309, 'flight attendant'),
(564, 655380, 'flight attendant'),
(565, 5107118, 'pilot'),
(565, 847529, 'copilot'),
(565, 3381451, 'navigator'),
(565, 4125206, 'flight attendant'),
(565, 1861309, 'flight attendant'),
(565, 655380, 'flight attendant'),
(566, 3061029, 'pilot'),
(566, 847529, 'copilot'),
(566, 2710263, 'navigator'),
(566, 4125206, 'flight attendant'),
(566, 1861309, 'flight attendant'),
(566, 655380, 'flight attendant'),
(566, 4217559, 'flight attendant'),
(566, 1326977, 'flight attendant'),
(567, 5107118, 'pilot'),
(567, 7776251, 'copilot'),
(567, 3381451, 'navigator'),
(567, 4125206, 'flight attendant'),
(567, 1861309, 'flight attendant'),
(567, 655380, 'flight attendant'),
(567, 4217559, 'flight attendant'),
(568, 5640382, 'pilot'),
(568, 3681834, 'copilot'),
(568, 1839763, 'navigator'),
(568, 4125206, 'flight attendant'),
(568, 1861309, 'flight attendant'),
(569, 3620488, 'pilot'),
(569, 3681834, 'copilot'),
(569, 8111137, 'navigator'),
(569, 4125206, 'flight attendant'),
(569, 1861309, 'flight attendant'),
(569, 655380, 'flight attendant'),
(570, 6232635, 'pilot'),
(570, 452441, 'copilot'),
(570, 2710263, 'navigator'),
(570, 4125206, 'flight attendant'),
(570, 1861309, 'flight attendant'),
(571, 3061029, 'pilot'),
(571, 7776251, 'copilot'),
(571, 1839763, 'navigator'),
(571, 4125206, 'flight attendant'),
(571, 1861309, 'flight attendant'),
(571, 655380, 'flight attendant'),
(571, 4217559, 'flight attendant'),
(571, 1326977, 'flight attendant'),
(572, 6232635, 'pilot'),
(572, 7776251, 'copilot'),
(572, 1839763, 'navigator'),
(572, 4125206, 'flight attendant'),
(572, 1861309, 'flight attendant'),
(572, 655380, 'flight attendant'),
(572, 4217559, 'flight attendant'),
(573, 6232635, 'pilot'),
(573, 7776251, 'copilot'),
(573, 3381451, 'navigator'),
(573, 4125206, 'flight attendant'),
(573, 1861309, 'flight attendant'),
(574, 5107118, 'pilot'),
(574, 847529, 'copilot'),
(574, 1839763, 'navigator'),
(574, 4125206, 'flight attendant'),
(574, 1861309, 'flight attendant'),
(574, 655380, 'flight attendant'),
(575, 6232635, 'pilot'),
(575, 3681834, 'copilot'),
(575, 2710263, 'navigator'),
(575, 4125206, 'flight attendant'),
(575, 1861309, 'flight attendant'),
(575, 655380, 'flight attendant'),
(575, 4217559, 'flight attendant'),
(576, 3061029, 'pilot'),
(576, 7776251, 'copilot'),
(576, 2710263, 'navigator'),
(576, 4125206, 'flight attendant'),
(576, 1861309, 'flight attendant'),
(576, 655380, 'flight attendant'),
(576, 4217559, 'flight attendant'),
(576, 1326977, 'flight attendant'),
(577, 5107118, 'pilot'),
(577, 3681834, 'copilot'),
(577, 2710263, 'navigator'),
(577, 4125206, 'flight attendant'),
(577, 1861309, 'flight attendant'),
(577, 655380, 'flight attendant'),
(578, 6232635, 'pilot'),
(578, 7776251, 'copilot'),
(578, 8111137, 'navigator'),
(578, 4125206, 'flight attendant'),
(578, 1861309, 'flight attendant'),
(578, 655380, 'flight attendant'),
(579, 5640382, 'pilot'),
(579, 452441, 'copilot'),
(579, 1839763, 'navigator'),
(579, 4125206, 'flight attendant'),
(579, 1861309, 'flight attendant'),
(580, 3061029, 'pilot'),
(580, 7776251, 'copilot'),
(580, 2710263, 'navigator'),
(580, 4125206, 'flight attendant'),
(580, 1861309, 'flight attendant'),
(580, 655380, 'flight attendant'),
(580, 4217559, 'flight attendant'),
(581, 3061029, 'pilot'),
(581, 3681834, 'copilot'),
(581, 1839763, 'navigator'),
(581, 4125206, 'flight attendant'),
(581, 1861309, 'flight attendant'),
(581, 655380, 'flight attendant'),
(581, 4217559, 'flight attendant'),
(581, 1326977, 'flight attendant'),
(582, 5107118, 'pilot'),
(582, 3681834, 'copilot'),
(582, 2710263, 'navigator'),
(582, 4125206, 'flight attendant'),
(582, 1861309, 'flight attendant'),
(582, 655380, 'flight attendant'),
(582, 4217559, 'flight attendant'),
(582, 1326977, 'flight attendant'),
(583, 3061029, 'pilot'),
(583, 7776251, 'copilot'),
(583, 3381451, 'navigator'),
(583, 4125206, 'flight attendant'),
(583, 1861309, 'flight attendant'),
(583, 655380, 'flight attendant'),
(583, 4217559, 'flight attendant'),
(583, 1326977, 'flight attendant'),
(584, 5107118, 'pilot'),
(584, 452441, 'copilot'),
(584, 3381451, 'navigator'),
(584, 4125206, 'flight attendant'),
(584, 1861309, 'flight attendant'),
(584, 655380, 'flight attendant'),
(584, 4217559, 'flight attendant'),
(584, 1326977, 'flight attendant'),
(585, 3620488, 'pilot'),
(585, 847529, 'copilot'),
(585, 1839763, 'navigator'),
(585, 4125206, 'flight attendant'),
(585, 1861309, 'flight attendant'),
(586, 6232635, 'pilot'),
(586, 3681834, 'copilot'),
(586, 2710263, 'navigator'),
(586, 4125206, 'flight attendant'),
(586, 1861309, 'flight attendant'),
(586, 655380, 'flight attendant'),
(586, 4217559, 'flight attendant'),
(586, 1326977, 'flight attendant'),
(587, 3061029, 'pilot'),
(587, 7776251, 'copilot'),
(587, 8111137, 'navigator'),
(587, 4125206, 'flight attendant'),
(587, 1861309, 'flight attendant'),
(587, 655380, 'flight attendant'),
(588, 3620488, 'pilot'),
(588, 3681834, 'copilot'),
(588, 3381451, 'navigator'),
(588, 4125206, 'flight attendant'),
(588, 1861309, 'flight attendant'),
(588, 655380, 'flight attendant'),
(588, 4217559, 'flight attendant'),
(588, 1326977, 'flight attendant'),
(589, 5107118, 'pilot'),
(589, 847529, 'copilot'),
(589, 2710263, 'navigator'),
(589, 4125206, 'flight attendant'),
(589, 1861309, 'flight attendant'),
(589, 655380, 'flight attendant'),
(590, 3620488, 'pilot'),
(590, 3681834, 'copilot'),
(590, 3381451, 'navigator'),
(590, 4125206, 'flight attendant'),
(590, 1861309, 'flight attendant'),
(590, 655380, 'flight attendant'),
(590, 4217559, 'flight attendant'),
(591, 6232635, 'pilot'),
(591, 3681834, 'copilot'),
(591, 3381451, 'navigator'),
(591, 4125206, 'flight attendant'),
(591, 1861309, 'flight attendant'),
(592, 5107118, 'pilot'),
(592, 452441, 'copilot'),
(592, 8111137, 'navigator'),
(592, 4125206, 'flight attendant'),
(592, 1861309, 'flight attendant'),
(592, 655380, 'flight attendant'),
(592, 4217559, 'flight attendant'),
(593, 3620488, 'pilot'),
(593, 847529, 'copilot'),
(593, 3381451, 'navigator'),
(593, 4125206, 'flight attendant'),
(593, 1861309, 'flight attendant'),
(593, 655380, 'flight attendant'),
(594, 3620488, 'pilot'),
(594, 3681834, 'copilot'),
(594, 8111137, 'navigator'),
(594, 4125206, 'flight attendant'),
(594, 1861309, 'flight attendant'),
(594, 655380, 'flight attendant'),
(594, 4217559, 'flight attendant'),
(595, 6232635, 'pilot'),
(595, 7776251, 'copilot'),
(595, 8111137, 'navigator'),
(595, 4125206, 'flight attendant'),
(595, 1861309, 'flight attendant'),
(595, 655380, 'flight attendant'),
(596, 3620488, 'pilot'),
(596, 7776251, 'copilot'),
(596, 3381451, 'navigator'),
(596, 4125206, 'flight attendant'),
(596, 1861309, 'flight attendant'),
(597, 5107118, 'pilot'),
(597, 3681834, 'copilot'),
(597, 2710263, 'navigator'),
(597, 4125206, 'flight attendant'),
(597, 1861309, 'flight attendant'),
(597, 655380, 'flight attendant'),
(597, 4217559, 'flight attendant'),
(598, 6232635, 'pilot'),
(598, 452441, 'copilot'),
(598, 8111137, 'navigator'),
(598, 4125206, 'flight attendant'),
(598, 1861309, 'flight attendant'),
(598, 655380, 'flight attendant'),
(598, 4217559, 'flight attendant'),
(598, 1326977, 'flight attendant'),
(599, 5640382, 'pilot'),
(599, 7776251, 'copilot'),
(599, 3381451, 'navigator'),
(599, 4125206, 'flight attendant'),
(599, 1861309, 'flight attendant'),
(599, 655380, 'flight attendant'),
(600, 3620488, 'pilot'),
(600, 7776251, 'copilot'),
(600, 1839763, 'navigator'),
(600, 4125206, 'flight attendant'),
(600, 1861309, 'flight attendant'),
(600, 655380, 'flight attendant'),
(601, 5107118, 'pilot'),
(601, 452441, 'copilot'),
(601, 3381451, 'navigator'),
(601, 4125206, 'flight attendant'),
(601, 1861309, 'flight attendant'),
(601, 655380, 'flight attendant'),
(601, 4217559, 'flight attendant'),
(601, 1326977, 'flight attendant'),
(602, 3061029, 'pilot'),
(602, 3681834, 'copilot'),
(602, 3381451, 'navigator'),
(602, 4125206, 'flight attendant'),
(602, 1861309, 'flight attendant'),
(602, 655380, 'flight attendant'),
(602, 4217559, 'flight attendant'),
(602, 1326977, 'flight attendant'),
(603, 6232635, 'pilot'),
(603, 3681834, 'copilot'),
(603, 8111137, 'navigator'),
(603, 4125206, 'flight attendant'),
(603, 1861309, 'flight attendant'),
(604, 5107118, 'pilot'),
(604, 452441, 'copilot'),
(604, 3381451, 'navigator'),
(604, 4125206, 'flight attendant'),
(604, 1861309, 'flight attendant'),
(605, 3620488, 'pilot'),
(605, 452441, 'copilot'),
(605, 8111137, 'navigator'),
(605, 4125206, 'flight attendant'),
(605, 1861309, 'flight attendant'),
(606, 5107118, 'pilot'),
(606, 3681834, 'copilot'),
(606, 8111137, 'navigator'),
(606, 4125206, 'flight attendant'),
(606, 1861309, 'flight attendant'),
(606, 655380, 'flight attendant'),
(606, 4217559, 'flight attendant'),
(606, 1326977, 'flight attendant'),
(607, 5640382, 'pilot'),
(607, 3681834, 'copilot'),
(607, 1839763, 'navigator'),
(607, 4125206, 'flight attendant'),
(607, 1861309, 'flight attendant'),
(607, 655380, 'flight attendant'),
(607, 4217559, 'flight attendant'),
(608, 5640382, 'pilot'),
(608, 847529, 'copilot'),
(608, 3381451, 'navigator'),
(608, 4125206, 'flight attendant'),
(608, 1861309, 'flight attendant'),
(608, 655380, 'flight attendant'),
(608, 4217559, 'flight attendant'),
(609, 3620488, 'pilot'),
(609, 3681834, 'copilot'),
(609, 8111137, 'navigator'),
(609, 4125206, 'flight attendant'),
(609, 1861309, 'flight attendant'),
(609, 655380, 'flight attendant'),
(610, 3061029, 'pilot'),
(610, 3681834, 'copilot'),
(610, 1839763, 'navigator'),
(610, 4125206, 'flight attendant'),
(610, 1861309, 'flight attendant'),
(610, 655380, 'flight attendant'),
(611, 3061029, 'pilot'),
(611, 452441, 'copilot'),
(611, 3381451, 'navigator'),
(611, 4125206, 'flight attendant'),
(611, 1861309, 'flight attendant'),
(611, 655380, 'flight attendant'),
(611, 4217559, 'flight attendant'),
(611, 1326977, 'flight attendant'),
(612, 6232635, 'pilot'),
(612, 452441, 'copilot'),
(612, 2710263, 'navigator'),
(612, 4125206, 'flight attendant'),
(612, 1861309, 'flight attendant'),
(612, 655380, 'flight attendant'),
(612, 4217559, 'flight attendant'),
(613, 5640382, 'pilot'),
(613, 452441, 'copilot'),
(613, 1839763, 'navigator'),
(613, 4125206, 'flight attendant'),
(613, 1861309, 'flight attendant'),
(614, 3061029, 'pilot'),
(614, 452441, 'copilot'),
(614, 1839763, 'navigator'),
(614, 4125206, 'flight attendant'),
(614, 1861309, 'flight attendant'),
(614, 655380, 'flight attendant'),
(614, 4217559, 'flight attendant'),
(615, 3061029, 'pilot'),
(615, 7776251, 'copilot'),
(615, 3381451, 'navigator'),
(615, 4125206, 'flight attendant'),
(615, 1861309, 'flight attendant'),
(615, 655380, 'flight attendant'),
(616, 5107118, 'pilot'),
(616, 847529, 'copilot'),
(616, 8111137, 'navigator'),
(616, 4125206, 'flight attendant'),
(616, 1861309, 'flight attendant'),
(616, 655380, 'flight attendant'),
(616, 4217559, 'flight attendant'),
(617, 6232635, 'pilot'),
(617, 452441, 'copilot'),
(617, 2710263, 'navigator'),
(617, 4125206, 'flight attendant'),
(617, 1861309, 'flight attendant'),
(617, 655380, 'flight attendant'),
(618, 5107118, 'pilot'),
(618, 3681834, 'copilot'),
(618, 3381451, 'navigator'),
(618, 4125206, 'flight attendant'),
(618, 1861309, 'flight attendant'),
(619, 5107118, 'pilot'),
(619, 452441, 'copilot'),
(619, 1839763, 'navigator'),
(619, 4125206, 'flight attendant'),
(619, 1861309, 'flight attendant'),
(620, 3620488, 'pilot'),
(620, 7776251, 'copilot'),
(620, 1839763, 'navigator'),
(620, 4125206, 'flight attendant'),
(620, 1861309, 'flight attendant'),
(621, 3061029, 'pilot'),
(621, 847529, 'copilot'),
(621, 1839763, 'navigator'),
(621, 4125206, 'flight attendant'),
(621, 1861309, 'flight attendant'),
(621, 655380, 'flight attendant'),
(622, 3620488, 'pilot'),
(622, 7776251, 'copilot'),
(622, 1839763, 'navigator'),
(622, 4125206, 'flight attendant'),
(622, 1861309, 'flight attendant'),
(623, 5640382, 'pilot'),
(623, 3681834, 'copilot'),
(623, 1839763, 'navigator'),
(623, 4125206, 'flight attendant'),
(623, 1861309, 'flight attendant'),
(623, 655380, 'flight attendant'),
(623, 4217559, 'flight attendant'),
(624, 6232635, 'pilot'),
(624, 7776251, 'copilot'),
(624, 8111137, 'navigator'),
(624, 4125206, 'flight attendant'),
(624, 1861309, 'flight attendant'),
(624, 655380, 'flight attendant'),
(624, 4217559, 'flight attendant'),
(625, 5640382, 'pilot'),
(625, 847529, 'copilot'),
(625, 1839763, 'navigator'),
(625, 4125206, 'flight attendant'),
(625, 1861309, 'flight attendant'),
(625, 655380, 'flight attendant'),
(626, 5640382, 'pilot'),
(626, 452441, 'copilot'),
(626, 2710263, 'navigator'),
(626, 4125206, 'flight attendant'),
(626, 1861309, 'flight attendant'),
(626, 655380, 'flight attendant'),
(627, 3620488, 'pilot'),
(627, 7776251, 'copilot'),
(627, 3381451, 'navigator'),
(627, 4125206, 'flight attendant'),
(627, 1861309, 'flight attendant'),
(627, 655380, 'flight attendant'),
(627, 4217559, 'flight attendant'),
(628, 3620488, 'pilot'),
(628, 3681834, 'copilot'),
(628, 1839763, 'navigator'),
(628, 4125206, 'flight attendant'),
(628, 1861309, 'flight attendant'),
(628, 655380, 'flight attendant'),
(629, 6232635, 'pilot'),
(629, 847529, 'copilot'),
(629, 8111137, 'navigator'),
(629, 4125206, 'flight attendant'),
(629, 1861309, 'flight attendant'),
(630, 5107118, 'pilot'),
(630, 3681834, 'copilot'),
(630, 2710263, 'navigator'),
(630, 4125206, 'flight attendant'),
(630, 1861309, 'flight attendant'),
(630, 655380, 'flight attendant'),
(630, 4217559, 'flight attendant'),
(630, 1326977, 'flight attendant'),
(631, 6232635, 'pilot'),
(631, 3681834, 'copilot'),
(631, 3381451, 'navigator'),
(631, 4125206, 'flight attendant'),
(631, 1861309, 'flight attendant'),
(631, 655380, 'flight attendant'),
(632, 5640382, 'pilot'),
(632, 452441, 'copilot'),
(632, 1839763, 'navigator'),
(632, 4125206, 'flight attendant'),
(632, 1861309, 'flight attendant'),
(632, 655380, 'flight attendant'),
(632, 4217559, 'flight attendant'),
(633, 6232635, 'pilot'),
(633, 7776251, 'copilot'),
(633, 1839763, 'navigator'),
(633, 4125206, 'flight attendant'),
(633, 1861309, 'flight attendant'),
(633, 655380, 'flight attendant'),
(633, 4217559, 'flight attendant'),
(634, 6232635, 'pilot'),
(634, 3681834, 'copilot'),
(634, 2710263, 'navigator'),
(634, 4125206, 'flight attendant'),
(634, 1861309, 'flight attendant'),
(634, 655380, 'flight attendant'),
(635, 5107118, 'pilot'),
(635, 7776251, 'copilot'),
(635, 2710263, 'navigator'),
(635, 4125206, 'flight attendant'),
(635, 1861309, 'flight attendant'),
(635, 655380, 'flight attendant'),
(635, 4217559, 'flight attendant'),
(635, 1326977, 'flight attendant'),
(636, 3620488, 'pilot'),
(636, 847529, 'copilot'),
(636, 2710263, 'navigator'),
(636, 4125206, 'flight attendant'),
(636, 1861309, 'flight attendant'),
(636, 655380, 'flight attendant'),
(636, 4217559, 'flight attendant'),
(636, 1326977, 'flight attendant'),
(637, 3620488, 'pilot'),
(637, 847529, 'copilot'),
(637, 3381451, 'navigator'),
(637, 4125206, 'flight attendant'),
(637, 1861309, 'flight attendant'),
(637, 655380, 'flight attendant'),
(637, 4217559, 'flight attendant'),
(638, 5640382, 'pilot'),
(638, 7776251, 'copilot'),
(638, 3381451, 'navigator'),
(638, 4125206, 'flight attendant'),
(638, 1861309, 'flight attendant'),
(639, 5107118, 'pilot'),
(639, 847529, 'copilot'),
(639, 3381451, 'navigator'),
(639, 4125206, 'flight attendant'),
(639, 1861309, 'flight attendant'),
(639, 655380, 'flight attendant'),
(640, 3061029, 'pilot'),
(640, 3681834, 'copilot'),
(640, 8111137, 'navigator'),
(640, 4125206, 'flight attendant'),
(640, 1861309, 'flight attendant'),
(640, 655380, 'flight attendant'),
(641, 3061029, 'pilot'),
(641, 452441, 'copilot'),
(641, 8111137, 'navigator'),
(641, 4125206, 'flight attendant'),
(641, 1861309, 'flight attendant'),
(641, 655380, 'flight attendant'),
(642, 5107118, 'pilot'),
(642, 847529, 'copilot'),
(642, 2710263, 'navigator'),
(642, 4125206, 'flight attendant'),
(642, 1861309, 'flight attendant'),
(642, 655380, 'flight attendant'),
(643, 5640382, 'pilot'),
(643, 452441, 'copilot'),
(643, 1839763, 'navigator'),
(643, 4125206, 'flight attendant'),
(643, 1861309, 'flight attendant'),
(643, 655380, 'flight attendant'),
(644, 3061029, 'pilot'),
(644, 3681834, 'copilot'),
(644, 8111137, 'navigator'),
(644, 4125206, 'flight attendant'),
(644, 1861309, 'flight attendant'),
(644, 655380, 'flight attendant'),
(644, 4217559, 'flight attendant'),
(644, 1326977, 'flight attendant'),
(645, 3061029, 'pilot'),
(645, 847529, 'copilot'),
(645, 2710263, 'navigator'),
(645, 4125206, 'flight attendant'),
(645, 1861309, 'flight attendant'),
(646, 3620488, 'pilot'),
(646, 847529, 'copilot'),
(646, 3381451, 'navigator'),
(646, 4125206, 'flight attendant'),
(646, 1861309, 'flight attendant'),
(647, 3620488, 'pilot'),
(647, 3681834, 'copilot'),
(647, 8111137, 'navigator'),
(647, 4125206, 'flight attendant'),
(647, 1861309, 'flight attendant'),
(647, 655380, 'flight attendant'),
(648, 5107118, 'pilot'),
(648, 7776251, 'copilot'),
(648, 1839763, 'navigator'),
(648, 4125206, 'flight attendant'),
(648, 1861309, 'flight attendant'),
(648, 655380, 'flight attendant'),
(649, 3620488, 'pilot'),
(649, 847529, 'copilot'),
(649, 1839763, 'navigator'),
(649, 4125206, 'flight attendant'),
(649, 1861309, 'flight attendant'),
(650, 5640382, 'pilot'),
(650, 3681834, 'copilot'),
(650, 8111137, 'navigator'),
(650, 4125206, 'flight attendant'),
(650, 1861309, 'flight attendant'),
(650, 655380, 'flight attendant'),
(651, 6232635, 'pilot'),
(651, 7776251, 'copilot'),
(651, 8111137, 'navigator'),
(651, 4125206, 'flight attendant'),
(651, 1861309, 'flight attendant'),
(651, 655380, 'flight attendant'),
(652, 5107118, 'pilot'),
(652, 847529, 'copilot'),
(652, 1839763, 'navigator'),
(652, 4125206, 'flight attendant'),
(652, 1861309, 'flight attendant'),
(652, 655380, 'flight attendant'),
(653, 5107118, 'pilot'),
(653, 3681834, 'copilot'),
(653, 2710263, 'navigator'),
(653, 4125206, 'flight attendant'),
(653, 1861309, 'flight attendant'),
(653, 655380, 'flight attendant'),
(653, 4217559, 'flight attendant'),
(653, 1326977, 'flight attendant'),
(654, 5107118, 'pilot'),
(654, 7776251, 'copilot'),
(654, 1839763, 'navigator'),
(654, 4125206, 'flight attendant'),
(654, 1861309, 'flight attendant'),
(655, 6232635, 'pilot'),
(655, 7776251, 'copilot'),
(655, 3381451, 'navigator'),
(655, 4125206, 'flight attendant'),
(655, 1861309, 'flight attendant'),
(655, 655380, 'flight attendant'),
(655, 4217559, 'flight attendant'),
(655, 1326977, 'flight attendant'),
(656, 5640382, 'pilot'),
(656, 847529, 'copilot'),
(656, 1839763, 'navigator'),
(656, 4125206, 'flight attendant'),
(656, 1861309, 'flight attendant'),
(656, 655380, 'flight attendant'),
(656, 4217559, 'flight attendant'),
(657, 5640382, 'pilot'),
(657, 3681834, 'copilot'),
(657, 1839763, 'navigator'),
(657, 4125206, 'flight attendant'),
(657, 1861309, 'flight attendant'),
(657, 655380, 'flight attendant'),
(657, 4217559, 'flight attendant'),
(658, 6232635, 'pilot'),
(658, 7776251, 'copilot'),
(658, 2710263, 'navigator'),
(658, 4125206, 'flight attendant'),
(658, 1861309, 'flight attendant'),
(658, 655380, 'flight attendant'),
(658, 4217559, 'flight attendant'),
(658, 1326977, 'flight attendant'),
(659, 3061029, 'pilot'),
(659, 847529, 'copilot'),
(659, 8111137, 'navigator'),
(659, 4125206, 'flight attendant'),
(659, 1861309, 'flight attendant'),
(660, 5640382, 'pilot'),
(660, 452441, 'copilot'),
(660, 1839763, 'navigator'),
(660, 4125206, 'flight attendant'),
(660, 1861309, 'flight attendant'),
(660, 655380, 'flight attendant'),
(660, 4217559, 'flight attendant'),
(661, 5640382, 'pilot'),
(661, 452441, 'copilot'),
(661, 3381451, 'navigator'),
(661, 4125206, 'flight attendant'),
(661, 1861309, 'flight attendant'),
(661, 655380, 'flight attendant'),
(661, 4217559, 'flight attendant'),
(662, 6232635, 'pilot'),
(662, 3681834, 'copilot'),
(662, 3381451, 'navigator'),
(662, 4125206, 'flight attendant'),
(662, 1861309, 'flight attendant'),
(662, 655380, 'flight attendant'),
(663, 5640382, 'pilot'),
(663, 452441, 'copilot'),
(663, 8111137, 'navigator'),
(663, 4125206, 'flight attendant'),
(663, 1861309, 'flight attendant'),
(663, 655380, 'flight attendant'),
(664, 5107118, 'pilot'),
(664, 3681834, 'copilot'),
(664, 8111137, 'navigator'),
(664, 4125206, 'flight attendant'),
(664, 1861309, 'flight attendant'),
(664, 655380, 'flight attendant'),
(664, 4217559, 'flight attendant'),
(665, 3061029, 'pilot'),
(665, 847529, 'copilot'),
(665, 3381451, 'navigator'),
(665, 4125206, 'flight attendant'),
(665, 1861309, 'flight attendant'),
(665, 655380, 'flight attendant'),
(666, 5107118, 'pilot'),
(666, 452441, 'copilot'),
(666, 3381451, 'navigator'),
(666, 4125206, 'flight attendant'),
(666, 1861309, 'flight attendant'),
(667, 5107118, 'pilot'),
(667, 452441, 'copilot'),
(667, 3381451, 'navigator'),
(667, 4125206, 'flight attendant'),
(667, 1861309, 'flight attendant'),
(667, 655380, 'flight attendant'),
(667, 4217559, 'flight attendant'),
(668, 3620488, 'pilot'),
(668, 847529, 'copilot'),
(668, 1839763, 'navigator'),
(668, 4125206, 'flight attendant'),
(668, 1861309, 'flight attendant'),
(669, 6232635, 'pilot'),
(669, 7776251, 'copilot'),
(669, 8111137, 'navigator'),
(669, 4125206, 'flight attendant'),
(669, 1861309, 'flight attendant'),
(669, 655380, 'flight attendant'),
(669, 4217559, 'flight attendant'),
(669, 1326977, 'flight attendant'),
(670, 5640382, 'pilot'),
(670, 3681834, 'copilot'),
(670, 1839763, 'navigator'),
(670, 4125206, 'flight attendant'),
(670, 1861309, 'flight attendant'),
(670, 655380, 'flight attendant'),
(670, 4217559, 'flight attendant'),
(671, 3061029, 'pilot'),
(671, 7776251, 'copilot'),
(671, 8111137, 'navigator'),
(671, 4125206, 'flight attendant'),
(671, 1861309, 'flight attendant'),
(671, 655380, 'flight attendant'),
(671, 4217559, 'flight attendant'),
(672, 3620488, 'pilot'),
(672, 7776251, 'copilot'),
(672, 1839763, 'navigator'),
(672, 4125206, 'flight attendant'),
(672, 1861309, 'flight attendant'),
(672, 655380, 'flight attendant'),
(672, 4217559, 'flight attendant'),
(672, 1326977, 'flight attendant'),
(673, 3620488, 'pilot'),
(673, 847529, 'copilot'),
(673, 8111137, 'navigator'),
(673, 4125206, 'flight attendant'),
(673, 1861309, 'flight attendant'),
(673, 655380, 'flight attendant'),
(673, 4217559, 'flight attendant'),
(674, 5107118, 'pilot'),
(674, 847529, 'copilot'),
(674, 1839763, 'navigator'),
(674, 4125206, 'flight attendant'),
(674, 1861309, 'flight attendant'),
(674, 655380, 'flight attendant'),
(674, 4217559, 'flight attendant'),
(675, 6232635, 'pilot'),
(675, 3681834, 'copilot'),
(675, 3381451, 'navigator'),
(675, 4125206, 'flight attendant'),
(675, 1861309, 'flight attendant'),
(676, 6232635, 'pilot'),
(676, 3681834, 'copilot'),
(676, 1839763, 'navigator'),
(676, 4125206, 'flight attendant'),
(676, 1861309, 'flight attendant'),
(677, 5107118, 'pilot'),
(677, 452441, 'copilot'),
(677, 1839763, 'navigator'),
(677, 4125206, 'flight attendant'),
(677, 1861309, 'flight attendant'),
(677, 655380, 'flight attendant'),
(677, 4217559, 'flight attendant'),
(678, 3061029, 'pilot'),
(678, 7776251, 'copilot'),
(678, 8111137, 'navigator'),
(678, 4125206, 'flight attendant'),
(678, 1861309, 'flight attendant'),
(679, 3061029, 'pilot'),
(679, 7776251, 'copilot'),
(679, 1839763, 'navigator'),
(679, 4125206, 'flight attendant'),
(679, 1861309, 'flight attendant'),
(679, 655380, 'flight attendant'),
(679, 4217559, 'flight attendant'),
(680, 5107118, 'pilot'),
(680, 847529, 'copilot'),
(680, 8111137, 'navigator'),
(680, 4125206, 'flight attendant'),
(680, 1861309, 'flight attendant'),
(680, 655380, 'flight attendant'),
(680, 4217559, 'flight attendant'),
(680, 1326977, 'flight attendant'),
(681, 6232635, 'pilot'),
(681, 452441, 'copilot'),
(681, 8111137, 'navigator'),
(681, 4125206, 'flight attendant'),
(681, 1861309, 'flight attendant'),
(681, 655380, 'flight attendant'),
(682, 5640382, 'pilot'),
(682, 847529, 'copilot'),
(682, 2710263, 'navigator'),
(682, 4125206, 'flight attendant'),
(682, 1861309, 'flight attendant'),
(682, 655380, 'flight attendant'),
(683, 5640382, 'pilot'),
(683, 452441, 'copilot'),
(683, 3381451, 'navigator'),
(683, 4125206, 'flight attendant'),
(683, 1861309, 'flight attendant'),
(683, 655380, 'flight attendant'),
(683, 4217559, 'flight attendant'),
(683, 1326977, 'flight attendant'),
(684, 6232635, 'pilot'),
(684, 3681834, 'copilot'),
(684, 2710263, 'navigator'),
(684, 4125206, 'flight attendant'),
(684, 1861309, 'flight attendant'),
(685, 3620488, 'pilot'),
(685, 847529, 'copilot'),
(685, 8111137, 'navigator'),
(685, 4125206, 'flight attendant'),
(685, 1861309, 'flight attendant'),
(685, 655380, 'flight attendant'),
(685, 4217559, 'flight attendant'),
(686, 5107118, 'pilot'),
(686, 452441, 'copilot'),
(686, 3381451, 'navigator'),
(686, 4125206, 'flight attendant'),
(686, 1861309, 'flight attendant'),
(687, 3061029, 'pilot'),
(687, 3681834, 'copilot'),
(687, 1839763, 'navigator'),
(687, 4125206, 'flight attendant'),
(687, 1861309, 'flight attendant'),
(687, 655380, 'flight attendant'),
(687, 4217559, 'flight attendant'),
(687, 1326977, 'flight attendant'),
(688, 3620488, 'pilot'),
(688, 3681834, 'copilot'),
(688, 1839763, 'navigator'),
(688, 4125206, 'flight attendant'),
(688, 1861309, 'flight attendant'),
(688, 655380, 'flight attendant'),
(689, 6232635, 'pilot'),
(689, 3681834, 'copilot'),
(689, 3381451, 'navigator'),
(689, 4125206, 'flight attendant'),
(689, 1861309, 'flight attendant'),
(690, 3620488, 'pilot'),
(690, 847529, 'copilot'),
(690, 1839763, 'navigator'),
(690, 4125206, 'flight attendant'),
(690, 1861309, 'flight attendant'),
(691, 5640382, 'pilot'),
(691, 452441, 'copilot'),
(691, 8111137, 'navigator'),
(691, 4125206, 'flight attendant'),
(691, 1861309, 'flight attendant'),
(691, 655380, 'flight attendant'),
(691, 4217559, 'flight attendant'),
(692, 6232635, 'pilot'),
(692, 452441, 'copilot'),
(692, 2710263, 'navigator'),
(692, 4125206, 'flight attendant'),
(692, 1861309, 'flight attendant'),
(693, 5107118, 'pilot'),
(693, 3681834, 'copilot'),
(693, 2710263, 'navigator'),
(693, 4125206, 'flight attendant'),
(693, 1861309, 'flight attendant'),
(693, 655380, 'flight attendant'),
(693, 4217559, 'flight attendant'),
(693, 1326977, 'flight attendant'),
(694, 3061029, 'pilot'),
(694, 452441, 'copilot'),
(694, 1839763, 'navigator'),
(694, 4125206, 'flight attendant'),
(694, 1861309, 'flight attendant'),
(695, 3061029, 'pilot'),
(695, 7776251, 'copilot'),
(695, 2710263, 'navigator'),
(695, 4125206, 'flight attendant'),
(695, 1861309, 'flight attendant'),
(695, 655380, 'flight attendant'),
(696, 3620488, 'pilot'),
(696, 7776251, 'copilot'),
(696, 1839763, 'navigator'),
(696, 4125206, 'flight attendant'),
(696, 1861309, 'flight attendant'),
(696, 655380, 'flight attendant'),
(696, 4217559, 'flight attendant'),
(697, 5107118, 'pilot'),
(697, 3681834, 'copilot'),
(697, 3381451, 'navigator'),
(697, 4125206, 'flight attendant'),
(697, 1861309, 'flight attendant'),
(697, 655380, 'flight attendant'),
(698, 5107118, 'pilot'),
(698, 3681834, 'copilot'),
(698, 2710263, 'navigator'),
(698, 4125206, 'flight attendant'),
(698, 1861309, 'flight attendant'),
(698, 655380, 'flight attendant'),
(698, 4217559, 'flight attendant'),
(698, 1326977, 'flight attendant'),
(699, 3620488, 'pilot'),
(699, 847529, 'copilot'),
(699, 8111137, 'navigator'),
(699, 4125206, 'flight attendant'),
(699, 1861309, 'flight attendant'),
(699, 655380, 'flight attendant'),
(700, 3061029, 'pilot'),
(700, 7776251, 'copilot'),
(700, 1839763, 'navigator'),
(700, 4125206, 'flight attendant'),
(700, 1861309, 'flight attendant'),
(700, 655380, 'flight attendant'),
(700, 4217559, 'flight attendant'),
(700, 1326977, 'flight attendant'),
(701, 5107118, 'pilot'),
(701, 3681834, 'copilot'),
(701, 8111137, 'navigator'),
(701, 4125206, 'flight attendant'),
(701, 1861309, 'flight attendant'),
(701, 655380, 'flight attendant'),
(702, 6232635, 'pilot'),
(702, 452441, 'copilot'),
(702, 1839763, 'navigator'),
(702, 4125206, 'flight attendant'),
(702, 1861309, 'flight attendant'),
(702, 655380, 'flight attendant'),
(702, 4217559, 'flight attendant'),
(703, 6232635, 'pilot'),
(703, 3681834, 'copilot'),
(703, 8111137, 'navigator'),
(703, 4125206, 'flight attendant'),
(703, 1861309, 'flight attendant'),
(703, 655380, 'flight attendant'),
(703, 4217559, 'flight attendant'),
(704, 3061029, 'pilot'),
(704, 3681834, 'copilot'),
(704, 2710263, 'navigator'),
(704, 4125206, 'flight attendant'),
(704, 1861309, 'flight attendant'),
(704, 655380, 'flight attendant'),
(704, 4217559, 'flight attendant'),
(704, 1326977, 'flight attendant'),
(705, 6232635, 'pilot'),
(705, 7776251, 'copilot'),
(705, 3381451, 'navigator'),
(705, 4125206, 'flight attendant'),
(705, 1861309, 'flight attendant'),
(705, 655380, 'flight attendant'),
(706, 5640382, 'pilot'),
(706, 847529, 'copilot'),
(706, 1839763, 'navigator'),
(706, 4125206, 'flight attendant'),
(706, 1861309, 'flight attendant'),
(707, 6232635, 'pilot'),
(707, 847529, 'copilot'),
(707, 1839763, 'navigator'),
(707, 4125206, 'flight attendant'),
(707, 1861309, 'flight attendant'),
(707, 655380, 'flight attendant'),
(707, 4217559, 'flight attendant'),
(708, 6232635, 'pilot'),
(708, 452441, 'copilot'),
(708, 2710263, 'navigator'),
(708, 4125206, 'flight attendant'),
(708, 1861309, 'flight attendant'),
(708, 655380, 'flight attendant'),
(708, 4217559, 'flight attendant'),
(709, 3061029, 'pilot'),
(709, 847529, 'copilot'),
(709, 3381451, 'navigator'),
(709, 4125206, 'flight attendant'),
(709, 1861309, 'flight attendant'),
(709, 655380, 'flight attendant'),
(709, 4217559, 'flight attendant'),
(710, 6232635, 'pilot'),
(710, 3681834, 'copilot'),
(710, 1839763, 'navigator'),
(710, 4125206, 'flight attendant'),
(710, 1861309, 'flight attendant'),
(710, 655380, 'flight attendant'),
(711, 6232635, 'pilot'),
(711, 847529, 'copilot'),
(711, 2710263, 'navigator'),
(711, 4125206, 'flight attendant'),
(711, 1861309, 'flight attendant'),
(712, 5107118, 'pilot'),
(712, 3681834, 'copilot'),
(712, 3381451, 'navigator'),
(712, 4125206, 'flight attendant'),
(712, 1861309, 'flight attendant'),
(713, 6232635, 'pilot'),
(713, 3681834, 'copilot'),
(713, 1839763, 'navigator'),
(713, 4125206, 'flight attendant'),
(713, 1861309, 'flight attendant'),
(713, 655380, 'flight attendant'),
(713, 4217559, 'flight attendant'),
(714, 3620488, 'pilot'),
(714, 3681834, 'copilot'),
(714, 2710263, 'navigator'),
(714, 4125206, 'flight attendant'),
(714, 1861309, 'flight attendant'),
(714, 655380, 'flight attendant'),
(714, 4217559, 'flight attendant'),
(715, 3061029, 'pilot'),
(715, 3681834, 'copilot'),
(715, 1839763, 'navigator'),
(715, 4125206, 'flight attendant'),
(715, 1861309, 'flight attendant'),
(715, 655380, 'flight attendant'),
(715, 4217559, 'flight attendant'),
(715, 1326977, 'flight attendant'),
(716, 6232635, 'pilot'),
(716, 7776251, 'copilot'),
(716, 2710263, 'navigator'),
(716, 4125206, 'flight attendant'),
(716, 1861309, 'flight attendant'),
(716, 655380, 'flight attendant'),
(716, 4217559, 'flight attendant'),
(716, 1326977, 'flight attendant'),
(717, 5640382, 'pilot'),
(717, 7776251, 'copilot'),
(717, 1839763, 'navigator'),
(717, 4125206, 'flight attendant'),
(717, 1861309, 'flight attendant'),
(717, 655380, 'flight attendant'),
(718, 6232635, 'pilot'),
(718, 452441, 'copilot'),
(718, 8111137, 'navigator'),
(718, 4125206, 'flight attendant'),
(718, 1861309, 'flight attendant'),
(719, 6232635, 'pilot'),
(719, 7776251, 'copilot'),
(719, 3381451, 'navigator'),
(719, 4125206, 'flight attendant'),
(719, 1861309, 'flight attendant'),
(720, 3061029, 'pilot'),
(720, 3681834, 'copilot'),
(720, 3381451, 'navigator'),
(720, 4125206, 'flight attendant'),
(720, 1861309, 'flight attendant'),
(721, 6232635, 'pilot'),
(721, 847529, 'copilot'),
(721, 8111137, 'navigator'),
(721, 4125206, 'flight attendant'),
(721, 1861309, 'flight attendant'),
(721, 655380, 'flight attendant'),
(721, 4217559, 'flight attendant'),
(722, 3061029, 'pilot'),
(722, 847529, 'copilot'),
(722, 3381451, 'navigator'),
(722, 4125206, 'flight attendant'),
(722, 1861309, 'flight attendant'),
(722, 655380, 'flight attendant'),
(722, 4217559, 'flight attendant'),
(723, 6232635, 'pilot'),
(723, 7776251, 'copilot'),
(723, 3381451, 'navigator'),
(723, 4125206, 'flight attendant'),
(723, 1861309, 'flight attendant'),
(724, 5107118, 'pilot'),
(724, 7776251, 'copilot'),
(724, 1839763, 'navigator'),
(724, 4125206, 'flight attendant'),
(724, 1861309, 'flight attendant'),
(725, 3061029, 'pilot'),
(725, 452441, 'copilot'),
(725, 1839763, 'navigator'),
(725, 4125206, 'flight attendant'),
(725, 1861309, 'flight attendant'),
(725, 655380, 'flight attendant'),
(725, 4217559, 'flight attendant'),
(726, 5107118, 'pilot'),
(726, 452441, 'copilot'),
(726, 8111137, 'navigator'),
(726, 4125206, 'flight attendant'),
(726, 1861309, 'flight attendant'),
(727, 6232635, 'pilot'),
(727, 847529, 'copilot'),
(727, 1839763, 'navigator'),
(727, 4125206, 'flight attendant'),
(727, 1861309, 'flight attendant'),
(727, 655380, 'flight attendant'),
(727, 4217559, 'flight attendant'),
(728, 5640382, 'pilot'),
(728, 847529, 'copilot'),
(728, 2710263, 'navigator'),
(728, 4125206, 'flight attendant'),
(728, 1861309, 'flight attendant'),
(728, 655380, 'flight attendant'),
(729, 3061029, 'pilot'),
(729, 847529, 'copilot'),
(729, 2710263, 'navigator'),
(729, 4125206, 'flight attendant'),
(729, 1861309, 'flight attendant'),
(729, 655380, 'flight attendant'),
(729, 4217559, 'flight attendant'),
(730, 5640382, 'pilot'),
(730, 452441, 'copilot'),
(730, 2710263, 'navigator'),
(730, 4125206, 'flight attendant'),
(730, 1861309, 'flight attendant'),
(730, 655380, 'flight attendant'),
(731, 6232635, 'pilot'),
(731, 7776251, 'copilot'),
(731, 2710263, 'navigator'),
(731, 4125206, 'flight attendant'),
(731, 1861309, 'flight attendant'),
(732, 5640382, 'pilot'),
(732, 3681834, 'copilot'),
(732, 2710263, 'navigator'),
(732, 4125206, 'flight attendant'),
(732, 1861309, 'flight attendant'),
(732, 655380, 'flight attendant'),
(732, 4217559, 'flight attendant'),
(732, 1326977, 'flight attendant'),
(733, 3061029, 'pilot'),
(733, 847529, 'copilot'),
(733, 2710263, 'navigator'),
(733, 4125206, 'flight attendant'),
(733, 1861309, 'flight attendant'),
(734, 3061029, 'pilot'),
(734, 452441, 'copilot'),
(734, 2710263, 'navigator'),
(734, 4125206, 'flight attendant'),
(734, 1861309, 'flight attendant'),
(734, 655380, 'flight attendant'),
(735, 5107118, 'pilot'),
(735, 3681834, 'copilot'),
(735, 8111137, 'navigator'),
(735, 4125206, 'flight attendant'),
(735, 1861309, 'flight attendant'),
(735, 655380, 'flight attendant'),
(736, 3620488, 'pilot'),
(736, 847529, 'copilot'),
(736, 8111137, 'navigator'),
(736, 4125206, 'flight attendant'),
(736, 1861309, 'flight attendant'),
(737, 6232635, 'pilot'),
(737, 452441, 'copilot'),
(737, 8111137, 'navigator'),
(737, 4125206, 'flight attendant'),
(737, 1861309, 'flight attendant'),
(737, 655380, 'flight attendant'),
(738, 3620488, 'pilot'),
(738, 847529, 'copilot'),
(738, 3381451, 'navigator'),
(738, 4125206, 'flight attendant'),
(738, 1861309, 'flight attendant'),
(738, 655380, 'flight attendant'),
(739, 6232635, 'pilot'),
(739, 3681834, 'copilot'),
(739, 8111137, 'navigator'),
(739, 4125206, 'flight attendant'),
(739, 1861309, 'flight attendant'),
(739, 655380, 'flight attendant'),
(739, 4217559, 'flight attendant'),
(740, 5640382, 'pilot'),
(740, 452441, 'copilot'),
(740, 3381451, 'navigator'),
(740, 4125206, 'flight attendant'),
(740, 1861309, 'flight attendant'),
(741, 5640382, 'pilot'),
(741, 7776251, 'copilot'),
(741, 1839763, 'navigator'),
(741, 4125206, 'flight attendant'),
(741, 1861309, 'flight attendant'),
(741, 655380, 'flight attendant'),
(741, 4217559, 'flight attendant'),
(742, 3620488, 'pilot'),
(742, 7776251, 'copilot'),
(742, 2710263, 'navigator'),
(742, 4125206, 'flight attendant'),
(742, 1861309, 'flight attendant'),
(742, 655380, 'flight attendant'),
(742, 4217559, 'flight attendant'),
(742, 1326977, 'flight attendant'),
(743, 5640382, 'pilot'),
(743, 7776251, 'copilot'),
(743, 1839763, 'navigator'),
(743, 4125206, 'flight attendant'),
(743, 1861309, 'flight attendant'),
(744, 3061029, 'pilot'),
(744, 847529, 'copilot'),
(744, 1839763, 'navigator'),
(744, 4125206, 'flight attendant'),
(744, 1861309, 'flight attendant'),
(745, 5640382, 'pilot'),
(745, 7776251, 'copilot'),
(745, 1839763, 'navigator'),
(745, 4125206, 'flight attendant'),
(745, 1861309, 'flight attendant'),
(745, 655380, 'flight attendant'),
(745, 4217559, 'flight attendant'),
(746, 5640382, 'pilot'),
(746, 3681834, 'copilot'),
(746, 1839763, 'navigator'),
(746, 4125206, 'flight attendant'),
(746, 1861309, 'flight attendant'),
(747, 3620488, 'pilot'),
(747, 847529, 'copilot'),
(747, 2710263, 'navigator'),
(747, 4125206, 'flight attendant'),
(747, 1861309, 'flight attendant'),
(747, 655380, 'flight attendant'),
(747, 4217559, 'flight attendant'),
(747, 1326977, 'flight attendant'),
(748, 6232635, 'pilot'),
(748, 7776251, 'copilot'),
(748, 8111137, 'navigator'),
(748, 4125206, 'flight attendant'),
(748, 1861309, 'flight attendant'),
(748, 655380, 'flight attendant'),
(749, 5107118, 'pilot'),
(749, 847529, 'copilot'),
(749, 3381451, 'navigator'),
(749, 4125206, 'flight attendant'),
(749, 1861309, 'flight attendant'),
(749, 655380, 'flight attendant'),
(749, 4217559, 'flight attendant'),
(750, 6232635, 'pilot'),
(750, 847529, 'copilot'),
(750, 2710263, 'navigator'),
(750, 4125206, 'flight attendant'),
(750, 1861309, 'flight attendant');

INSERT INTO flightcrew_crewmember (crewID, faaNum, presentRole)
VALUES
(751, 3620488, 'pilot'),
(751, 7776251, 'copilot'),
(751, 2710263, 'navigator'),
(751, 4125206, 'flight attendant'),
(751, 1861309, 'flight attendant'),
(751, 655380, 'flight attendant'),
(752, 3061029, 'pilot'),
(752, 7776251, 'copilot'),
(752, 8111137, 'navigator'),
(752, 4125206, 'flight attendant'),
(752, 1861309, 'flight attendant'),
(753, 3061029, 'pilot'),
(753, 7776251, 'copilot'),
(753, 1839763, 'navigator'),
(753, 4125206, 'flight attendant'),
(753, 1861309, 'flight attendant'),
(754, 5640382, 'pilot'),
(754, 847529, 'copilot'),
(754, 3381451, 'navigator'),
(754, 4125206, 'flight attendant'),
(754, 1861309, 'flight attendant'),
(754, 655380, 'flight attendant'),
(754, 4217559, 'flight attendant'),
(754, 1326977, 'flight attendant'),
(755, 6232635, 'pilot'),
(755, 847529, 'copilot'),
(755, 3381451, 'navigator'),
(755, 4125206, 'flight attendant'),
(755, 1861309, 'flight attendant'),
(755, 655380, 'flight attendant'),
(755, 4217559, 'flight attendant'),
(755, 1326977, 'flight attendant'),
(756, 6232635, 'pilot'),
(756, 452441, 'copilot'),
(756, 3381451, 'navigator'),
(756, 4125206, 'flight attendant'),
(756, 1861309, 'flight attendant'),
(756, 655380, 'flight attendant'),
(757, 5107118, 'pilot'),
(757, 847529, 'copilot'),
(757, 1839763, 'navigator'),
(757, 4125206, 'flight attendant'),
(757, 1861309, 'flight attendant'),
(757, 655380, 'flight attendant'),
(758, 3620488, 'pilot'),
(758, 847529, 'copilot'),
(758, 2710263, 'navigator'),
(758, 4125206, 'flight attendant'),
(758, 1861309, 'flight attendant'),
(758, 655380, 'flight attendant'),
(759, 3620488, 'pilot'),
(759, 452441, 'copilot'),
(759, 1839763, 'navigator'),
(759, 4125206, 'flight attendant'),
(759, 1861309, 'flight attendant'),
(759, 655380, 'flight attendant'),
(759, 4217559, 'flight attendant'),
(760, 5640382, 'pilot'),
(760, 3681834, 'copilot'),
(760, 3381451, 'navigator'),
(760, 4125206, 'flight attendant'),
(760, 1861309, 'flight attendant'),
(760, 655380, 'flight attendant'),
(761, 6232635, 'pilot'),
(761, 847529, 'copilot'),
(761, 3381451, 'navigator'),
(761, 4125206, 'flight attendant'),
(761, 1861309, 'flight attendant'),
(762, 3620488, 'pilot'),
(762, 847529, 'copilot'),
(762, 1839763, 'navigator'),
(762, 4125206, 'flight attendant'),
(762, 1861309, 'flight attendant'),
(763, 3061029, 'pilot'),
(763, 7776251, 'copilot'),
(763, 2710263, 'navigator'),
(763, 4125206, 'flight attendant'),
(763, 1861309, 'flight attendant'),
(763, 655380, 'flight attendant'),
(763, 4217559, 'flight attendant'),
(764, 3620488, 'pilot'),
(764, 847529, 'copilot'),
(764, 8111137, 'navigator'),
(764, 4125206, 'flight attendant'),
(764, 1861309, 'flight attendant'),
(764, 655380, 'flight attendant'),
(765, 5107118, 'pilot'),
(765, 847529, 'copilot'),
(765, 8111137, 'navigator'),
(765, 4125206, 'flight attendant'),
(765, 1861309, 'flight attendant'),
(765, 655380, 'flight attendant'),
(766, 3620488, 'pilot'),
(766, 7776251, 'copilot'),
(766, 3381451, 'navigator'),
(766, 4125206, 'flight attendant'),
(766, 1861309, 'flight attendant'),
(767, 5107118, 'pilot'),
(767, 7776251, 'copilot'),
(767, 8111137, 'navigator'),
(767, 4125206, 'flight attendant'),
(767, 1861309, 'flight attendant'),
(767, 655380, 'flight attendant'),
(767, 4217559, 'flight attendant'),
(767, 1326977, 'flight attendant'),
(768, 3620488, 'pilot'),
(768, 452441, 'copilot'),
(768, 3381451, 'navigator'),
(768, 4125206, 'flight attendant'),
(768, 1861309, 'flight attendant'),
(768, 655380, 'flight attendant'),
(769, 6232635, 'pilot'),
(769, 3681834, 'copilot'),
(769, 8111137, 'navigator'),
(769, 4125206, 'flight attendant'),
(769, 1861309, 'flight attendant'),
(769, 655380, 'flight attendant'),
(770, 3620488, 'pilot'),
(770, 452441, 'copilot'),
(770, 8111137, 'navigator'),
(770, 4125206, 'flight attendant'),
(770, 1861309, 'flight attendant'),
(770, 655380, 'flight attendant'),
(771, 6232635, 'pilot'),
(771, 7776251, 'copilot'),
(771, 1839763, 'navigator'),
(771, 4125206, 'flight attendant'),
(771, 1861309, 'flight attendant'),
(771, 655380, 'flight attendant'),
(771, 4217559, 'flight attendant'),
(771, 1326977, 'flight attendant'),
(772, 5640382, 'pilot'),
(772, 847529, 'copilot'),
(772, 2710263, 'navigator'),
(772, 4125206, 'flight attendant'),
(772, 1861309, 'flight attendant'),
(772, 655380, 'flight attendant'),
(772, 4217559, 'flight attendant'),
(772, 1326977, 'flight attendant'),
(773, 5640382, 'pilot'),
(773, 7776251, 'copilot'),
(773, 1839763, 'navigator'),
(773, 4125206, 'flight attendant'),
(773, 1861309, 'flight attendant'),
(773, 655380, 'flight attendant'),
(773, 4217559, 'flight attendant'),
(774, 6232635, 'pilot'),
(774, 847529, 'copilot'),
(774, 2710263, 'navigator'),
(774, 4125206, 'flight attendant'),
(774, 1861309, 'flight attendant'),
(775, 5107118, 'pilot'),
(775, 847529, 'copilot'),
(775, 8111137, 'navigator'),
(775, 4125206, 'flight attendant'),
(775, 1861309, 'flight attendant'),
(776, 3620488, 'pilot'),
(776, 3681834, 'copilot'),
(776, 2710263, 'navigator'),
(776, 4125206, 'flight attendant'),
(776, 1861309, 'flight attendant'),
(776, 655380, 'flight attendant'),
(776, 4217559, 'flight attendant'),
(777, 6232635, 'pilot'),
(777, 452441, 'copilot'),
(777, 1839763, 'navigator'),
(777, 4125206, 'flight attendant'),
(777, 1861309, 'flight attendant'),
(778, 3620488, 'pilot'),
(778, 7776251, 'copilot'),
(778, 3381451, 'navigator'),
(778, 4125206, 'flight attendant'),
(778, 1861309, 'flight attendant'),
(779, 5640382, 'pilot'),
(779, 452441, 'copilot'),
(779, 2710263, 'navigator'),
(779, 4125206, 'flight attendant'),
(779, 1861309, 'flight attendant'),
(779, 655380, 'flight attendant'),
(779, 4217559, 'flight attendant'),
(779, 1326977, 'flight attendant'),
(780, 5640382, 'pilot'),
(780, 7776251, 'copilot'),
(780, 3381451, 'navigator'),
(780, 4125206, 'flight attendant'),
(780, 1861309, 'flight attendant'),
(780, 655380, 'flight attendant'),
(780, 4217559, 'flight attendant'),
(780, 1326977, 'flight attendant'),
(781, 3620488, 'pilot'),
(781, 847529, 'copilot'),
(781, 2710263, 'navigator'),
(781, 4125206, 'flight attendant'),
(781, 1861309, 'flight attendant'),
(781, 655380, 'flight attendant'),
(781, 4217559, 'flight attendant'),
(781, 1326977, 'flight attendant'),
(782, 3620488, 'pilot'),
(782, 3681834, 'copilot'),
(782, 3381451, 'navigator'),
(782, 4125206, 'flight attendant'),
(782, 1861309, 'flight attendant'),
(783, 5107118, 'pilot'),
(783, 847529, 'copilot'),
(783, 2710263, 'navigator'),
(783, 4125206, 'flight attendant'),
(783, 1861309, 'flight attendant'),
(783, 655380, 'flight attendant'),
(783, 4217559, 'flight attendant'),
(784, 3061029, 'pilot'),
(784, 452441, 'copilot'),
(784, 3381451, 'navigator'),
(784, 4125206, 'flight attendant'),
(784, 1861309, 'flight attendant'),
(785, 6232635, 'pilot'),
(785, 847529, 'copilot'),
(785, 8111137, 'navigator'),
(785, 4125206, 'flight attendant'),
(785, 1861309, 'flight attendant'),
(786, 3620488, 'pilot'),
(786, 3681834, 'copilot'),
(786, 2710263, 'navigator'),
(786, 4125206, 'flight attendant'),
(786, 1861309, 'flight attendant'),
(787, 6232635, 'pilot'),
(787, 452441, 'copilot'),
(787, 3381451, 'navigator'),
(787, 4125206, 'flight attendant'),
(787, 1861309, 'flight attendant'),
(787, 655380, 'flight attendant'),
(787, 4217559, 'flight attendant'),
(787, 1326977, 'flight attendant'),
(788, 3620488, 'pilot'),
(788, 452441, 'copilot'),
(788, 8111137, 'navigator'),
(788, 4125206, 'flight attendant'),
(788, 1861309, 'flight attendant'),
(788, 655380, 'flight attendant'),
(788, 4217559, 'flight attendant'),
(789, 5107118, 'pilot'),
(789, 3681834, 'copilot'),
(789, 1839763, 'navigator'),
(789, 4125206, 'flight attendant'),
(789, 1861309, 'flight attendant'),
(789, 655380, 'flight attendant'),
(789, 4217559, 'flight attendant'),
(790, 5107118, 'pilot'),
(790, 3681834, 'copilot'),
(790, 8111137, 'navigator'),
(790, 4125206, 'flight attendant'),
(790, 1861309, 'flight attendant'),
(790, 655380, 'flight attendant'),
(790, 4217559, 'flight attendant'),
(791, 6232635, 'pilot'),
(791, 847529, 'copilot'),
(791, 3381451, 'navigator'),
(791, 4125206, 'flight attendant'),
(791, 1861309, 'flight attendant'),
(791, 655380, 'flight attendant'),
(792, 6232635, 'pilot'),
(792, 7776251, 'copilot'),
(792, 3381451, 'navigator'),
(792, 4125206, 'flight attendant'),
(792, 1861309, 'flight attendant'),
(792, 655380, 'flight attendant'),
(793, 5640382, 'pilot'),
(793, 452441, 'copilot'),
(793, 3381451, 'navigator'),
(793, 4125206, 'flight attendant'),
(793, 1861309, 'flight attendant'),
(793, 655380, 'flight attendant'),
(794, 3061029, 'pilot'),
(794, 7776251, 'copilot'),
(794, 3381451, 'navigator'),
(794, 4125206, 'flight attendant'),
(794, 1861309, 'flight attendant'),
(794, 655380, 'flight attendant'),
(794, 4217559, 'flight attendant'),
(795, 5640382, 'pilot'),
(795, 7776251, 'copilot'),
(795, 2710263, 'navigator'),
(795, 4125206, 'flight attendant'),
(795, 1861309, 'flight attendant'),
(796, 5640382, 'pilot'),
(796, 847529, 'copilot'),
(796, 8111137, 'navigator'),
(796, 4125206, 'flight attendant'),
(796, 1861309, 'flight attendant'),
(796, 655380, 'flight attendant'),
(797, 6232635, 'pilot'),
(797, 3681834, 'copilot'),
(797, 8111137, 'navigator'),
(797, 4125206, 'flight attendant'),
(797, 1861309, 'flight attendant'),
(797, 655380, 'flight attendant'),
(797, 4217559, 'flight attendant'),
(798, 6232635, 'pilot'),
(798, 847529, 'copilot'),
(798, 3381451, 'navigator'),
(798, 4125206, 'flight attendant'),
(798, 1861309, 'flight attendant'),
(798, 655380, 'flight attendant'),
(798, 4217559, 'flight attendant'),
(798, 1326977, 'flight attendant'),
(799, 6232635, 'pilot'),
(799, 452441, 'copilot'),
(799, 2710263, 'navigator'),
(799, 4125206, 'flight attendant'),
(799, 1861309, 'flight attendant'),
(800, 3061029, 'pilot'),
(800, 3681834, 'copilot'),
(800, 8111137, 'navigator'),
(800, 4125206, 'flight attendant'),
(800, 1861309, 'flight attendant'),
(801, 5107118, 'pilot'),
(801, 3681834, 'copilot'),
(801, 2710263, 'navigator'),
(801, 4125206, 'flight attendant'),
(801, 1861309, 'flight attendant'),
(801, 655380, 'flight attendant'),
(801, 4217559, 'flight attendant'),
(802, 5640382, 'pilot'),
(802, 452441, 'copilot'),
(802, 3381451, 'navigator'),
(802, 4125206, 'flight attendant'),
(802, 1861309, 'flight attendant'),
(802, 655380, 'flight attendant'),
(802, 4217559, 'flight attendant'),
(802, 1326977, 'flight attendant'),
(803, 6232635, 'pilot'),
(803, 7776251, 'copilot'),
(803, 3381451, 'navigator'),
(803, 4125206, 'flight attendant'),
(803, 1861309, 'flight attendant'),
(803, 655380, 'flight attendant'),
(803, 4217559, 'flight attendant'),
(804, 3061029, 'pilot'),
(804, 452441, 'copilot'),
(804, 3381451, 'navigator'),
(804, 4125206, 'flight attendant'),
(804, 1861309, 'flight attendant'),
(804, 655380, 'flight attendant'),
(804, 4217559, 'flight attendant'),
(804, 1326977, 'flight attendant'),
(805, 5640382, 'pilot'),
(805, 7776251, 'copilot'),
(805, 8111137, 'navigator'),
(805, 4125206, 'flight attendant'),
(805, 1861309, 'flight attendant'),
(805, 655380, 'flight attendant'),
(805, 4217559, 'flight attendant'),
(806, 6232635, 'pilot'),
(806, 452441, 'copilot'),
(806, 3381451, 'navigator'),
(806, 4125206, 'flight attendant'),
(806, 1861309, 'flight attendant'),
(806, 655380, 'flight attendant'),
(806, 4217559, 'flight attendant'),
(807, 3620488, 'pilot'),
(807, 7776251, 'copilot'),
(807, 8111137, 'navigator'),
(807, 4125206, 'flight attendant'),
(807, 1861309, 'flight attendant'),
(807, 655380, 'flight attendant'),
(807, 4217559, 'flight attendant'),
(807, 1326977, 'flight attendant'),
(808, 5107118, 'pilot'),
(808, 452441, 'copilot'),
(808, 8111137, 'navigator'),
(808, 4125206, 'flight attendant'),
(808, 1861309, 'flight attendant'),
(808, 655380, 'flight attendant'),
(808, 4217559, 'flight attendant'),
(809, 3620488, 'pilot'),
(809, 452441, 'copilot'),
(809, 8111137, 'navigator'),
(809, 4125206, 'flight attendant'),
(809, 1861309, 'flight attendant'),
(809, 655380, 'flight attendant'),
(810, 5107118, 'pilot'),
(810, 7776251, 'copilot'),
(810, 2710263, 'navigator'),
(810, 4125206, 'flight attendant'),
(810, 1861309, 'flight attendant'),
(810, 655380, 'flight attendant'),
(810, 4217559, 'flight attendant'),
(810, 1326977, 'flight attendant'),
(811, 3620488, 'pilot'),
(811, 452441, 'copilot'),
(811, 2710263, 'navigator'),
(811, 4125206, 'flight attendant'),
(811, 1861309, 'flight attendant'),
(811, 655380, 'flight attendant'),
(811, 4217559, 'flight attendant'),
(812, 6232635, 'pilot'),
(812, 847529, 'copilot'),
(812, 1839763, 'navigator'),
(812, 4125206, 'flight attendant'),
(812, 1861309, 'flight attendant'),
(813, 6232635, 'pilot'),
(813, 452441, 'copilot'),
(813, 2710263, 'navigator'),
(813, 4125206, 'flight attendant'),
(813, 1861309, 'flight attendant'),
(813, 655380, 'flight attendant'),
(813, 4217559, 'flight attendant'),
(814, 5640382, 'pilot'),
(814, 847529, 'copilot'),
(814, 3381451, 'navigator'),
(814, 4125206, 'flight attendant'),
(814, 1861309, 'flight attendant'),
(814, 655380, 'flight attendant'),
(814, 4217559, 'flight attendant'),
(815, 3620488, 'pilot'),
(815, 452441, 'copilot'),
(815, 1839763, 'navigator'),
(815, 4125206, 'flight attendant'),
(815, 1861309, 'flight attendant'),
(816, 5107118, 'pilot'),
(816, 847529, 'copilot'),
(816, 3381451, 'navigator'),
(816, 4125206, 'flight attendant'),
(816, 1861309, 'flight attendant'),
(817, 5640382, 'pilot'),
(817, 3681834, 'copilot'),
(817, 3381451, 'navigator'),
(817, 4125206, 'flight attendant'),
(817, 1861309, 'flight attendant'),
(818, 5640382, 'pilot'),
(818, 3681834, 'copilot'),
(818, 1839763, 'navigator'),
(818, 4125206, 'flight attendant'),
(818, 1861309, 'flight attendant'),
(819, 3620488, 'pilot'),
(819, 7776251, 'copilot'),
(819, 3381451, 'navigator'),
(819, 4125206, 'flight attendant'),
(819, 1861309, 'flight attendant'),
(820, 5107118, 'pilot'),
(820, 7776251, 'copilot'),
(820, 2710263, 'navigator'),
(820, 4125206, 'flight attendant'),
(820, 1861309, 'flight attendant'),
(820, 655380, 'flight attendant'),
(821, 5107118, 'pilot'),
(821, 3681834, 'copilot'),
(821, 1839763, 'navigator'),
(821, 4125206, 'flight attendant'),
(821, 1861309, 'flight attendant'),
(821, 655380, 'flight attendant'),
(822, 6232635, 'pilot'),
(822, 7776251, 'copilot'),
(822, 3381451, 'navigator'),
(822, 4125206, 'flight attendant'),
(822, 1861309, 'flight attendant'),
(823, 5640382, 'pilot'),
(823, 7776251, 'copilot'),
(823, 2710263, 'navigator'),
(823, 4125206, 'flight attendant'),
(823, 1861309, 'flight attendant'),
(823, 655380, 'flight attendant'),
(824, 3061029, 'pilot'),
(824, 452441, 'copilot'),
(824, 3381451, 'navigator'),
(824, 4125206, 'flight attendant'),
(824, 1861309, 'flight attendant'),
(824, 655380, 'flight attendant'),
(824, 4217559, 'flight attendant'),
(824, 1326977, 'flight attendant'),
(825, 3620488, 'pilot'),
(825, 452441, 'copilot'),
(825, 3381451, 'navigator'),
(825, 4125206, 'flight attendant'),
(825, 1861309, 'flight attendant'),
(826, 5107118, 'pilot'),
(826, 847529, 'copilot'),
(826, 3381451, 'navigator'),
(826, 4125206, 'flight attendant'),
(826, 1861309, 'flight attendant'),
(826, 655380, 'flight attendant'),
(826, 4217559, 'flight attendant'),
(826, 1326977, 'flight attendant'),
(827, 3061029, 'pilot'),
(827, 847529, 'copilot'),
(827, 1839763, 'navigator'),
(827, 4125206, 'flight attendant'),
(827, 1861309, 'flight attendant'),
(827, 655380, 'flight attendant'),
(827, 4217559, 'flight attendant'),
(827, 1326977, 'flight attendant'),
(828, 3061029, 'pilot'),
(828, 3681834, 'copilot'),
(828, 2710263, 'navigator'),
(828, 4125206, 'flight attendant'),
(828, 1861309, 'flight attendant'),
(829, 5107118, 'pilot'),
(829, 7776251, 'copilot'),
(829, 1839763, 'navigator'),
(829, 4125206, 'flight attendant'),
(829, 1861309, 'flight attendant'),
(829, 655380, 'flight attendant'),
(829, 4217559, 'flight attendant'),
(830, 5640382, 'pilot'),
(830, 3681834, 'copilot'),
(830, 1839763, 'navigator'),
(830, 4125206, 'flight attendant'),
(830, 1861309, 'flight attendant'),
(830, 655380, 'flight attendant'),
(831, 5640382, 'pilot'),
(831, 7776251, 'copilot'),
(831, 8111137, 'navigator'),
(831, 4125206, 'flight attendant'),
(831, 1861309, 'flight attendant'),
(832, 3620488, 'pilot'),
(832, 3681834, 'copilot'),
(832, 2710263, 'navigator'),
(832, 4125206, 'flight attendant'),
(832, 1861309, 'flight attendant'),
(832, 655380, 'flight attendant'),
(832, 4217559, 'flight attendant'),
(832, 1326977, 'flight attendant'),
(833, 6232635, 'pilot'),
(833, 3681834, 'copilot'),
(833, 3381451, 'navigator'),
(833, 4125206, 'flight attendant'),
(833, 1861309, 'flight attendant'),
(833, 655380, 'flight attendant'),
(833, 4217559, 'flight attendant'),
(833, 1326977, 'flight attendant'),
(834, 5640382, 'pilot'),
(834, 452441, 'copilot'),
(834, 8111137, 'navigator'),
(834, 4125206, 'flight attendant'),
(834, 1861309, 'flight attendant'),
(834, 655380, 'flight attendant'),
(834, 4217559, 'flight attendant'),
(835, 5107118, 'pilot'),
(835, 847529, 'copilot'),
(835, 3381451, 'navigator'),
(835, 4125206, 'flight attendant'),
(835, 1861309, 'flight attendant'),
(835, 655380, 'flight attendant'),
(835, 4217559, 'flight attendant'),
(835, 1326977, 'flight attendant'),
(836, 3061029, 'pilot'),
(836, 452441, 'copilot'),
(836, 8111137, 'navigator'),
(836, 4125206, 'flight attendant'),
(836, 1861309, 'flight attendant'),
(837, 5640382, 'pilot'),
(837, 3681834, 'copilot'),
(837, 3381451, 'navigator'),
(837, 4125206, 'flight attendant'),
(837, 1861309, 'flight attendant'),
(837, 655380, 'flight attendant'),
(837, 4217559, 'flight attendant'),
(837, 1326977, 'flight attendant'),
(838, 5107118, 'pilot'),
(838, 7776251, 'copilot'),
(838, 8111137, 'navigator'),
(838, 4125206, 'flight attendant'),
(838, 1861309, 'flight attendant'),
(839, 5640382, 'pilot'),
(839, 7776251, 'copilot'),
(839, 3381451, 'navigator'),
(839, 4125206, 'flight attendant'),
(839, 1861309, 'flight attendant'),
(839, 655380, 'flight attendant'),
(839, 4217559, 'flight attendant'),
(840, 3620488, 'pilot'),
(840, 7776251, 'copilot'),
(840, 3381451, 'navigator'),
(840, 4125206, 'flight attendant'),
(840, 1861309, 'flight attendant'),
(840, 655380, 'flight attendant'),
(840, 4217559, 'flight attendant'),
(840, 1326977, 'flight attendant'),
(841, 5640382, 'pilot'),
(841, 847529, 'copilot'),
(841, 2710263, 'navigator'),
(841, 4125206, 'flight attendant'),
(841, 1861309, 'flight attendant'),
(841, 655380, 'flight attendant'),
(842, 6232635, 'pilot'),
(842, 847529, 'copilot'),
(842, 8111137, 'navigator'),
(842, 4125206, 'flight attendant'),
(842, 1861309, 'flight attendant'),
(842, 655380, 'flight attendant'),
(842, 4217559, 'flight attendant'),
(842, 1326977, 'flight attendant'),
(843, 5107118, 'pilot'),
(843, 7776251, 'copilot'),
(843, 3381451, 'navigator'),
(843, 4125206, 'flight attendant'),
(843, 1861309, 'flight attendant'),
(843, 655380, 'flight attendant'),
(843, 4217559, 'flight attendant'),
(844, 3620488, 'pilot'),
(844, 847529, 'copilot'),
(844, 8111137, 'navigator'),
(844, 4125206, 'flight attendant'),
(844, 1861309, 'flight attendant'),
(844, 655380, 'flight attendant'),
(844, 4217559, 'flight attendant'),
(845, 5640382, 'pilot'),
(845, 847529, 'copilot'),
(845, 1839763, 'navigator'),
(845, 4125206, 'flight attendant'),
(845, 1861309, 'flight attendant'),
(845, 655380, 'flight attendant'),
(845, 4217559, 'flight attendant'),
(846, 6232635, 'pilot'),
(846, 3681834, 'copilot'),
(846, 3381451, 'navigator'),
(846, 4125206, 'flight attendant'),
(846, 1861309, 'flight attendant'),
(846, 655380, 'flight attendant'),
(846, 4217559, 'flight attendant'),
(846, 1326977, 'flight attendant'),
(847, 3061029, 'pilot'),
(847, 847529, 'copilot'),
(847, 8111137, 'navigator'),
(847, 4125206, 'flight attendant'),
(847, 1861309, 'flight attendant'),
(847, 655380, 'flight attendant'),
(847, 4217559, 'flight attendant'),
(847, 1326977, 'flight attendant'),
(848, 5640382, 'pilot'),
(848, 3681834, 'copilot'),
(848, 3381451, 'navigator'),
(848, 4125206, 'flight attendant'),
(848, 1861309, 'flight attendant'),
(849, 5640382, 'pilot'),
(849, 3681834, 'copilot'),
(849, 1839763, 'navigator'),
(849, 4125206, 'flight attendant'),
(849, 1861309, 'flight attendant'),
(850, 3061029, 'pilot'),
(850, 452441, 'copilot'),
(850, 8111137, 'navigator'),
(850, 4125206, 'flight attendant'),
(850, 1861309, 'flight attendant'),
(851, 3061029, 'pilot'),
(851, 452441, 'copilot'),
(851, 3381451, 'navigator'),
(851, 4125206, 'flight attendant'),
(851, 1861309, 'flight attendant'),
(851, 655380, 'flight attendant'),
(851, 4217559, 'flight attendant'),
(851, 1326977, 'flight attendant'),
(852, 5640382, 'pilot'),
(852, 847529, 'copilot'),
(852, 8111137, 'navigator'),
(852, 4125206, 'flight attendant'),
(852, 1861309, 'flight attendant'),
(853, 6232635, 'pilot'),
(853, 452441, 'copilot'),
(853, 3381451, 'navigator'),
(853, 4125206, 'flight attendant'),
(853, 1861309, 'flight attendant'),
(854, 3061029, 'pilot'),
(854, 847529, 'copilot'),
(854, 8111137, 'navigator'),
(854, 4125206, 'flight attendant'),
(854, 1861309, 'flight attendant'),
(854, 655380, 'flight attendant'),
(855, 3061029, 'pilot'),
(855, 7776251, 'copilot'),
(855, 8111137, 'navigator'),
(855, 4125206, 'flight attendant'),
(855, 1861309, 'flight attendant'),
(855, 655380, 'flight attendant'),
(855, 4217559, 'flight attendant'),
(855, 1326977, 'flight attendant'),
(856, 3061029, 'pilot'),
(856, 847529, 'copilot'),
(856, 8111137, 'navigator'),
(856, 4125206, 'flight attendant'),
(856, 1861309, 'flight attendant'),
(856, 655380, 'flight attendant'),
(856, 4217559, 'flight attendant'),
(857, 5640382, 'pilot'),
(857, 7776251, 'copilot'),
(857, 8111137, 'navigator'),
(857, 4125206, 'flight attendant'),
(857, 1861309, 'flight attendant'),
(857, 655380, 'flight attendant'),
(857, 4217559, 'flight attendant'),
(857, 1326977, 'flight attendant'),
(858, 5107118, 'pilot'),
(858, 3681834, 'copilot'),
(858, 3381451, 'navigator'),
(858, 4125206, 'flight attendant'),
(858, 1861309, 'flight attendant'),
(859, 5640382, 'pilot'),
(859, 3681834, 'copilot'),
(859, 2710263, 'navigator'),
(859, 4125206, 'flight attendant'),
(859, 1861309, 'flight attendant'),
(859, 655380, 'flight attendant'),
(859, 4217559, 'flight attendant'),
(859, 1326977, 'flight attendant'),
(860, 3061029, 'pilot'),
(860, 452441, 'copilot'),
(860, 1839763, 'navigator'),
(860, 4125206, 'flight attendant'),
(860, 1861309, 'flight attendant'),
(860, 655380, 'flight attendant'),
(861, 3620488, 'pilot'),
(861, 3681834, 'copilot'),
(861, 2710263, 'navigator'),
(861, 4125206, 'flight attendant'),
(861, 1861309, 'flight attendant'),
(861, 655380, 'flight attendant'),
(862, 6232635, 'pilot'),
(862, 7776251, 'copilot'),
(862, 3381451, 'navigator'),
(862, 4125206, 'flight attendant'),
(862, 1861309, 'flight attendant'),
(862, 655380, 'flight attendant'),
(862, 4217559, 'flight attendant'),
(862, 1326977, 'flight attendant'),
(863, 6232635, 'pilot'),
(863, 847529, 'copilot'),
(863, 3381451, 'navigator'),
(863, 4125206, 'flight attendant'),
(863, 1861309, 'flight attendant'),
(863, 655380, 'flight attendant'),
(864, 5640382, 'pilot'),
(864, 3681834, 'copilot'),
(864, 8111137, 'navigator'),
(864, 4125206, 'flight attendant'),
(864, 1861309, 'flight attendant'),
(865, 3620488, 'pilot'),
(865, 7776251, 'copilot'),
(865, 2710263, 'navigator'),
(865, 4125206, 'flight attendant'),
(865, 1861309, 'flight attendant'),
(865, 655380, 'flight attendant'),
(865, 4217559, 'flight attendant'),
(865, 1326977, 'flight attendant'),
(866, 3061029, 'pilot'),
(866, 3681834, 'copilot'),
(866, 1839763, 'navigator'),
(866, 4125206, 'flight attendant'),
(866, 1861309, 'flight attendant'),
(867, 5107118, 'pilot'),
(867, 7776251, 'copilot'),
(867, 8111137, 'navigator'),
(867, 4125206, 'flight attendant'),
(867, 1861309, 'flight attendant'),
(867, 655380, 'flight attendant'),
(868, 3061029, 'pilot'),
(868, 847529, 'copilot'),
(868, 3381451, 'navigator'),
(868, 4125206, 'flight attendant'),
(868, 1861309, 'flight attendant'),
(869, 3620488, 'pilot'),
(869, 452441, 'copilot'),
(869, 2710263, 'navigator'),
(869, 4125206, 'flight attendant'),
(869, 1861309, 'flight attendant'),
(870, 5107118, 'pilot'),
(870, 452441, 'copilot'),
(870, 2710263, 'navigator'),
(870, 4125206, 'flight attendant'),
(870, 1861309, 'flight attendant'),
(870, 655380, 'flight attendant'),
(871, 5640382, 'pilot'),
(871, 452441, 'copilot'),
(871, 1839763, 'navigator'),
(871, 4125206, 'flight attendant'),
(871, 1861309, 'flight attendant'),
(871, 655380, 'flight attendant'),
(871, 4217559, 'flight attendant'),
(872, 3620488, 'pilot'),
(872, 847529, 'copilot'),
(872, 2710263, 'navigator'),
(872, 4125206, 'flight attendant'),
(872, 1861309, 'flight attendant'),
(872, 655380, 'flight attendant'),
(872, 4217559, 'flight attendant'),
(872, 1326977, 'flight attendant'),
(873, 5640382, 'pilot'),
(873, 847529, 'copilot'),
(873, 3381451, 'navigator'),
(873, 4125206, 'flight attendant'),
(873, 1861309, 'flight attendant'),
(873, 655380, 'flight attendant'),
(874, 5640382, 'pilot'),
(874, 452441, 'copilot'),
(874, 1839763, 'navigator'),
(874, 4125206, 'flight attendant'),
(874, 1861309, 'flight attendant'),
(874, 655380, 'flight attendant'),
(874, 4217559, 'flight attendant'),
(874, 1326977, 'flight attendant'),
(875, 3620488, 'pilot'),
(875, 3681834, 'copilot'),
(875, 1839763, 'navigator'),
(875, 4125206, 'flight attendant'),
(875, 1861309, 'flight attendant'),
(875, 655380, 'flight attendant'),
(875, 4217559, 'flight attendant'),
(876, 5640382, 'pilot'),
(876, 7776251, 'copilot'),
(876, 8111137, 'navigator'),
(876, 4125206, 'flight attendant'),
(876, 1861309, 'flight attendant'),
(876, 655380, 'flight attendant'),
(876, 4217559, 'flight attendant'),
(877, 6232635, 'pilot'),
(877, 7776251, 'copilot'),
(877, 2710263, 'navigator'),
(877, 4125206, 'flight attendant'),
(877, 1861309, 'flight attendant'),
(878, 5107118, 'pilot'),
(878, 3681834, 'copilot'),
(878, 8111137, 'navigator'),
(878, 4125206, 'flight attendant'),
(878, 1861309, 'flight attendant'),
(879, 5640382, 'pilot'),
(879, 7776251, 'copilot'),
(879, 8111137, 'navigator'),
(879, 4125206, 'flight attendant'),
(879, 1861309, 'flight attendant'),
(880, 5640382, 'pilot'),
(880, 452441, 'copilot'),
(880, 3381451, 'navigator'),
(880, 4125206, 'flight attendant'),
(880, 1861309, 'flight attendant'),
(880, 655380, 'flight attendant'),
(881, 5640382, 'pilot'),
(881, 847529, 'copilot'),
(881, 3381451, 'navigator'),
(881, 4125206, 'flight attendant'),
(881, 1861309, 'flight attendant'),
(881, 655380, 'flight attendant'),
(881, 4217559, 'flight attendant'),
(882, 5107118, 'pilot'),
(882, 7776251, 'copilot'),
(882, 1839763, 'navigator'),
(882, 4125206, 'flight attendant'),
(882, 1861309, 'flight attendant'),
(882, 655380, 'flight attendant'),
(882, 4217559, 'flight attendant'),
(882, 1326977, 'flight attendant'),
(883, 3620488, 'pilot'),
(883, 452441, 'copilot'),
(883, 2710263, 'navigator'),
(883, 4125206, 'flight attendant'),
(883, 1861309, 'flight attendant'),
(883, 655380, 'flight attendant'),
(883, 4217559, 'flight attendant'),
(884, 3620488, 'pilot'),
(884, 847529, 'copilot'),
(884, 1839763, 'navigator'),
(884, 4125206, 'flight attendant'),
(884, 1861309, 'flight attendant'),
(884, 655380, 'flight attendant'),
(884, 4217559, 'flight attendant'),
(885, 5107118, 'pilot'),
(885, 452441, 'copilot'),
(885, 1839763, 'navigator'),
(885, 4125206, 'flight attendant'),
(885, 1861309, 'flight attendant'),
(885, 655380, 'flight attendant'),
(886, 5640382, 'pilot'),
(886, 3681834, 'copilot'),
(886, 8111137, 'navigator'),
(886, 4125206, 'flight attendant'),
(886, 1861309, 'flight attendant'),
(886, 655380, 'flight attendant'),
(887, 3620488, 'pilot'),
(887, 3681834, 'copilot'),
(887, 1839763, 'navigator'),
(887, 4125206, 'flight attendant'),
(887, 1861309, 'flight attendant'),
(887, 655380, 'flight attendant'),
(888, 3061029, 'pilot'),
(888, 3681834, 'copilot'),
(888, 2710263, 'navigator'),
(888, 4125206, 'flight attendant'),
(888, 1861309, 'flight attendant'),
(888, 655380, 'flight attendant'),
(889, 6232635, 'pilot'),
(889, 3681834, 'copilot'),
(889, 2710263, 'navigator'),
(889, 4125206, 'flight attendant'),
(889, 1861309, 'flight attendant'),
(889, 655380, 'flight attendant'),
(889, 4217559, 'flight attendant'),
(890, 3620488, 'pilot'),
(890, 7776251, 'copilot'),
(890, 3381451, 'navigator'),
(890, 4125206, 'flight attendant'),
(890, 1861309, 'flight attendant'),
(891, 3620488, 'pilot'),
(891, 452441, 'copilot'),
(891, 3381451, 'navigator'),
(891, 4125206, 'flight attendant'),
(891, 1861309, 'flight attendant'),
(891, 655380, 'flight attendant'),
(892, 6232635, 'pilot'),
(892, 847529, 'copilot'),
(892, 2710263, 'navigator'),
(892, 4125206, 'flight attendant'),
(892, 1861309, 'flight attendant'),
(892, 655380, 'flight attendant'),
(893, 5640382, 'pilot'),
(893, 3681834, 'copilot'),
(893, 3381451, 'navigator'),
(893, 4125206, 'flight attendant'),
(893, 1861309, 'flight attendant'),
(894, 5640382, 'pilot'),
(894, 7776251, 'copilot'),
(894, 1839763, 'navigator'),
(894, 4125206, 'flight attendant'),
(894, 1861309, 'flight attendant'),
(894, 655380, 'flight attendant'),
(894, 4217559, 'flight attendant'),
(895, 3061029, 'pilot'),
(895, 7776251, 'copilot'),
(895, 3381451, 'navigator'),
(895, 4125206, 'flight attendant'),
(895, 1861309, 'flight attendant'),
(895, 655380, 'flight attendant'),
(895, 4217559, 'flight attendant'),
(896, 3620488, 'pilot'),
(896, 3681834, 'copilot'),
(896, 3381451, 'navigator'),
(896, 4125206, 'flight attendant'),
(896, 1861309, 'flight attendant'),
(896, 655380, 'flight attendant'),
(897, 3061029, 'pilot'),
(897, 452441, 'copilot'),
(897, 2710263, 'navigator'),
(897, 4125206, 'flight attendant'),
(897, 1861309, 'flight attendant'),
(898, 5640382, 'pilot'),
(898, 7776251, 'copilot'),
(898, 2710263, 'navigator'),
(898, 4125206, 'flight attendant'),
(898, 1861309, 'flight attendant'),
(899, 6232635, 'pilot'),
(899, 452441, 'copilot'),
(899, 3381451, 'navigator'),
(899, 4125206, 'flight attendant'),
(899, 1861309, 'flight attendant'),
(899, 655380, 'flight attendant'),
(899, 4217559, 'flight attendant'),
(899, 1326977, 'flight attendant'),
(900, 3061029, 'pilot'),
(900, 7776251, 'copilot'),
(900, 1839763, 'navigator'),
(900, 4125206, 'flight attendant'),
(900, 1861309, 'flight attendant'),
(900, 655380, 'flight attendant'),
(901, 5107118, 'pilot'),
(901, 452441, 'copilot'),
(901, 8111137, 'navigator'),
(901, 4125206, 'flight attendant'),
(901, 1861309, 'flight attendant'),
(901, 655380, 'flight attendant'),
(902, 3620488, 'pilot'),
(902, 3681834, 'copilot'),
(902, 1839763, 'navigator'),
(902, 4125206, 'flight attendant'),
(902, 1861309, 'flight attendant'),
(902, 655380, 'flight attendant'),
(903, 6232635, 'pilot'),
(903, 847529, 'copilot'),
(903, 3381451, 'navigator'),
(903, 4125206, 'flight attendant'),
(903, 1861309, 'flight attendant'),
(904, 3061029, 'pilot'),
(904, 7776251, 'copilot'),
(904, 1839763, 'navigator'),
(904, 4125206, 'flight attendant'),
(904, 1861309, 'flight attendant'),
(904, 655380, 'flight attendant'),
(904, 4217559, 'flight attendant'),
(905, 5640382, 'pilot'),
(905, 452441, 'copilot'),
(905, 2710263, 'navigator'),
(905, 4125206, 'flight attendant'),
(905, 1861309, 'flight attendant'),
(905, 655380, 'flight attendant'),
(906, 3061029, 'pilot'),
(906, 847529, 'copilot'),
(906, 8111137, 'navigator'),
(906, 4125206, 'flight attendant'),
(906, 1861309, 'flight attendant'),
(907, 5107118, 'pilot'),
(907, 847529, 'copilot'),
(907, 2710263, 'navigator'),
(907, 4125206, 'flight attendant'),
(907, 1861309, 'flight attendant'),
(908, 3620488, 'pilot'),
(908, 7776251, 'copilot'),
(908, 2710263, 'navigator'),
(908, 4125206, 'flight attendant'),
(908, 1861309, 'flight attendant'),
(908, 655380, 'flight attendant'),
(908, 4217559, 'flight attendant'),
(908, 1326977, 'flight attendant'),
(909, 5640382, 'pilot'),
(909, 847529, 'copilot'),
(909, 1839763, 'navigator'),
(909, 4125206, 'flight attendant'),
(909, 1861309, 'flight attendant'),
(910, 3061029, 'pilot'),
(910, 847529, 'copilot'),
(910, 3381451, 'navigator'),
(910, 4125206, 'flight attendant'),
(910, 1861309, 'flight attendant'),
(910, 655380, 'flight attendant'),
(911, 5640382, 'pilot'),
(911, 452441, 'copilot'),
(911, 2710263, 'navigator'),
(911, 4125206, 'flight attendant'),
(911, 1861309, 'flight attendant'),
(911, 655380, 'flight attendant'),
(911, 4217559, 'flight attendant'),
(912, 3061029, 'pilot'),
(912, 452441, 'copilot'),
(912, 1839763, 'navigator'),
(912, 4125206, 'flight attendant'),
(912, 1861309, 'flight attendant'),
(912, 655380, 'flight attendant'),
(912, 4217559, 'flight attendant'),
(913, 5640382, 'pilot'),
(913, 452441, 'copilot'),
(913, 1839763, 'navigator'),
(913, 4125206, 'flight attendant'),
(913, 1861309, 'flight attendant'),
(913, 655380, 'flight attendant'),
(913, 4217559, 'flight attendant'),
(913, 1326977, 'flight attendant'),
(914, 6232635, 'pilot'),
(914, 7776251, 'copilot'),
(914, 8111137, 'navigator'),
(914, 4125206, 'flight attendant'),
(914, 1861309, 'flight attendant'),
(914, 655380, 'flight attendant'),
(915, 5640382, 'pilot'),
(915, 452441, 'copilot'),
(915, 3381451, 'navigator'),
(915, 4125206, 'flight attendant'),
(915, 1861309, 'flight attendant'),
(915, 655380, 'flight attendant'),
(915, 4217559, 'flight attendant'),
(915, 1326977, 'flight attendant'),
(916, 5107118, 'pilot'),
(916, 452441, 'copilot'),
(916, 1839763, 'navigator'),
(916, 4125206, 'flight attendant'),
(916, 1861309, 'flight attendant'),
(917, 3620488, 'pilot'),
(917, 847529, 'copilot'),
(917, 8111137, 'navigator'),
(917, 4125206, 'flight attendant'),
(917, 1861309, 'flight attendant'),
(918, 3620488, 'pilot'),
(918, 847529, 'copilot'),
(918, 3381451, 'navigator'),
(918, 4125206, 'flight attendant'),
(918, 1861309, 'flight attendant'),
(919, 6232635, 'pilot'),
(919, 452441, 'copilot'),
(919, 1839763, 'navigator'),
(919, 4125206, 'flight attendant'),
(919, 1861309, 'flight attendant'),
(919, 655380, 'flight attendant'),
(919, 4217559, 'flight attendant'),
(919, 1326977, 'flight attendant'),
(920, 6232635, 'pilot'),
(920, 3681834, 'copilot'),
(920, 3381451, 'navigator'),
(920, 4125206, 'flight attendant'),
(920, 1861309, 'flight attendant'),
(920, 655380, 'flight attendant'),
(920, 4217559, 'flight attendant'),
(921, 3061029, 'pilot'),
(921, 847529, 'copilot'),
(921, 8111137, 'navigator'),
(921, 4125206, 'flight attendant'),
(921, 1861309, 'flight attendant'),
(921, 655380, 'flight attendant'),
(921, 4217559, 'flight attendant'),
(922, 5640382, 'pilot'),
(922, 452441, 'copilot'),
(922, 1839763, 'navigator'),
(922, 4125206, 'flight attendant'),
(922, 1861309, 'flight attendant'),
(922, 655380, 'flight attendant'),
(922, 4217559, 'flight attendant'),
(923, 3061029, 'pilot'),
(923, 452441, 'copilot'),
(923, 2710263, 'navigator'),
(923, 4125206, 'flight attendant'),
(923, 1861309, 'flight attendant'),
(924, 5107118, 'pilot'),
(924, 847529, 'copilot'),
(924, 1839763, 'navigator'),
(924, 4125206, 'flight attendant'),
(924, 1861309, 'flight attendant'),
(924, 655380, 'flight attendant'),
(924, 4217559, 'flight attendant'),
(924, 1326977, 'flight attendant'),
(925, 5640382, 'pilot'),
(925, 7776251, 'copilot'),
(925, 8111137, 'navigator'),
(925, 4125206, 'flight attendant'),
(925, 1861309, 'flight attendant'),
(926, 5640382, 'pilot'),
(926, 3681834, 'copilot'),
(926, 1839763, 'navigator'),
(926, 4125206, 'flight attendant'),
(926, 1861309, 'flight attendant'),
(926, 655380, 'flight attendant'),
(926, 4217559, 'flight attendant'),
(926, 1326977, 'flight attendant'),
(927, 3620488, 'pilot'),
(927, 7776251, 'copilot'),
(927, 1839763, 'navigator'),
(927, 4125206, 'flight attendant'),
(927, 1861309, 'flight attendant'),
(927, 655380, 'flight attendant'),
(927, 4217559, 'flight attendant'),
(927, 1326977, 'flight attendant'),
(928, 6232635, 'pilot'),
(928, 7776251, 'copilot'),
(928, 2710263, 'navigator'),
(928, 4125206, 'flight attendant'),
(928, 1861309, 'flight attendant'),
(929, 5107118, 'pilot'),
(929, 847529, 'copilot'),
(929, 8111137, 'navigator'),
(929, 4125206, 'flight attendant'),
(929, 1861309, 'flight attendant'),
(929, 655380, 'flight attendant'),
(930, 6232635, 'pilot'),
(930, 847529, 'copilot'),
(930, 8111137, 'navigator'),
(930, 4125206, 'flight attendant'),
(930, 1861309, 'flight attendant'),
(930, 655380, 'flight attendant'),
(930, 4217559, 'flight attendant'),
(930, 1326977, 'flight attendant'),
(931, 3620488, 'pilot'),
(931, 847529, 'copilot'),
(931, 2710263, 'navigator'),
(931, 4125206, 'flight attendant'),
(931, 1861309, 'flight attendant'),
(931, 655380, 'flight attendant'),
(931, 4217559, 'flight attendant'),
(932, 3620488, 'pilot'),
(932, 3681834, 'copilot'),
(932, 3381451, 'navigator'),
(932, 4125206, 'flight attendant'),
(932, 1861309, 'flight attendant'),
(932, 655380, 'flight attendant'),
(933, 6232635, 'pilot'),
(933, 7776251, 'copilot'),
(933, 2710263, 'navigator'),
(933, 4125206, 'flight attendant'),
(933, 1861309, 'flight attendant'),
(933, 655380, 'flight attendant'),
(934, 3061029, 'pilot'),
(934, 3681834, 'copilot'),
(934, 3381451, 'navigator'),
(934, 4125206, 'flight attendant'),
(934, 1861309, 'flight attendant'),
(934, 655380, 'flight attendant'),
(934, 4217559, 'flight attendant'),
(935, 5640382, 'pilot'),
(935, 847529, 'copilot'),
(935, 8111137, 'navigator'),
(935, 4125206, 'flight attendant'),
(935, 1861309, 'flight attendant'),
(936, 5640382, 'pilot'),
(936, 7776251, 'copilot'),
(936, 8111137, 'navigator'),
(936, 4125206, 'flight attendant'),
(936, 1861309, 'flight attendant'),
(936, 655380, 'flight attendant'),
(937, 3620488, 'pilot'),
(937, 3681834, 'copilot'),
(937, 2710263, 'navigator'),
(937, 4125206, 'flight attendant'),
(937, 1861309, 'flight attendant'),
(937, 655380, 'flight attendant'),
(937, 4217559, 'flight attendant'),
(937, 1326977, 'flight attendant'),
(938, 3061029, 'pilot'),
(938, 452441, 'copilot'),
(938, 3381451, 'navigator'),
(938, 4125206, 'flight attendant'),
(938, 1861309, 'flight attendant'),
(938, 655380, 'flight attendant'),
(939, 3620488, 'pilot'),
(939, 7776251, 'copilot'),
(939, 3381451, 'navigator'),
(939, 4125206, 'flight attendant'),
(939, 1861309, 'flight attendant'),
(939, 655380, 'flight attendant'),
(939, 4217559, 'flight attendant'),
(939, 1326977, 'flight attendant'),
(940, 5640382, 'pilot'),
(940, 7776251, 'copilot'),
(940, 1839763, 'navigator'),
(940, 4125206, 'flight attendant'),
(940, 1861309, 'flight attendant'),
(940, 655380, 'flight attendant'),
(941, 3620488, 'pilot'),
(941, 452441, 'copilot'),
(941, 2710263, 'navigator'),
(941, 4125206, 'flight attendant'),
(941, 1861309, 'flight attendant'),
(941, 655380, 'flight attendant'),
(941, 4217559, 'flight attendant'),
(941, 1326977, 'flight attendant'),
(942, 6232635, 'pilot'),
(942, 452441, 'copilot'),
(942, 3381451, 'navigator'),
(942, 4125206, 'flight attendant'),
(942, 1861309, 'flight attendant'),
(942, 655380, 'flight attendant'),
(942, 4217559, 'flight attendant'),
(942, 1326977, 'flight attendant'),
(943, 3061029, 'pilot'),
(943, 847529, 'copilot'),
(943, 8111137, 'navigator'),
(943, 4125206, 'flight attendant'),
(943, 1861309, 'flight attendant'),
(943, 655380, 'flight attendant'),
(943, 4217559, 'flight attendant'),
(943, 1326977, 'flight attendant'),
(944, 5107118, 'pilot'),
(944, 847529, 'copilot'),
(944, 1839763, 'navigator'),
(944, 4125206, 'flight attendant'),
(944, 1861309, 'flight attendant'),
(944, 655380, 'flight attendant'),
(945, 6232635, 'pilot'),
(945, 847529, 'copilot'),
(945, 3381451, 'navigator'),
(945, 4125206, 'flight attendant'),
(945, 1861309, 'flight attendant'),
(946, 6232635, 'pilot'),
(946, 7776251, 'copilot'),
(946, 2710263, 'navigator'),
(946, 4125206, 'flight attendant'),
(946, 1861309, 'flight attendant'),
(946, 655380, 'flight attendant'),
(947, 5107118, 'pilot'),
(947, 847529, 'copilot'),
(947, 1839763, 'navigator'),
(947, 4125206, 'flight attendant'),
(947, 1861309, 'flight attendant'),
(948, 3620488, 'pilot'),
(948, 847529, 'copilot'),
(948, 1839763, 'navigator'),
(948, 4125206, 'flight attendant'),
(948, 1861309, 'flight attendant'),
(948, 655380, 'flight attendant'),
(948, 4217559, 'flight attendant'),
(948, 1326977, 'flight attendant'),
(949, 6232635, 'pilot'),
(949, 452441, 'copilot'),
(949, 3381451, 'navigator'),
(949, 4125206, 'flight attendant'),
(949, 1861309, 'flight attendant'),
(949, 655380, 'flight attendant'),
(950, 3061029, 'pilot'),
(950, 3681834, 'copilot'),
(950, 8111137, 'navigator'),
(950, 4125206, 'flight attendant'),
(950, 1861309, 'flight attendant'),
(950, 655380, 'flight attendant'),
(950, 4217559, 'flight attendant'),
(950, 1326977, 'flight attendant'),
(951, 5107118, 'pilot'),
(951, 452441, 'copilot'),
(951, 1839763, 'navigator'),
(951, 4125206, 'flight attendant'),
(951, 1861309, 'flight attendant'),
(951, 655380, 'flight attendant'),
(951, 4217559, 'flight attendant'),
(952, 3620488, 'pilot'),
(952, 452441, 'copilot'),
(952, 2710263, 'navigator'),
(952, 4125206, 'flight attendant'),
(952, 1861309, 'flight attendant'),
(952, 655380, 'flight attendant'),
(952, 4217559, 'flight attendant'),
(952, 1326977, 'flight attendant'),
(953, 3061029, 'pilot'),
(953, 847529, 'copilot'),
(953, 3381451, 'navigator'),
(953, 4125206, 'flight attendant'),
(953, 1861309, 'flight attendant'),
(953, 655380, 'flight attendant'),
(953, 4217559, 'flight attendant'),
(953, 1326977, 'flight attendant'),
(954, 5107118, 'pilot'),
(954, 452441, 'copilot'),
(954, 3381451, 'navigator'),
(954, 4125206, 'flight attendant'),
(954, 1861309, 'flight attendant'),
(954, 655380, 'flight attendant'),
(954, 4217559, 'flight attendant'),
(954, 1326977, 'flight attendant'),
(955, 3061029, 'pilot'),
(955, 847529, 'copilot'),
(955, 2710263, 'navigator'),
(955, 4125206, 'flight attendant'),
(955, 1861309, 'flight attendant'),
(955, 655380, 'flight attendant'),
(955, 4217559, 'flight attendant'),
(956, 5107118, 'pilot'),
(956, 3681834, 'copilot'),
(956, 8111137, 'navigator'),
(956, 4125206, 'flight attendant'),
(956, 1861309, 'flight attendant'),
(956, 655380, 'flight attendant'),
(956, 4217559, 'flight attendant'),
(956, 1326977, 'flight attendant'),
(957, 5107118, 'pilot'),
(957, 452441, 'copilot'),
(957, 1839763, 'navigator'),
(957, 4125206, 'flight attendant'),
(957, 1861309, 'flight attendant'),
(957, 655380, 'flight attendant'),
(958, 3620488, 'pilot'),
(958, 847529, 'copilot'),
(958, 1839763, 'navigator'),
(958, 4125206, 'flight attendant'),
(958, 1861309, 'flight attendant'),
(958, 655380, 'flight attendant'),
(958, 4217559, 'flight attendant'),
(958, 1326977, 'flight attendant'),
(959, 5640382, 'pilot'),
(959, 7776251, 'copilot'),
(959, 3381451, 'navigator'),
(959, 4125206, 'flight attendant'),
(959, 1861309, 'flight attendant'),
(960, 5107118, 'pilot'),
(960, 452441, 'copilot'),
(960, 8111137, 'navigator'),
(960, 4125206, 'flight attendant'),
(960, 1861309, 'flight attendant'),
(960, 655380, 'flight attendant'),
(960, 4217559, 'flight attendant'),
(961, 3061029, 'pilot'),
(961, 7776251, 'copilot'),
(961, 8111137, 'navigator'),
(961, 4125206, 'flight attendant'),
(961, 1861309, 'flight attendant'),
(962, 3620488, 'pilot'),
(962, 452441, 'copilot'),
(962, 8111137, 'navigator'),
(962, 4125206, 'flight attendant'),
(962, 1861309, 'flight attendant'),
(962, 655380, 'flight attendant'),
(963, 5640382, 'pilot'),
(963, 3681834, 'copilot'),
(963, 1839763, 'navigator'),
(963, 4125206, 'flight attendant'),
(963, 1861309, 'flight attendant'),
(963, 655380, 'flight attendant'),
(963, 4217559, 'flight attendant'),
(964, 3620488, 'pilot'),
(964, 847529, 'copilot'),
(964, 8111137, 'navigator'),
(964, 4125206, 'flight attendant'),
(964, 1861309, 'flight attendant'),
(964, 655380, 'flight attendant'),
(964, 4217559, 'flight attendant'),
(965, 3620488, 'pilot'),
(965, 7776251, 'copilot'),
(965, 2710263, 'navigator'),
(965, 4125206, 'flight attendant'),
(965, 1861309, 'flight attendant'),
(966, 6232635, 'pilot'),
(966, 3681834, 'copilot'),
(966, 1839763, 'navigator'),
(966, 4125206, 'flight attendant'),
(966, 1861309, 'flight attendant'),
(966, 655380, 'flight attendant'),
(966, 4217559, 'flight attendant'),
(966, 1326977, 'flight attendant'),
(967, 3620488, 'pilot'),
(967, 847529, 'copilot'),
(967, 8111137, 'navigator'),
(967, 4125206, 'flight attendant'),
(967, 1861309, 'flight attendant'),
(967, 655380, 'flight attendant'),
(968, 5640382, 'pilot'),
(968, 3681834, 'copilot'),
(968, 8111137, 'navigator'),
(968, 4125206, 'flight attendant'),
(968, 1861309, 'flight attendant'),
(968, 655380, 'flight attendant'),
(968, 4217559, 'flight attendant'),
(969, 5107118, 'pilot'),
(969, 452441, 'copilot'),
(969, 1839763, 'navigator'),
(969, 4125206, 'flight attendant'),
(969, 1861309, 'flight attendant'),
(970, 3620488, 'pilot'),
(970, 847529, 'copilot'),
(970, 1839763, 'navigator'),
(970, 4125206, 'flight attendant'),
(970, 1861309, 'flight attendant'),
(970, 655380, 'flight attendant'),
(970, 4217559, 'flight attendant'),
(970, 1326977, 'flight attendant'),
(971, 3620488, 'pilot'),
(971, 3681834, 'copilot'),
(971, 3381451, 'navigator'),
(971, 4125206, 'flight attendant'),
(971, 1861309, 'flight attendant'),
(972, 6232635, 'pilot'),
(972, 3681834, 'copilot'),
(972, 2710263, 'navigator'),
(972, 4125206, 'flight attendant'),
(972, 1861309, 'flight attendant'),
(972, 655380, 'flight attendant'),
(973, 3620488, 'pilot'),
(973, 7776251, 'copilot'),
(973, 1839763, 'navigator'),
(973, 4125206, 'flight attendant'),
(973, 1861309, 'flight attendant'),
(974, 3061029, 'pilot'),
(974, 847529, 'copilot'),
(974, 2710263, 'navigator'),
(974, 4125206, 'flight attendant'),
(974, 1861309, 'flight attendant'),
(974, 655380, 'flight attendant'),
(974, 4217559, 'flight attendant'),
(974, 1326977, 'flight attendant'),
(975, 5640382, 'pilot'),
(975, 7776251, 'copilot'),
(975, 1839763, 'navigator'),
(975, 4125206, 'flight attendant'),
(975, 1861309, 'flight attendant'),
(975, 655380, 'flight attendant'),
(975, 4217559, 'flight attendant'),
(976, 5107118, 'pilot'),
(976, 452441, 'copilot'),
(976, 8111137, 'navigator'),
(976, 4125206, 'flight attendant'),
(976, 1861309, 'flight attendant'),
(976, 655380, 'flight attendant'),
(976, 4217559, 'flight attendant'),
(977, 3061029, 'pilot'),
(977, 452441, 'copilot'),
(977, 1839763, 'navigator'),
(977, 4125206, 'flight attendant'),
(977, 1861309, 'flight attendant'),
(977, 655380, 'flight attendant'),
(977, 4217559, 'flight attendant'),
(978, 3061029, 'pilot'),
(978, 7776251, 'copilot'),
(978, 2710263, 'navigator'),
(978, 4125206, 'flight attendant'),
(978, 1861309, 'flight attendant'),
(978, 655380, 'flight attendant'),
(978, 4217559, 'flight attendant'),
(978, 1326977, 'flight attendant'),
(979, 3620488, 'pilot'),
(979, 7776251, 'copilot'),
(979, 8111137, 'navigator'),
(979, 4125206, 'flight attendant'),
(979, 1861309, 'flight attendant'),
(979, 655380, 'flight attendant'),
(979, 4217559, 'flight attendant'),
(979, 1326977, 'flight attendant'),
(980, 5107118, 'pilot'),
(980, 452441, 'copilot'),
(980, 1839763, 'navigator'),
(980, 4125206, 'flight attendant'),
(980, 1861309, 'flight attendant'),
(980, 655380, 'flight attendant'),
(980, 4217559, 'flight attendant'),
(980, 1326977, 'flight attendant'),
(981, 6232635, 'pilot'),
(981, 847529, 'copilot'),
(981, 3381451, 'navigator'),
(981, 4125206, 'flight attendant'),
(981, 1861309, 'flight attendant'),
(981, 655380, 'flight attendant'),
(981, 4217559, 'flight attendant'),
(981, 1326977, 'flight attendant'),
(982, 6232635, 'pilot'),
(982, 3681834, 'copilot'),
(982, 1839763, 'navigator'),
(982, 4125206, 'flight attendant'),
(982, 1861309, 'flight attendant'),
(982, 655380, 'flight attendant'),
(982, 4217559, 'flight attendant'),
(983, 5107118, 'pilot'),
(983, 847529, 'copilot'),
(983, 1839763, 'navigator'),
(983, 4125206, 'flight attendant'),
(983, 1861309, 'flight attendant'),
(983, 655380, 'flight attendant'),
(983, 4217559, 'flight attendant'),
(983, 1326977, 'flight attendant'),
(984, 5107118, 'pilot'),
(984, 7776251, 'copilot'),
(984, 8111137, 'navigator'),
(984, 4125206, 'flight attendant'),
(984, 1861309, 'flight attendant'),
(985, 3061029, 'pilot'),
(985, 847529, 'copilot'),
(985, 8111137, 'navigator'),
(985, 4125206, 'flight attendant'),
(985, 1861309, 'flight attendant'),
(986, 6232635, 'pilot'),
(986, 3681834, 'copilot'),
(986, 1839763, 'navigator'),
(986, 4125206, 'flight attendant'),
(986, 1861309, 'flight attendant'),
(986, 655380, 'flight attendant'),
(987, 3620488, 'pilot'),
(987, 3681834, 'copilot'),
(987, 8111137, 'navigator'),
(987, 4125206, 'flight attendant'),
(987, 1861309, 'flight attendant'),
(987, 655380, 'flight attendant'),
(988, 5107118, 'pilot'),
(988, 847529, 'copilot'),
(988, 1839763, 'navigator'),
(988, 4125206, 'flight attendant'),
(988, 1861309, 'flight attendant'),
(988, 655380, 'flight attendant'),
(988, 4217559, 'flight attendant'),
(988, 1326977, 'flight attendant'),
(989, 3620488, 'pilot'),
(989, 3681834, 'copilot'),
(989, 3381451, 'navigator'),
(989, 4125206, 'flight attendant'),
(989, 1861309, 'flight attendant'),
(989, 655380, 'flight attendant'),
(989, 4217559, 'flight attendant'),
(989, 1326977, 'flight attendant'),
(990, 3620488, 'pilot'),
(990, 7776251, 'copilot'),
(990, 8111137, 'navigator'),
(990, 4125206, 'flight attendant'),
(990, 1861309, 'flight attendant'),
(990, 655380, 'flight attendant'),
(990, 4217559, 'flight attendant'),
(990, 1326977, 'flight attendant'),
(991, 3061029, 'pilot'),
(991, 847529, 'copilot'),
(991, 2710263, 'navigator'),
(991, 4125206, 'flight attendant'),
(991, 1861309, 'flight attendant'),
(991, 655380, 'flight attendant'),
(991, 4217559, 'flight attendant'),
(991, 1326977, 'flight attendant'),
(992, 6232635, 'pilot'),
(992, 452441, 'copilot'),
(992, 8111137, 'navigator'),
(992, 4125206, 'flight attendant'),
(992, 1861309, 'flight attendant'),
(992, 655380, 'flight attendant'),
(993, 3061029, 'pilot'),
(993, 452441, 'copilot'),
(993, 3381451, 'navigator'),
(993, 4125206, 'flight attendant'),
(993, 1861309, 'flight attendant'),
(993, 655380, 'flight attendant'),
(994, 6232635, 'pilot'),
(994, 452441, 'copilot'),
(994, 8111137, 'navigator'),
(994, 4125206, 'flight attendant'),
(994, 1861309, 'flight attendant'),
(994, 655380, 'flight attendant'),
(995, 3061029, 'pilot'),
(995, 847529, 'copilot'),
(995, 2710263, 'navigator'),
(995, 4125206, 'flight attendant'),
(995, 1861309, 'flight attendant'),
(995, 655380, 'flight attendant'),
(996, 6232635, 'pilot'),
(996, 452441, 'copilot'),
(996, 3381451, 'navigator'),
(996, 4125206, 'flight attendant'),
(996, 1861309, 'flight attendant'),
(997, 3620488, 'pilot'),
(997, 847529, 'copilot'),
(997, 3381451, 'navigator'),
(997, 4125206, 'flight attendant'),
(997, 1861309, 'flight attendant'),
(997, 655380, 'flight attendant'),
(998, 3061029, 'pilot'),
(998, 7776251, 'copilot'),
(998, 8111137, 'navigator'),
(998, 4125206, 'flight attendant'),
(998, 1861309, 'flight attendant'),
(998, 655380, 'flight attendant'),
(999, 3061029, 'pilot'),
(999, 7776251, 'copilot'),
(999, 3381451, 'navigator'),
(999, 4125206, 'flight attendant'),
(999, 1861309, 'flight attendant'),
(999, 655380, 'flight attendant');

select * from flightcrew_crewmember;